date,t1,c1,p1,sal,sv
20211003T000000.714Z,9.4602,3.3995,97.318,31.2671,1484.917
20211003T000001.733Z,9.4604,3.3995,97.318,31.267,1484.917
20211003T000002.714Z,9.4604,3.39949,97.318,31.267,1484.917
20211003T000003.756Z,9.4604,3.39949,97.318,31.2669,1484.917
20211003T000004.713Z,9.4603,3.39949,97.318,31.267,1484.917
20211003T000005.741Z,9.4602,3.39949,97.318,31.267,1484.917
20211003T000006.714Z,9.4601,3.39947,97.318,31.2669,1484.916
20211003T000007.723Z,9.46,3.39949,97.318,31.2671,1484.916
20211003T000008.714Z,9.46,3.39948,97.318,31.2671,1484.916
20211003T000009.777Z,9.4601,3.3995,97.318,31.2672,1484.917
20211003T000010.720Z,9.4603,3.39949,97.319,31.2669,1484.917
20211003T000011.721Z,9.4604,3.39948,97.317,31.2668,1484.917
20211003T000012.714Z,9.4603,3.39949,97.318,31.2669,1484.917
20211003T000013.716Z,9.4601,3.39948,97.318,31.267,1484.916
20211003T000014.716Z,9.4598,3.39949,97.318,31.2674,1484.916
20211003T000015.726Z,9.4596,3.39948,97.318,31.2675,1484.915
20211003T000016.715Z,9.4594,3.39949,97.317,31.2677,1484.914
20211003T000017.720Z,9.4593,3.39949,97.318,31.2678,1484.914
20211003T000018.717Z,9.4593,3.39948,97.319,31.2678,1484.914
20211003T000019.760Z,9.4593,3.39949,97.317,31.2678,1484.914
20211003T000020.714Z,9.4592,3.39947,97.317,31.2677,1484.914
20211003T000021.739Z,9.4593,3.39946,97.318,31.2676,1484.914
20211003T000022.716Z,9.4593,3.39946,97.316,31.2675,1484.914
20211003T000023.740Z,9.4593,3.39945,97.317,31.2674,1484.914
20211003T000024.715Z,9.4593,3.39944,97.318,31.2673,1484.914
20211003T000025.795Z,9.4592,3.39945,97.318,31.2675,1484.913
20211003T000026.714Z,9.4591,3.39944,97.317,31.2675,1484.913
20211003T000027.756Z,9.4591,3.39944,97.317,31.2674,1484.913
20211003T000028.714Z,9.4592,3.39943,97.318,31.2673,1484.913
20211003T000029.899Z,9.4593,3.39943,97.318,31.2672,1484.913
20211003T000030.716Z,9.4593,3.39942,97.318,31.2671,1484.914
20211003T000031.722Z,9.4593,3.39943,97.317,31.2672,1484.913
20211003T000032.715Z,9.4592,3.39944,97.317,31.2674,1484.913
20211003T000033.780Z,9.4592,3.39945,97.317,31.2676,1484.913
20211003T000034.715Z,9.4594,3.39947,97.318,31.2676,1484.914
20211003T000035.721Z,9.4597,3.3995,97.318,31.2675,1484.916
20211003T000036.715Z,9.46,3.39951,97.317,31.2674,1484.916
20211003T000037.812Z,9.4603,3.39953,97.318,31.2674,1484.917
20211003T000038.714Z,9.4605,3.39955,97.317,31.2674,1484.918
20211003T000039.808Z,9.4608,3.39957,97.317,31.2673,1484.919
20211003T000040.714Z,9.4609,3.39958,97.318,31.2673,1484.92
20211003T000041.734Z,9.461,3.39958,97.317,31.2673,1484.92
20211003T000042.713Z,9.461,3.39959,97.317,31.2674,1484.92
20211003T000043.805Z,9.461,3.39959,97.317,31.2674,1484.92
20211003T000044.714Z,9.4611,3.3996,97.317,31.2674,1484.921
20211003T000045.753Z,9.4613,3.39961,97.317,31.2673,1484.921
20211003T000046.715Z,9.4613,3.3996,97.317,31.2672,1484.921
20211003T000047.784Z,9.4612,3.3996,97.318,31.2672,1484.921
20211003T000048.715Z,9.4613,3.39959,97.317,31.2671,1484.921
20211003T000049.786Z,9.4613,3.3996,97.318,31.2672,1484.921
20211003T000050.715Z,9.4615,3.39959,97.317,31.267,1484.921
20211003T000051.767Z,9.4614,3.39959,97.317,31.267,1484.921
20211003T000052.714Z,9.4613,3.3996,97.317,31.2672,1484.921
20211003T000053.868Z,9.4614,3.39959,97.317,31.267,1484.921
20211003T000054.728Z,9.4614,3.39959,97.317,31.267,1484.921
20211003T000055.805Z,9.4616,3.39959,97.316,31.2668,1484.921
20211003T000056.719Z,9.4618,3.39958,97.316,31.2666,1484.922
20211003T000057.752Z,9.4621,3.39959,97.317,31.2664,1484.923
20211003T000058.715Z,9.4622,3.39959,97.317,31.2663,1484.923
20211003T000059.810Z,9.4622,3.39958,97.317,31.2662,1484.923
20211003T000100.716Z,9.462,3.39958,97.316,31.2664,1484.922
20211003T000101.767Z,9.4618,3.39959,97.317,31.2667,1484.922
20211003T000102.713Z,9.4615,3.39959,97.317,31.2669,1484.921
20211003T000103.721Z,9.4612,3.3996,97.317,31.2673,1484.921
20211003T000104.716Z,9.4612,3.3996,97.317,31.2673,1484.921
20211003T000105.736Z,9.4612,3.3996,97.316,31.2672,1484.921
20211003T000106.713Z,9.4613,3.39959,97.317,31.2672,1484.921
20211003T000107.745Z,9.4613,3.39961,97.316,31.2673,1484.921
20211003T000108.716Z,9.4612,3.39961,97.316,31.2674,1484.921
20211003T000109.769Z,9.4612,3.3996,97.316,31.2673,1484.921
20211003T000110.714Z,9.4613,3.39961,97.317,31.2673,1484.921
20211003T000111.718Z,9.4614,3.39962,97.318,31.2673,1484.921
20211003T000112.714Z,9.4616,3.39961,97.316,31.2671,1484.922
20211003T000113.719Z,9.4617,3.39961,97.316,31.2669,1484.922
20211003T000114.715Z,9.4619,3.39961,97.317,31.2667,1484.923
20211003T000115.718Z,9.4621,3.3996,97.316,31.2665,1484.923
20211003T000116.715Z,9.4621,3.39961,97.315,31.2666,1484.923
20211003T000117.793Z,9.4622,3.39962,97.317,31.2666,1484.924
20211003T000118.729Z,9.4622,3.39961,97.317,31.2665,1484.924
20211003T000119.724Z,9.4622,3.39963,97.317,31.2667,1484.924
20211003T000120.714Z,9.4623,3.39962,97.318,31.2666,1484.924
20211003T000121.738Z,9.4624,3.39963,97.316,31.2665,1484.924
20211003T000122.713Z,9.4625,3.39963,97.316,31.2665,1484.924
20211003T000123.723Z,9.4625,3.39962,97.317,31.2664,1484.924
20211003T000124.715Z,9.4626,3.39962,97.317,31.2663,1484.925
20211003T000125.770Z,9.4626,3.39963,97.316,31.2664,1484.924
20211003T000126.713Z,9.4627,3.39964,97.317,31.2664,1484.925
20211003T000127.718Z,9.4627,3.39963,97.315,31.2663,1484.925
20211003T000128.714Z,9.4625,3.39964,97.316,31.2666,1484.924
20211003T000129.761Z,9.4625,3.39965,97.316,31.2667,1484.925
20211003T000130.714Z,9.4626,3.39965,97.316,31.2666,1484.925
20211003T000131.718Z,9.4627,3.39967,97.317,31.2667,1484.925
20211003T000132.714Z,9.4628,3.39967,97.316,31.2666,1484.926
20211003T000133.798Z,9.463,3.39967,97.317,31.2665,1484.926
20211003T000134.714Z,9.4632,3.39967,97.316,31.2663,1484.927
20211003T000135.746Z,9.4631,3.39967,97.317,31.2664,1484.927
20211003T000136.714Z,9.4631,3.39966,97.316,31.2662,1484.926
20211003T000137.798Z,9.4632,3.39966,97.317,31.2662,1484.927
20211003T000138.714Z,9.463,3.39965,97.317,31.2662,1484.926
20211003T000139.763Z,9.4629,3.39966,97.317,31.2664,1484.926
20211003T000140.714Z,9.463,3.39966,97.316,31.2663,1484.926
20211003T000141.723Z,9.4633,3.39965,97.316,31.266,1484.927
20211003T000142.719Z,9.4634,3.39967,97.317,31.266,1484.927
20211003T000143.729Z,9.4634,3.39967,97.317,31.2661,1484.927
20211003T000144.724Z,9.4633,3.39966,97.317,31.2661,1484.927
20211003T000145.750Z,9.4632,3.39967,97.317,31.2663,1484.927
20211003T000146.716Z,9.463,3.39966,97.316,31.2663,1484.926
20211003T000147.732Z,9.4629,3.39966,97.317,31.2664,1484.926
20211003T000148.715Z,9.4628,3.39966,97.318,31.2665,1484.926
20211003T000149.782Z,9.4629,3.39967,97.316,31.2665,1484.926
20211003T000150.716Z,9.4629,3.39967,97.317,31.2666,1484.926
20211003T000151.768Z,9.463,3.39966,97.316,31.2664,1484.926
20211003T000152.716Z,9.4631,3.39966,97.317,31.2662,1484.927
20211003T000153.717Z,9.4632,3.39966,97.316,31.2662,1484.927
20211003T000154.714Z,9.4633,3.39966,97.316,31.2661,1484.927
20211003T000155.722Z,9.4633,3.39966,97.317,31.2661,1484.927
20211003T000156.714Z,9.4633,3.39967,97.317,31.2662,1484.927
20211003T000157.771Z,9.4633,3.39966,97.316,31.2661,1484.927
20211003T000158.714Z,9.4633,3.39967,97.316,31.2661,1484.927
20211003T000159.774Z,9.4633,3.39966,97.316,31.266,1484.927
20211003T000200.714Z,9.4634,3.39966,97.316,31.2659,1484.927
20211003T000201.725Z,9.4635,3.39964,97.318,31.2657,1484.927
20211003T000202.714Z,9.4636,3.39964,97.316,31.2656,1484.927
20211003T000203.764Z,9.4636,3.39962,97.316,31.2654,1484.927
20211003T000204.713Z,9.4635,3.39962,97.316,31.2655,1484.927
20211003T000205.735Z,9.4633,3.39962,97.316,31.2656,1484.926
20211003T000206.713Z,9.4632,3.39961,97.316,31.2656,1484.926
20211003T000207.801Z,9.4631,3.39961,97.316,31.2658,1484.926
20211003T000208.715Z,9.4632,3.39961,97.316,31.2657,1484.926
20211003T000209.810Z,9.4632,3.39961,97.316,31.2657,1484.926
20211003T000210.714Z,9.4632,3.39961,97.316,31.2656,1484.926
20211003T000211.721Z,9.4631,3.39962,97.317,31.2659,1484.926
20211003T000212.713Z,9.4627,3.39962,97.316,31.2662,1484.925
20211003T000213.719Z,9.4624,3.39963,97.316,31.2665,1484.924
20211003T000214.714Z,9.462,3.39961,97.316,31.2667,1484.923
20211003T000215.766Z,9.4618,3.39962,97.316,31.2669,1484.922
20211003T000216.715Z,9.4617,3.39961,97.316,31.267,1484.922
20211003T000217.739Z,9.4615,3.39962,97.315,31.2672,1484.922
20211003T000218.714Z,9.4614,3.39961,97.316,31.2673,1484.921
20211003T000219.807Z,9.4611,3.39962,97.315,31.2675,1484.921
20211003T000220.716Z,9.4611,3.39961,97.315,31.2675,1484.921
20211003T000221.730Z,9.4613,3.39961,97.316,31.2673,1484.921
20211003T000222.714Z,9.461,3.39963,97.316,31.2678,1484.92
20211003T000223.741Z,9.4607,3.39964,97.316,31.2681,1484.92
20211003T000224.719Z,9.4608,3.39963,97.316,31.2679,1484.92
20211003T000225.721Z,9.461,3.39964,97.315,31.2679,1484.921
20211003T000226.713Z,9.4612,3.39964,97.315,31.2676,1484.921
20211003T000227.751Z,9.4615,3.39965,97.315,31.2676,1484.922
20211003T000228.719Z,9.4619,3.39965,97.315,31.2671,1484.923
20211003T000229.747Z,9.4621,3.39965,97.316,31.267,1484.924
20211003T000230.714Z,9.4623,3.39965,97.315,31.2669,1484.924
20211003T000231.734Z,9.4625,3.39965,97.315,31.2667,1484.925
20211003T000232.717Z,9.4626,3.39965,97.315,31.2666,1484.925
20211003T000233.771Z,9.4628,3.39967,97.315,31.2666,1484.926
20211003T000234.715Z,9.463,3.39969,97.316,31.2666,1484.926
20211003T000235.719Z,9.4631,3.39969,97.315,31.2665,1484.927
20211003T000236.715Z,9.4632,3.3997,97.314,31.2666,1484.927
20211003T000237.716Z,9.4632,3.3997,97.315,31.2665,1484.927
20211003T000238.715Z,9.4632,3.39971,97.315,31.2666,1484.927
20211003T000239.737Z,9.4632,3.39972,97.316,31.2668,1484.927
20211003T000240.715Z,9.4633,3.39972,97.315,31.2667,1484.927
20211003T000241.728Z,9.4634,3.39973,97.316,31.2667,1484.928
20211003T000242.716Z,9.4636,3.39972,97.315,31.2664,1484.928
20211003T000243.716Z,9.4639,3.39971,97.315,31.266,1484.929
20211003T000244.715Z,9.4641,3.39971,97.315,31.266,1484.93
20211003T000245.728Z,9.4641,3.3997,97.315,31.2657,1484.929
20211003T000246.713Z,9.464,3.3997,97.314,31.2658,1484.929
20211003T000247.725Z,9.4639,3.39969,97.315,31.2659,1484.929
20211003T000248.715Z,9.4637,3.39968,97.316,31.2659,1484.928
20211003T000249.722Z,9.4635,3.39969,97.316,31.2662,1484.928
20211003T000250.715Z,9.4634,3.39969,97.315,31.2663,1484.927
20211003T000251.717Z,9.4634,3.39968,97.315,31.2662,1484.927
20211003T000252.714Z,9.4634,3.39968,97.315,31.2662,1484.927
20211003T000253.839Z,9.4636,3.39969,97.315,31.2662,1484.928
20211003T000254.713Z,9.4637,3.39969,97.315,31.266,1484.928
20211003T000255.777Z,9.4638,3.39969,97.316,31.266,1484.928
20211003T000256.728Z,9.4637,3.3997,97.315,31.2661,1484.928
20211003T000257.792Z,9.4637,3.39971,97.315,31.2663,1484.928
20211003T000258.713Z,9.4636,3.39973,97.315,31.2665,1484.928
20211003T000259.776Z,9.4636,3.39973,97.314,31.2666,1484.928
20211003T000300.715Z,9.4636,3.39972,97.315,31.2665,1484.928
20211003T000301.800Z,9.4634,3.39973,97.315,31.2667,1484.928
20211003T000302.715Z,9.4633,3.39973,97.315,31.2667,1484.928
20211003T000303.718Z,9.4633,3.39971,97.314,31.2666,1484.927
20211003T000304.715Z,9.4633,3.39971,97.314,31.2666,1484.927
20211003T000305.753Z,9.4631,3.39973,97.315,31.2669,1484.927
20211003T000306.715Z,9.463,3.39972,97.316,31.267,1484.927
20211003T000307.762Z,9.463,3.39973,97.315,31.267,1484.927
20211003T000308.715Z,9.463,3.39972,97.314,31.267,1484.927
20211003T000309.758Z,9.4629,3.39971,97.315,31.267,1484.926
20211003T000310.719Z,9.4627,3.39971,97.315,31.2671,1484.926
20211003T000311.719Z,9.4627,3.39972,97.316,31.2672,1484.926
20211003T000312.715Z,9.4626,3.39971,97.315,31.2672,1484.926
20211003T000313.753Z,9.4626,3.39971,97.314,31.2672,1484.926
20211003T000314.717Z,9.4627,3.39971,97.316,31.2671,1484.926
20211003T000315.813Z,9.4626,3.39972,97.314,31.2672,1484.926
20211003T000316.714Z,9.4626,3.39972,97.314,31.2673,1484.926
20211003T000317.726Z,9.4626,3.39971,97.314,31.2672,1484.925
20211003T000318.717Z,9.4624,3.39971,97.314,31.2674,1484.925
20211003T000319.759Z,9.4622,3.39971,97.314,31.2675,1484.924
20211003T000320.728Z,9.4619,3.39971,97.315,31.2678,1484.924
20211003T000321.735Z,9.4615,3.39971,97.314,31.2682,1484.923
20211003T000322.714Z,9.4611,3.39971,97.314,31.2685,1484.922
20211003T000323.795Z,9.4606,3.3997,97.314,31.2688,1484.92
20211003T000324.714Z,9.4602,3.39969,97.313,31.2691,1484.919
20211003T000325.746Z,9.4599,3.3997,97.314,31.2694,1484.919
20211003T000326.713Z,9.4597,3.39968,97.314,31.2694,1484.918
20211003T000327.775Z,9.4599,3.39968,97.313,31.2692,1484.918
20211003T000328.713Z,9.4603,3.39968,97.314,31.2689,1484.919
20211003T000329.733Z,9.4606,3.39966,97.314,31.2685,1484.92
20211003T000330.715Z,9.4607,3.39968,97.314,31.2685,1484.92
20211003T000331.768Z,9.4606,3.39967,97.314,31.2685,1484.92
20211003T000332.714Z,9.4605,3.39967,97.314,31.2687,1484.92
20211003T000333.721Z,9.4606,3.39967,97.313,31.2685,1484.92
20211003T000334.714Z,9.4608,3.39968,97.313,31.2684,1484.921
20211003T000335.858Z,9.4611,3.39969,97.313,31.2683,1484.921
20211003T000336.715Z,9.4613,3.39968,97.313,31.2681,1484.922
20211003T000337.715Z,9.4613,3.3997,97.313,31.2682,1484.922
20211003T000338.713Z,9.4615,3.3997,97.313,31.2681,1484.923
20211003T000339.721Z,9.4616,3.3997,97.314,31.2679,1484.923
20211003T000340.713Z,9.4617,3.3997,97.313,31.2679,1484.923
20211003T000341.731Z,9.4616,3.39969,97.313,31.2679,1484.923
20211003T000342.714Z,9.4615,3.39969,97.313,31.2679,1484.923
20211003T000343.766Z,9.4615,3.39969,97.313,31.2679,1484.923
20211003T000344.728Z,9.4616,3.3997,97.313,31.2679,1484.923
20211003T000345.807Z,9.4616,3.3997,97.313,31.2679,1484.923
20211003T000346.714Z,9.4616,3.3997,97.314,31.268,1484.923
20211003T000347.749Z,9.4617,3.3997,97.313,31.2679,1484.923
20211003T000348.716Z,9.4618,3.39971,97.313,31.2679,1484.924
20211003T000349.718Z,9.4617,3.3997,97.312,31.2678,1484.923
20211003T000350.714Z,9.4617,3.3997,97.313,31.2678,1484.923
20211003T000351.728Z,9.4618,3.3997,97.312,31.2678,1484.923
20211003T000352.713Z,9.4617,3.3997,97.313,31.2679,1484.923
20211003T000353.724Z,9.4617,3.3997,97.312,31.2678,1484.923
20211003T000354.715Z,9.4617,3.39969,97.313,31.2677,1484.923
20211003T000355.763Z,9.4618,3.3997,97.312,31.2678,1484.923
20211003T000356.719Z,9.4621,3.3997,97.312,31.2676,1484.924
20211003T000357.758Z,9.4625,3.3997,97.312,31.2672,1484.925
20211003T000358.713Z,9.4626,3.3997,97.313,31.2671,1484.926
20211003T000359.765Z,9.4625,3.39971,97.313,31.2673,1484.925
20211003T000400.716Z,9.4623,3.3997,97.312,31.2674,1484.925
20211003T000401.773Z,9.4623,3.39969,97.313,31.2673,1484.925
20211003T000402.714Z,9.4622,3.3997,97.312,31.2674,1484.924
20211003T000403.717Z,9.4621,3.39969,97.312,31.2674,1484.924
20211003T000404.716Z,9.462,3.3997,97.312,31.2676,1484.924
20211003T000405.767Z,9.4619,3.3997,97.312,31.2677,1484.924
20211003T000406.714Z,9.4618,3.3997,97.312,31.2678,1484.923
20211003T000407.739Z,9.4616,3.3997,97.313,31.2679,1484.923
20211003T000408.714Z,9.4616,3.3997,97.313,31.268,1484.923
20211003T000409.733Z,9.4615,3.3997,97.312,31.268,1484.923
20211003T000410.716Z,9.4615,3.39969,97.312,31.268,1484.922
20211003T000411.793Z,9.4615,3.3997,97.313,31.268,1484.923
20211003T000412.714Z,9.4615,3.3997,97.312,31.2681,1484.923
20211003T000413.718Z,9.4616,3.3997,97.312,31.268,1484.923
20211003T000414.713Z,9.4616,3.39969,97.312,31.2679,1484.923
20211003T000415.768Z,9.4616,3.39969,97.311,31.2678,1484.923
20211003T000416.716Z,9.4615,3.39968,97.312,31.2678,1484.922
20211003T000417.735Z,9.4616,3.39968,97.312,31.2677,1484.923
20211003T000418.713Z,9.4619,3.39967,97.311,31.2675,1484.923
20211003T000419.761Z,9.462,3.39964,97.312,31.267,1484.923
20211003T000420.713Z,9.4619,3.39965,97.312,31.2671,1484.923
20211003T000421.735Z,9.4619,3.39963,97.311,31.267,1484.923
20211003T000422.713Z,9.4618,3.39963,97.311,31.267,1484.922
20211003T000423.767Z,9.4617,3.39963,97.312,31.2671,1484.922
20211003T000424.715Z,9.4616,3.39963,97.311,31.2672,1484.922
20211003T000425.727Z,9.4616,3.39962,97.311,31.2672,1484.922
20211003T000426.713Z,9.4615,3.39962,97.311,31.2673,1484.922
20211003T000427.721Z,9.4613,3.39961,97.311,31.2673,1484.921
20211003T000428.713Z,9.4612,3.39961,97.311,31.2673,1484.921
20211003T000429.775Z,9.461,3.3996,97.312,31.2675,1484.92
20211003T000430.714Z,9.461,3.3996,97.311,31.2674,1484.92
20211003T000431.805Z,9.4611,3.39959,97.311,31.2672,1484.92
20211003T000432.717Z,9.4611,3.39958,97.311,31.2672,1484.92
20211003T000433.764Z,9.4611,3.39959,97.311,31.2673,1484.92
20211003T000434.715Z,9.4611,3.39958,97.31,31.2672,1484.92
20211003T000435.719Z,9.4611,3.39957,97.31,31.2671,1484.92
20211003T000436.722Z,9.461,3.39957,97.31,31.2672,1484.92
20211003T000437.789Z,9.4608,3.39957,97.311,31.2674,1484.919
20211003T000438.720Z,9.4608,3.39956,97.311,31.2672,1484.919
20211003T000439.809Z,9.4608,3.39956,97.311,31.2672,1484.919
20211003T000440.729Z,9.4608,3.39954,97.311,31.267,1484.919
20211003T000441.770Z,9.4608,3.39955,97.311,31.2671,1484.919
20211003T000442.719Z,9.4608,3.39956,97.311,31.2673,1484.919
20211003T000443.824Z,9.4608,3.39955,97.311,31.2672,1484.919
20211003T000444.734Z,9.4607,3.39957,97.31,31.2674,1484.919
20211003T000445.738Z,9.4604,3.39956,97.312,31.2676,1484.918
20211003T000446.715Z,9.4601,3.39958,97.311,31.268,1484.918
20211003T000447.736Z,9.4597,3.39958,97.311,31.2684,1484.917
20211003T000448.717Z,9.4597,3.39958,97.311,31.2684,1484.916
20211003T000449.743Z,9.4599,3.39958,97.311,31.2682,1484.917
20211003T000450.717Z,9.4601,3.39959,97.31,31.2681,1484.918
20211003T000451.722Z,9.4603,3.39959,97.311,31.268,1484.918
20211003T000452.714Z,9.4603,3.39959,97.311,31.2679,1484.918
20211003T000453.758Z,9.4602,3.39957,97.311,31.2679,1484.918
20211003T000454.714Z,9.4606,3.39957,97.31,31.2675,1484.919
20211003T000455.730Z,9.4609,3.39958,97.31,31.2673,1484.92
20211003T000456.714Z,9.4609,3.39959,97.311,31.2674,1484.92
20211003T000457.778Z,9.4609,3.39958,97.31,31.2673,1484.92
20211003T000458.729Z,9.4609,3.39959,97.31,31.2674,1484.92
20211003T000459.731Z,9.4609,3.39958,97.311,31.2673,1484.92
20211003T000500.714Z,9.4608,3.39958,97.311,31.2674,1484.92
20211003T000501.755Z,9.4609,3.39961,97.31,31.2676,1484.92
20211003T000502.715Z,9.4608,3.39961,97.311,31.2678,1484.92
20211003T000503.804Z,9.4606,3.39961,97.31,31.2679,1484.919
20211003T000504.714Z,9.4604,3.39963,97.31,31.2682,1484.919
20211003T000505.728Z,9.4604,3.39963,97.309,31.2683,1484.919
20211003T000506.714Z,9.4605,3.39965,97.31,31.2684,1484.919
20211003T000507.730Z,9.4606,3.39964,97.31,31.2682,1484.92
20211003T000508.714Z,9.4608,3.39965,97.31,31.2681,1484.92
20211003T000509.809Z,9.4611,3.39964,97.311,31.2678,1484.921
20211003T000510.713Z,9.4612,3.39964,97.311,31.2677,1484.921
20211003T000511.719Z,9.4611,3.39964,97.311,31.2678,1484.921
20211003T000512.714Z,9.461,3.39963,97.31,31.2678,1484.92
20211003T000513.748Z,9.461,3.39962,97.31,31.2677,1484.92
20211003T000514.714Z,9.4607,3.39961,97.31,31.2678,1484.919
20211003T000515.740Z,9.4603,3.39959,97.31,31.2679,1484.918
20211003T000516.714Z,9.4601,3.39958,97.31,31.2681,1484.917
20211003T000517.753Z,9.4597,3.39955,97.31,31.2681,1484.916
20211003T000518.715Z,9.4597,3.39953,97.31,31.2679,1484.916
20211003T000519.758Z,9.4597,3.39951,97.31,31.2677,1484.916
20211003T000520.714Z,9.4594,3.39949,97.309,31.2677,1484.915
20211003T000521.723Z,9.4594,3.39947,97.31,31.2676,1484.914
20211003T000522.729Z,9.4597,3.39947,97.31,31.2674,1484.915
20211003T000523.734Z,9.4595,3.39947,97.309,31.2674,1484.915
20211003T000524.720Z,9.4593,3.39947,97.309,31.2676,1484.914
20211003T000525.788Z,9.4593,3.39948,97.309,31.2678,1484.914
20211003T000526.714Z,9.4595,3.3995,97.309,31.2678,1484.915
20211003T000527.740Z,9.4595,3.39951,97.309,31.2679,1484.915
20211003T000528.720Z,9.4596,3.39952,97.31,31.2679,1484.915
20211003T000529.790Z,9.4596,3.39953,97.309,31.2679,1484.915
20211003T000530.714Z,9.4596,3.39953,97.31,31.268,1484.916
20211003T000531.753Z,9.4597,3.39953,97.309,31.2679,1484.916
20211003T000532.718Z,9.4599,3.39953,97.31,31.2677,1484.916
20211003T000533.777Z,9.4602,3.39952,97.309,31.2673,1484.917
20211003T000534.714Z,9.4605,3.39951,97.309,31.267,1484.918
20211003T000535.717Z,9.4606,3.39952,97.309,31.2669,1484.918
20211003T000536.714Z,9.4604,3.39953,97.309,31.2672,1484.918
20211003T000537.716Z,9.4598,3.39952,97.309,31.2676,1484.916
20211003T000538.713Z,9.4598,3.39951,97.309,31.2676,1484.916
20211003T000539.752Z,9.4599,3.39951,97.309,31.2674,1484.916
20211003T000540.714Z,9.4601,3.39951,97.308,31.2673,1484.917
20211003T000541.728Z,9.4602,3.39949,97.308,31.2671,1484.916
20211003T000542.714Z,9.4601,3.39951,97.309,31.2673,1484.917
20211003T000543.800Z,9.46,3.3995,97.31,31.2674,1484.916
20211003T000544.714Z,9.4597,3.3995,97.309,31.2676,1484.915
20211003T000545.769Z,9.4595,3.39951,97.308,31.2678,1484.915
20211003T000546.729Z,9.4597,3.3995,97.309,31.2676,1484.915
20211003T000547.741Z,9.4599,3.3995,97.309,31.2674,1484.916
20211003T000548.714Z,9.4599,3.3995,97.308,31.2674,1484.916
20211003T000549.733Z,9.46,3.39952,97.308,31.2676,1484.916
20211003T000550.714Z,9.4601,3.39954,97.308,31.2677,1484.917
20211003T000551.720Z,9.4602,3.39956,97.309,31.2678,1484.918
20211003T000552.714Z,9.4605,3.39959,97.308,31.2679,1484.919
20211003T000553.757Z,9.4608,3.3996,97.309,31.2677,1484.919
20211003T000554.714Z,9.4609,3.39961,97.308,31.2676,1484.92
20211003T000555.746Z,9.461,3.39962,97.308,31.2677,1484.92
20211003T000556.715Z,9.4611,3.39963,97.308,31.2676,1484.921
20211003T000557.784Z,9.4612,3.39962,97.309,31.2675,1484.921
20211003T000558.714Z,9.4613,3.39963,97.309,31.2675,1484.921
20211003T000559.882Z,9.4614,3.39964,97.308,31.2675,1484.921
20211003T000600.716Z,9.4614,3.39964,97.308,31.2676,1484.921
20211003T000601.723Z,9.4614,3.39964,97.309,31.2676,1484.921
20211003T000602.714Z,9.4614,3.39965,97.308,31.2676,1484.922
20211003T000603.807Z,9.4615,3.39965,97.308,31.2676,1484.922
20211003T000604.715Z,9.4616,3.39965,97.308,31.2675,1484.922
20211003T000605.808Z,9.4617,3.39965,97.309,31.2673,1484.923
20211003T000606.713Z,9.4618,3.39965,97.308,31.2673,1484.923
20211003T000607.810Z,9.462,3.39966,97.309,31.2672,1484.923
20211003T000608.714Z,9.462,3.39966,97.308,31.2672,1484.923
20211003T000609.771Z,9.4619,3.39965,97.308,31.2672,1484.923
20211003T000610.718Z,9.4621,3.39965,97.309,31.2671,1484.923
20211003T000611.744Z,9.4621,3.39966,97.309,31.2671,1484.924
20211003T000612.714Z,9.462,3.39965,97.308,31.2671,1484.923
20211003T000613.881Z,9.462,3.39965,97.309,31.2672,1484.923
20211003T000614.714Z,9.4619,3.39966,97.307,31.2673,1484.923
20211003T000615.762Z,9.4619,3.39966,97.308,31.2673,1484.923
20211003T000616.714Z,9.462,3.39966,97.308,31.2672,1484.923
20211003T000617.718Z,9.462,3.39967,97.308,31.2674,1484.923
20211003T000618.717Z,9.462,3.39969,97.309,31.2674,1484.924
20211003T000619.807Z,9.4621,3.39967,97.308,31.2673,1484.924
20211003T000620.714Z,9.462,3.39968,97.309,31.2674,1484.923
20211003T000621.727Z,9.462,3.39969,97.308,31.2675,1484.924
20211003T000622.714Z,9.4619,3.39968,97.309,31.2675,1484.923
20211003T000623.738Z,9.462,3.39969,97.308,31.2676,1484.924
20211003T000624.715Z,9.4619,3.39969,97.308,31.2676,1484.923
20211003T000625.766Z,9.4619,3.39969,97.308,31.2676,1484.923
20211003T000626.714Z,9.462,3.39969,97.308,31.2675,1484.924
20211003T000627.740Z,9.462,3.3997,97.309,31.2676,1484.924
20211003T000628.714Z,9.4619,3.3997,97.308,31.2676,1484.924
20211003T000629.918Z,9.4619,3.39969,97.308,31.2676,1484.923
20211003T000630.714Z,9.4619,3.39969,97.308,31.2676,1484.923
20211003T000631.727Z,9.4618,3.39968,97.308,31.2676,1484.923
20211003T000632.713Z,9.4617,3.39969,97.307,31.2678,1484.923
20211003T000633.759Z,9.4616,3.39969,97.308,31.2678,1484.923
20211003T000634.714Z,9.4616,3.3997,97.308,31.268,1484.923
20211003T000635.770Z,9.4615,3.39969,97.307,31.2679,1484.922
20211003T000636.714Z,9.4615,3.39969,97.308,31.268,1484.922
20211003T000637.779Z,9.4615,3.39969,97.307,31.2679,1484.922
20211003T000638.713Z,9.4615,3.39969,97.308,31.2679,1484.922
20211003T000639.718Z,9.4615,3.39968,97.308,31.2679,1484.922
20211003T000640.713Z,9.4614,3.39968,97.308,31.2679,1484.922
20211003T000641.717Z,9.4614,3.39967,97.308,31.2678,1484.922
20211003T000642.714Z,9.4614,3.39967,97.307,31.2678,1484.922
20211003T000643.778Z,9.4614,3.39966,97.308,31.2677,1484.922
20211003T000644.714Z,9.4614,3.39964,97.307,31.2675,1484.921
20211003T000645.789Z,9.4614,3.39963,97.307,31.2675,1484.921
20211003T000646.714Z,9.4613,3.39962,97.307,31.2674,1484.921
20211003T000647.716Z,9.4613,3.39962,97.308,31.2674,1484.921
20211003T000648.714Z,9.4612,3.39961,97.307,31.2674,1484.921
20211003T000649.845Z,9.4611,3.3996,97.308,31.2673,1484.92
20211003T000650.714Z,9.461,3.39959,97.307,31.2674,1484.92
20211003T000651.717Z,9.4609,3.39957,97.306,31.2672,1484.92
20211003T000652.715Z,9.4608,3.39957,97.307,31.2673,1484.919
20211003T000653.746Z,9.4608,3.39956,97.307,31.2673,1484.919
20211003T000654.714Z,9.4607,3.39956,97.307,31.2673,1484.919
20211003T000655.741Z,9.4605,3.39955,97.307,31.2674,1484.918
20211003T000656.719Z,9.4604,3.39954,97.307,31.2673,1484.918
20211003T000657.770Z,9.4603,3.39954,97.307,31.2674,1484.917
20211003T000658.714Z,9.4603,3.39952,97.306,31.2673,1484.917
20211003T000659.716Z,9.4601,3.39951,97.306,31.2674,1484.916
20211003T000700.729Z,9.4599,3.3995,97.306,31.2674,1484.916
20211003T000701.723Z,9.4598,3.39949,97.307,31.2673,1484.916
20211003T000702.715Z,9.4597,3.39948,97.307,31.2674,1484.915
20211003T000703.720Z,9.4595,3.39947,97.307,31.2675,1484.915
20211003T000704.715Z,9.4595,3.39947,97.306,31.2675,1484.914
20211003T000705.755Z,9.4594,3.39946,97.307,31.2674,1484.914
20211003T000706.714Z,9.4594,3.39944,97.307,31.2672,1484.914
20211003T000707.751Z,9.4593,3.39943,97.306,31.2672,1484.913
20211003T000708.713Z,9.4593,3.39943,97.306,31.2672,1484.913
20211003T000709.771Z,9.4591,3.39943,97.306,31.2674,1484.913
20211003T000710.714Z,9.4591,3.39941,97.306,31.2672,1484.913
20211003T000711.722Z,9.459,3.39942,97.305,31.2673,1484.912
20211003T000712.714Z,9.4589,3.39943,97.305,31.2675,1484.912
20211003T000713.850Z,9.459,3.39943,97.306,31.2675,1484.912
20211003T000714.714Z,9.4591,3.39944,97.305,31.2675,1484.913
20211003T000715.736Z,9.4593,3.39947,97.305,31.2677,1484.914
20211003T000716.714Z,9.4594,3.39948,97.306,31.2676,1484.914
20211003T000717.739Z,9.4593,3.39949,97.305,31.2678,1484.914
20211003T000718.714Z,9.4594,3.39951,97.305,31.2679,1484.915
20211003T000719.741Z,9.4597,3.39951,97.306,31.2677,1484.915
20211003T000720.714Z,9.4598,3.39952,97.306,31.2677,1484.916
20211003T000721.738Z,9.4598,3.39953,97.305,31.2677,1484.916
20211003T000722.714Z,9.46,3.39953,97.305,31.2677,1484.916
20211003T000723.728Z,9.4601,3.39954,97.305,31.2676,1484.917
20211003T000724.728Z,9.4603,3.39955,97.306,31.2676,1484.917
20211003T000725.720Z,9.4604,3.39955,97.306,31.2674,1484.918
20211003T000726.713Z,9.4606,3.39955,97.305,31.2673,1484.918
20211003T000727.715Z,9.4608,3.39954,97.305,31.2671,1484.919
20211003T000728.713Z,9.4608,3.39955,97.305,31.2671,1484.919
20211003T000729.721Z,9.4609,3.39955,97.305,31.267,1484.919
20211003T000730.714Z,9.4609,3.39953,97.305,31.2668,1484.919
20211003T000731.726Z,9.4608,3.39954,97.304,31.267,1484.919
20211003T000732.714Z,9.4609,3.39952,97.304,31.2668,1484.919
20211003T000733.741Z,9.4609,3.39952,97.305,31.2667,1484.919
20211003T000734.714Z,9.4609,3.39952,97.306,31.2667,1484.919
20211003T000735.747Z,9.4609,3.39952,97.305,31.2667,1484.919
20211003T000736.714Z,9.4609,3.3995,97.305,31.2666,1484.918
20211003T000737.810Z,9.4609,3.39951,97.305,31.2666,1484.919
20211003T000738.718Z,9.4609,3.39951,97.305,31.2666,1484.919
20211003T000739.817Z,9.4609,3.3995,97.305,31.2666,1484.918
20211003T000740.714Z,9.4608,3.3995,97.305,31.2666,1484.918
20211003T000741.720Z,9.4608,3.3995,97.305,31.2666,1484.918
20211003T000742.719Z,9.4608,3.3995,97.304,31.2666,1484.918
20211003T000743.732Z,9.4608,3.39951,97.305,31.2668,1484.918
20211003T000744.715Z,9.4608,3.39951,97.305,31.2667,1484.918
20211003T000745.742Z,9.4607,3.39952,97.304,31.2669,1484.918
20211003T000746.718Z,9.4608,3.39952,97.305,31.2669,1484.918
20211003T000747.764Z,9.4609,3.39953,97.305,31.2669,1484.919
20211003T000748.727Z,9.461,3.39954,97.304,31.2669,1484.919
20211003T000749.731Z,9.4608,3.39954,97.305,31.267,1484.919
20211003T000750.716Z,9.4608,3.39954,97.305,31.267,1484.919
20211003T000751.722Z,9.4607,3.39956,97.304,31.2673,1484.919
20211003T000752.714Z,9.4608,3.39955,97.304,31.2671,1484.919
20211003T000753.715Z,9.4609,3.39957,97.304,31.2672,1484.919
20211003T000754.714Z,9.461,3.39957,97.305,31.2672,1484.92
20211003T000755.748Z,9.461,3.39957,97.304,31.2672,1484.92
20211003T000756.714Z,9.4611,3.39958,97.304,31.2673,1484.92
20211003T000757.740Z,9.4611,3.39957,97.304,31.2671,1484.92
20211003T000758.714Z,9.4612,3.39959,97.305,31.2671,1484.92
20211003T000759.749Z,9.4612,3.39958,97.305,31.2671,1484.92
20211003T000800.714Z,9.4611,3.39957,97.305,31.2671,1484.92
20211003T000801.716Z,9.4611,3.39959,97.304,31.2673,1484.92
20211003T000802.714Z,9.4611,3.39958,97.305,31.2673,1484.92
20211003T000803.750Z,9.4611,3.39959,97.306,31.2672,1484.92
20211003T000804.714Z,9.4611,3.39959,97.306,31.2672,1484.92
20211003T000805.769Z,9.4611,3.39958,97.305,31.2673,1484.92
20211003T000806.714Z,9.4611,3.39958,97.305,31.2673,1484.92
20211003T000807.728Z,9.4611,3.3996,97.306,31.2673,1484.92
20211003T000808.714Z,9.4611,3.39959,97.305,31.2673,1484.92
20211003T000809.798Z,9.4612,3.39959,97.304,31.2672,1484.92
20211003T000810.714Z,9.4612,3.3996,97.305,31.2673,1484.921
20211003T000811.726Z,9.4612,3.39959,97.305,31.2672,1484.92
20211003T000812.715Z,9.4612,3.39961,97.305,31.2674,1484.921
20211003T000813.733Z,9.4613,3.39961,97.304,31.2673,1484.921
20211003T000814.714Z,9.4613,3.39961,97.304,31.2673,1484.921
20211003T000815.761Z,9.4612,3.39961,97.305,31.2674,1484.921
20211003T000816.715Z,9.4612,3.39961,97.305,31.2673,1484.921
20211003T000817.766Z,9.4612,3.39961,97.306,31.2674,1484.921
20211003T000818.715Z,9.4612,3.3996,97.305,31.2673,1484.92
20211003T000819.719Z,9.4612,3.3996,97.305,31.2673,1484.921
20211003T000820.714Z,9.4613,3.3996,97.305,31.2672,1484.921
20211003T000821.772Z,9.4613,3.39959,97.304,31.2672,1484.921
20211003T000822.713Z,9.4613,3.39959,97.304,31.2671,1484.921
20211003T000823.754Z,9.4614,3.3996,97.304,31.2671,1484.921
20211003T000824.719Z,9.4613,3.39959,97.305,31.2671,1484.921
20211003T000825.818Z,9.4613,3.3996,97.304,31.2672,1484.921
20211003T000826.715Z,9.4613,3.39958,97.305,31.267,1484.921
20211003T000827.813Z,9.4613,3.39958,97.303,31.267,1484.921
20211003T000828.715Z,9.4614,3.39959,97.304,31.2671,1484.921
20211003T000829.717Z,9.4614,3.39959,97.305,31.267,1484.921
20211003T000830.714Z,9.4614,3.39958,97.303,31.267,1484.921
20211003T000831.737Z,9.4613,3.39957,97.304,31.2669,1484.921
20211003T000832.716Z,9.4613,3.39958,97.304,31.267,1484.921
20211003T000833.754Z,9.4614,3.39958,97.305,31.2669,1484.921
20211003T000834.714Z,9.4615,3.39957,97.303,31.2668,1484.921
20211003T000835.720Z,9.4614,3.39957,97.303,31.2668,1484.921
20211003T000836.714Z,9.4614,3.39957,97.303,31.2668,1484.921
20211003T000837.730Z,9.4615,3.39956,97.304,31.2666,1484.921
20211003T000838.715Z,9.4616,3.39956,97.304,31.2666,1484.921
20211003T000839.771Z,9.4616,3.39955,97.303,31.2665,1484.921
20211003T000840.715Z,9.4616,3.39957,97.304,31.2666,1484.921
20211003T000841.725Z,9.4616,3.39955,97.303,31.2665,1484.921
20211003T000842.715Z,9.4615,3.39955,97.303,31.2665,1484.921
20211003T000843.781Z,9.4614,3.39955,97.304,31.2666,1484.92
20211003T000844.715Z,9.4614,3.39955,97.304,31.2666,1484.92
20211003T000845.741Z,9.4614,3.39955,97.303,31.2666,1484.92
20211003T000846.715Z,9.4613,3.39955,97.303,31.2667,1484.92
20211003T000847.757Z,9.4613,3.39955,97.302,31.2667,1484.92
20211003T000848.714Z,9.4613,3.39955,97.304,31.2667,1484.92
20211003T000849.821Z,9.4612,3.39955,97.302,31.2668,1484.92
20211003T000850.713Z,9.4612,3.39954,97.302,31.2667,1484.92
20211003T000851.764Z,9.4611,3.39953,97.303,31.2666,1484.919
20211003T000852.714Z,9.461,3.39954,97.303,31.2669,1484.919
20211003T000853.734Z,9.4608,3.39953,97.304,31.2669,1484.919
20211003T000854.714Z,9.4609,3.39953,97.303,31.2669,1484.919
20211003T000855.789Z,9.4608,3.39953,97.304,31.2669,1484.919
20211003T000856.713Z,9.4608,3.39954,97.303,31.267,1484.919
20211003T000857.773Z,9.4608,3.39953,97.304,31.2669,1484.919
20211003T000858.715Z,9.4608,3.39953,97.302,31.2669,1484.919
20211003T000859.816Z,9.4608,3.39954,97.302,31.267,1484.919
20211003T000900.715Z,9.4609,3.39953,97.302,31.2669,1484.919
20211003T000901.770Z,9.4609,3.39953,97.303,31.2669,1484.919
20211003T000902.714Z,9.461,3.39953,97.302,31.2667,1484.919
20211003T000903.728Z,9.461,3.39953,97.303,31.2667,1484.919
20211003T000904.714Z,9.461,3.39952,97.303,31.2667,1484.919
20211003T000905.810Z,9.461,3.39952,97.303,31.2667,1484.919
20211003T000906.715Z,9.4612,3.39953,97.303,31.2666,1484.92
20211003T000907.722Z,9.4612,3.39953,97.303,31.2666,1484.92
20211003T000908.715Z,9.4613,3.39953,97.303,31.2665,1484.92
20211003T000909.762Z,9.4613,3.39953,97.303,31.2664,1484.92
20211003T000910.719Z,9.4614,3.39953,97.303,31.2664,1484.92
20211003T000911.794Z,9.4613,3.39953,97.303,31.2665,1484.92
20211003T000912.715Z,9.4613,3.39952,97.302,31.2664,1484.92
20211003T000913.719Z,9.4612,3.39953,97.303,31.2666,1484.92
20211003T000914.714Z,9.4612,3.39952,97.303,31.2665,1484.919
20211003T000915.720Z,9.4611,3.39952,97.302,31.2666,1484.919
20211003T000916.714Z,9.4611,3.39952,97.302,31.2665,1484.919
20211003T000917.717Z,9.4611,3.39952,97.303,31.2666,1484.919
20211003T000918.716Z,9.4612,3.39952,97.303,31.2665,1484.919
20211003T000919.717Z,9.4611,3.39952,97.302,31.2666,1484.919
20211003T000920.714Z,9.461,3.39952,97.303,31.2666,1484.919
20211003T000921.758Z,9.4611,3.39952,97.303,31.2666,1484.919
20211003T000922.714Z,9.461,3.39952,97.303,31.2667,1484.919
20211003T000923.718Z,9.4609,3.39952,97.302,31.2667,1484.919
20211003T000924.715Z,9.4609,3.39952,97.303,31.2668,1484.919
20211003T000925.731Z,9.4609,3.39953,97.303,31.2668,1484.919
20211003T000926.728Z,9.4608,3.39952,97.302,31.2668,1484.919
20211003T000927.866Z,9.4609,3.39953,97.302,31.2668,1484.919
20211003T000928.716Z,9.4609,3.39953,97.301,31.2669,1484.919
20211003T000929.737Z,9.4609,3.39953,97.302,31.2668,1484.919
20211003T000930.715Z,9.461,3.39953,97.301,31.2668,1484.919
20211003T000931.759Z,9.4611,3.39954,97.302,31.2668,1484.919
20211003T000932.714Z,9.4611,3.39954,97.302,31.2668,1484.92
20211003T000933.717Z,9.4611,3.39954,97.302,31.2668,1484.919
20211003T000934.715Z,9.4612,3.39952,97.302,31.2665,1484.92
20211003T000935.726Z,9.4612,3.39954,97.303,31.2667,1484.92
20211003T000936.715Z,9.4612,3.39954,97.302,31.2667,1484.92
20211003T000937.783Z,9.4612,3.39954,97.303,31.2667,1484.92
20211003T000938.714Z,9.4612,3.39954,97.303,31.2667,1484.92
20211003T000939.722Z,9.4612,3.39955,97.301,31.2668,1484.92
20211003T000940.715Z,9.4613,3.39955,97.302,31.2667,1484.92
20211003T000941.723Z,9.4613,3.39955,97.301,31.2667,1484.92
20211003T000942.714Z,9.4613,3.39954,97.302,31.2666,1484.92
20211003T000943.750Z,9.4613,3.39954,97.302,31.2666,1484.92
20211003T000944.713Z,9.4614,3.39954,97.301,31.2665,1484.92
20211003T000945.727Z,9.4613,3.39953,97.302,31.2665,1484.92
20211003T000946.714Z,9.4613,3.39954,97.301,31.2666,1484.92
20211003T000947.716Z,9.4614,3.39954,97.301,31.2666,1484.92
20211003T000948.714Z,9.4614,3.39954,97.303,31.2666,1484.92
20211003T000949.720Z,9.4613,3.39954,97.301,31.2666,1484.92
20211003T000950.728Z,9.4613,3.39955,97.301,31.2667,1484.92
20211003T000951.781Z,9.4614,3.39954,97.301,31.2665,1484.92
20211003T000952.719Z,9.4612,3.39954,97.301,31.2666,1484.92
20211003T000953.793Z,9.4612,3.39954,97.301,31.2667,1484.92
20211003T000954.714Z,9.4611,3.39954,97.302,31.2668,1484.919
20211003T000955.718Z,9.4609,3.39953,97.302,31.2668,1484.919
20211003T000956.719Z,9.4609,3.39952,97.302,31.2667,1484.919
20211003T000957.772Z,9.4609,3.39951,97.302,31.2666,1484.919
20211003T000958.715Z,9.4609,3.39951,97.302,31.2666,1484.919
20211003T000959.766Z,9.4609,3.3995,97.301,31.2665,1484.918
20211003T001000.716Z,9.4609,3.39948,97.301,31.2663,1484.918
20211003T001001.769Z,9.4608,3.39948,97.301,31.2664,1484.918
20211003T001002.715Z,9.4608,3.39948,97.301,31.2665,1484.918
20211003T001003.745Z,9.4608,3.39947,97.301,31.2663,1484.918
20211003T001004.717Z,9.4608,3.39949,97.301,31.2665,1484.918
20211003T001005.719Z,9.4608,3.39948,97.301,31.2665,1484.918
20211003T001006.715Z,9.4608,3.39949,97.302,31.2665,1484.918
20211003T001007.733Z,9.4609,3.39948,97.302,31.2664,1484.918
20211003T001008.714Z,9.4611,3.39949,97.301,31.2663,1484.919
20211003T001009.731Z,9.4612,3.3995,97.301,31.2662,1484.919
20211003T001010.713Z,9.4611,3.3995,97.301,31.2663,1484.919
20211003T001011.762Z,9.4612,3.39951,97.3,31.2663,1484.919
20211003T001012.714Z,9.4613,3.39951,97.301,31.2662,1484.919
20211003T001013.745Z,9.4614,3.39951,97.301,31.2662,1484.92
20211003T001014.714Z,9.4614,3.3995,97.301,31.2661,1484.92
20211003T001015.787Z,9.4614,3.39951,97.301,31.2662,1484.92
20211003T001016.714Z,9.4614,3.39952,97.3,31.2663,1484.92
20211003T001017.758Z,9.4615,3.39952,97.301,31.2662,1484.92
20211003T001018.714Z,9.4615,3.39952,97.301,31.2662,1484.92
20211003T001019.757Z,9.4615,3.39953,97.3,31.2663,1484.92
20211003T001020.714Z,9.4615,3.39953,97.302,31.2663,1484.92
20211003T001021.759Z,9.4615,3.39953,97.3,31.2663,1484.92
20211003T001022.714Z,9.4614,3.39952,97.3,31.2662,1484.92
20211003T001023.721Z,9.4614,3.39951,97.301,31.2662,1484.92
20211003T001024.715Z,9.4614,3.39951,97.3,31.2662,1484.92
20211003T001025.800Z,9.4615,3.39952,97.302,31.2662,1484.92
20211003T001026.715Z,9.4615,3.39951,97.301,31.2662,1484.92
20211003T001027.868Z,9.4615,3.39952,97.3,31.2662,1484.92
20211003T001028.715Z,9.4615,3.39952,97.3,31.2662,1484.92
20211003T001029.747Z,9.4616,3.39952,97.3,31.2662,1484.92
20211003T001030.714Z,9.4617,3.39952,97.3,31.266,1484.921
20211003T001031.722Z,9.4618,3.39953,97.3,31.2661,1484.921
20211003T001032.715Z,9.4617,3.39952,97.3,31.2661,1484.921
20211003T001033.791Z,9.4616,3.39953,97.3,31.2662,1484.921
20211003T001034.715Z,9.4616,3.39953,97.3,31.2662,1484.921
20211003T001035.749Z,9.4616,3.39953,97.3,31.2662,1484.921
20211003T001036.715Z,9.4616,3.39955,97.3,31.2664,1484.921
20211003T001037.775Z,9.4617,3.39954,97.299,31.2662,1484.921
20211003T001038.718Z,9.4617,3.39954,97.299,31.2663,1484.921
20211003T001039.731Z,9.4617,3.39954,97.301,31.2662,1484.921
20211003T001040.714Z,9.4617,3.39955,97.3,31.2663,1484.921
20211003T001041.737Z,9.4617,3.39955,97.299,31.2664,1484.921
20211003T001042.715Z,9.4616,3.39954,97.301,31.2663,1484.921
20211003T001043.719Z,9.4616,3.39955,97.299,31.2664,1484.921
20211003T001044.715Z,9.4616,3.39954,97.3,31.2663,1484.921
20211003T001045.720Z,9.4616,3.39954,97.3,31.2664,1484.921
20211003T001046.717Z,9.4616,3.39954,97.3,31.2663,1484.921
20211003T001047.741Z,9.4616,3.39955,97.3,31.2665,1484.921
20211003T001048.715Z,9.4616,3.39955,97.3,31.2664,1484.921
20211003T001049.729Z,9.4616,3.39954,97.298,31.2663,1484.921
20211003T001050.715Z,9.4617,3.39955,97.299,31.2664,1484.921
20211003T001051.812Z,9.4617,3.39955,97.3,31.2663,1484.921
20211003T001052.714Z,9.4617,3.39954,97.299,31.2662,1484.921
20211003T001053.716Z,9.4616,3.39954,97.3,31.2663,1484.921
20211003T001054.714Z,9.4615,3.39954,97.3,31.2665,1484.92
20211003T001055.729Z,9.4615,3.39954,97.3,31.2665,1484.92
20211003T001056.715Z,9.4615,3.39954,97.3,31.2664,1484.92
20211003T001057.795Z,9.4615,3.39955,97.3,31.2665,1484.921
20211003T001058.715Z,9.4616,3.39954,97.299,31.2663,1484.921
20211003T001059.796Z,9.4617,3.39954,97.298,31.2662,1484.921
20211003T001100.714Z,9.4616,3.39953,97.298,31.2662,1484.921
20211003T001101.806Z,9.4615,3.39952,97.299,31.2663,1484.92
20211003T001102.714Z,9.4615,3.39952,97.299,31.2662,1484.92
20211003T001103.804Z,9.4615,3.39952,97.299,31.2662,1484.92
20211003T001104.716Z,9.4615,3.39951,97.299,31.2661,1484.92
20211003T001105.728Z,9.4615,3.39951,97.299,31.2661,1484.92
20211003T001106.713Z,9.4615,3.39951,97.298,31.2661,1484.92
20211003T001107.717Z,9.4615,3.39951,97.299,31.2661,1484.92
20211003T001108.713Z,9.4615,3.3995,97.3,31.266,1484.92
20211003T001109.717Z,9.4615,3.3995,97.299,31.266,1484.92
20211003T001110.715Z,9.4616,3.3995,97.299,31.2659,1484.92
20211003T001111.809Z,9.4616,3.39951,97.299,31.266,1484.92
20211003T001112.713Z,9.4616,3.3995,97.299,31.2659,1484.92
20211003T001113.725Z,9.4616,3.3995,97.298,31.2659,1484.92
20211003T001114.714Z,9.4615,3.3995,97.298,31.266,1484.92
20211003T001115.777Z,9.4615,3.3995,97.299,31.266,1484.92
20211003T001116.713Z,9.4615,3.3995,97.299,31.266,1484.92
20211003T001117.801Z,9.4615,3.3995,97.299,31.2661,1484.92
20211003T001118.715Z,9.4614,3.39948,97.299,31.2659,1484.92
20211003T001119.729Z,9.4614,3.39949,97.299,31.266,1484.92
20211003T001120.715Z,9.4614,3.39949,97.299,31.266,1484.919
20211003T001121.799Z,9.4614,3.39948,97.298,31.266,1484.919
20211003T001122.714Z,9.4614,3.39949,97.299,31.266,1484.92
20211003T001123.729Z,9.4614,3.39949,97.298,31.266,1484.919
20211003T001124.719Z,9.4614,3.39948,97.299,31.2659,1484.919
20211003T001125.720Z,9.4614,3.39948,97.298,31.2659,1484.919
20211003T001126.715Z,9.4615,3.39948,97.298,31.2658,1484.92
20211003T001127.730Z,9.4614,3.39949,97.298,31.2659,1484.92
20211003T001128.729Z,9.4614,3.39948,97.298,31.2659,1484.919
20211003T001129.831Z,9.4615,3.39948,97.299,31.2658,1484.92
20211003T001130.715Z,9.4615,3.39948,97.298,31.2658,1484.92
20211003T001131.723Z,9.4615,3.39948,97.298,31.2658,1484.92
20211003T001132.716Z,9.4615,3.39948,97.298,31.2658,1484.92
20211003T001133.748Z,9.4615,3.39948,97.299,31.2658,1484.92
20211003T001134.714Z,9.4615,3.39948,97.297,31.2658,1484.92
20211003T001135.741Z,9.4615,3.39949,97.298,31.2659,1484.92
20211003T001136.715Z,9.4615,3.39948,97.299,31.2658,1484.92
20211003T001137.728Z,9.4615,3.39948,97.298,31.2658,1484.92
20211003T001138.714Z,9.4616,3.39948,97.297,31.2658,1484.92
20211003T001139.722Z,9.4616,3.39949,97.299,31.2658,1484.92
20211003T001140.714Z,9.4616,3.39949,97.298,31.2657,1484.92
20211003T001141.749Z,9.4616,3.39949,97.297,31.2658,1484.92
20211003T001142.715Z,9.4617,3.3995,97.298,31.2658,1484.92
20211003T001143.807Z,9.4616,3.39949,97.298,31.2658,1484.92
20211003T001144.715Z,9.4617,3.39949,97.298,31.2658,1484.92
20211003T001145.774Z,9.4618,3.3995,97.297,31.2657,1484.921
20211003T001146.715Z,9.4618,3.3995,97.297,31.2658,1484.921
20211003T001147.754Z,9.4618,3.39951,97.298,31.2658,1484.921
20211003T001148.715Z,9.4619,3.39951,97.298,31.2657,1484.921
20211003T001149.751Z,9.4619,3.3995,97.298,31.2657,1484.921
20211003T001150.714Z,9.4619,3.39951,97.298,31.2657,1484.921
20211003T001151.729Z,9.462,3.39951,97.298,31.2657,1484.921
20211003T001152.728Z,9.4621,3.39951,97.298,31.2656,1484.921
20211003T001153.783Z,9.462,3.3995,97.297,31.2656,1484.921
20211003T001154.715Z,9.462,3.3995,97.297,31.2656,1484.921
20211003T001155.766Z,9.4619,3.3995,97.297,31.2657,1484.921
20211003T001156.715Z,9.4619,3.3995,97.298,31.2657,1484.921
20211003T001157.731Z,9.4618,3.3995,97.297,31.2657,1484.921
20211003T001158.715Z,9.4619,3.39949,97.297,31.2656,1484.921
20211003T001159.731Z,9.4618,3.39948,97.297,31.2656,1484.921
20211003T001200.714Z,9.4618,3.39948,97.297,31.2655,1484.921
20211003T001201.765Z,9.4618,3.39948,97.298,31.2656,1484.92
20211003T001202.714Z,9.4618,3.39948,97.297,31.2656,1484.92
20211003T001203.795Z,9.4618,3.39947,97.297,31.2655,1484.92
20211003T001204.714Z,9.4619,3.39949,97.297,31.2655,1484.921
20211003T001205.721Z,9.4619,3.39947,97.297,31.2653,1484.921
20211003T001206.714Z,9.462,3.39947,97.298,31.2653,1484.921
20211003T001207.741Z,9.4619,3.39947,97.297,31.2654,1484.921
20211003T001208.714Z,9.4619,3.39947,97.297,31.2654,1484.921
20211003T001209.728Z,9.4619,3.39947,97.297,31.2654,1484.921
20211003T001210.718Z,9.4619,3.39946,97.297,31.2653,1484.92
20211003T001211.722Z,9.4619,3.39947,97.297,31.2654,1484.921
20211003T001212.715Z,9.4618,3.39947,97.297,31.2655,1484.92
20211003T001213.741Z,9.4618,3.39947,97.297,31.2654,1484.92
20211003T001214.716Z,9.4618,3.39946,97.296,31.2654,1484.92
20211003T001215.744Z,9.4619,3.39947,97.296,31.2654,1484.921
20211003T001216.728Z,9.4618,3.39946,97.296,31.2653,1484.92
20211003T001217.723Z,9.4618,3.39947,97.297,31.2655,1484.92
20211003T001218.717Z,9.4619,3.39945,97.297,31.2652,1484.92
20211003T001219.731Z,9.4619,3.39947,97.296,31.2654,1484.921
20211003T001220.714Z,9.4618,3.39946,97.296,31.2653,1484.92
20211003T001221.779Z,9.4619,3.39947,97.297,31.2653,1484.921
20211003T001222.715Z,9.4619,3.39947,97.297,31.2654,1484.921
20211003T001223.762Z,9.4619,3.39946,97.296,31.2652,1484.92
20211003T001224.714Z,9.4619,3.39946,97.297,31.2652,1484.921
20211003T001225.727Z,9.4619,3.39948,97.296,31.2654,1484.921
20211003T001226.715Z,9.4618,3.39946,97.296,31.2654,1484.92
20211003T001227.740Z,9.4619,3.39946,97.297,31.2653,1484.92
20211003T001228.713Z,9.4618,3.39946,97.296,31.2654,1484.92
20211003T001229.786Z,9.4617,3.39948,97.296,31.2656,1484.92
20211003T001230.714Z,9.4616,3.39946,97.297,31.2655,1484.92
20211003T001231.742Z,9.4616,3.39946,97.296,31.2655,1484.92
20211003T001232.715Z,9.4616,3.39947,97.296,31.2656,1484.92
20211003T001233.753Z,9.4615,3.39945,97.296,31.2655,1484.919
20211003T001234.716Z,9.4616,3.39945,97.296,31.2655,1484.92
20211003T001235.722Z,9.4616,3.39945,97.295,31.2654,1484.92
20211003T001236.714Z,9.4616,3.39945,97.296,31.2654,1484.92
20211003T001237.750Z,9.4616,3.39945,97.296,31.2654,1484.92
20211003T001238.719Z,9.4615,3.39945,97.296,31.2654,1484.919
20211003T001239.756Z,9.4615,3.39944,97.296,31.2654,1484.919
20211003T001240.715Z,9.4615,3.39943,97.296,31.2653,1484.919
20211003T001241.769Z,9.4615,3.39942,97.296,31.2652,1484.919
20211003T001242.726Z,9.4614,3.39942,97.295,31.2653,1484.919
20211003T001243.798Z,9.4614,3.39942,97.295,31.2652,1484.919
20211003T001244.714Z,9.4614,3.39941,97.295,31.2652,1484.918
20211003T001245.728Z,9.4614,3.3994,97.295,31.2651,1484.918
20211003T001246.731Z,9.4614,3.3994,97.295,31.265,1484.918
20211003T001247.721Z,9.4614,3.39939,97.295,31.265,1484.918
20211003T001248.714Z,9.4614,3.39937,97.295,31.2648,1484.918
20211003T001249.794Z,9.4613,3.39936,97.296,31.2648,1484.918
20211003T001250.736Z,9.4612,3.39936,97.295,31.2649,1484.917
20211003T001251.760Z,9.4611,3.39935,97.295,31.2648,1484.917
20211003T001252.719Z,9.4612,3.39933,97.294,31.2646,1484.917
20211003T001253.783Z,9.461,3.39933,97.295,31.2647,1484.916
20211003T001254.715Z,9.4609,3.39932,97.295,31.2646,1484.916
20211003T001255.780Z,9.4607,3.3993,97.295,31.2647,1484.915
20211003T001256.718Z,9.4606,3.39929,97.295,31.2646,1484.915
20211003T001257.773Z,9.4605,3.39928,97.295,31.2646,1484.915
20211003T001258.713Z,9.4604,3.39926,97.295,31.2645,1484.914
20211003T001259.789Z,9.4603,3.39927,97.295,31.2647,1484.914
20211003T001300.715Z,9.4602,3.39926,97.295,31.2647,1484.914
20211003T001301.726Z,9.4602,3.39926,97.296,31.2647,1484.913
20211003T001302.715Z,9.46,3.39923,97.294,31.2646,1484.913
20211003T001303.980Z,9.4599,3.39923,97.295,31.2647,1484.912
20211003T001304.715Z,9.4597,3.3992,97.294,31.2645,1484.911
20211003T001305.790Z,9.4596,3.39918,97.295,31.2644,1484.911
20211003T001306.715Z,9.4595,3.39918,97.294,31.2645,1484.911
20211003T001307.739Z,9.4594,3.39919,97.295,31.2647,1484.91
20211003T001308.715Z,9.4594,3.3992,97.294,31.2648,1484.911
20211003T001309.730Z,9.4595,3.39921,97.294,31.2647,1484.911
20211003T001310.715Z,9.4597,3.39922,97.296,31.2647,1484.912
20211003T001311.734Z,9.4597,3.39922,97.294,31.2647,1484.912
20211003T001312.715Z,9.4597,3.39923,97.295,31.2648,1484.912
20211003T001313.764Z,9.4596,3.39923,97.294,31.2648,1484.911
20211003T001314.715Z,9.4596,3.39923,97.294,31.2649,1484.911
20211003T001315.716Z,9.4597,3.39925,97.294,31.265,1484.912
20211003T001316.714Z,9.4597,3.39924,97.294,31.2649,1484.912
20211003T001317.743Z,9.4599,3.39923,97.294,31.2646,1484.912
20211003T001318.715Z,9.4599,3.39923,97.294,31.2647,1484.912
20211003T001319.739Z,9.4596,3.39923,97.294,31.2649,1484.912
20211003T001320.715Z,9.4592,3.39922,97.295,31.2651,1484.91
20211003T001321.751Z,9.4588,3.39921,97.294,31.2654,1484.909
20211003T001322.713Z,9.4587,3.3992,97.295,31.2655,1484.909
20211003T001323.739Z,9.4587,3.39919,97.294,31.2653,1484.909
20211003T001324.715Z,9.4589,3.39919,97.294,31.2651,1484.909
20211003T001325.792Z,9.4589,3.39919,97.294,31.2651,1484.909
20211003T001326.714Z,9.4589,3.39919,97.294,31.2651,1484.909
20211003T001327.719Z,9.4589,3.39918,97.294,31.2651,1484.909
20211003T001328.713Z,9.4588,3.39918,97.294,31.2651,1484.909
20211003T001329.754Z,9.4588,3.39919,97.294,31.2652,1484.909
20211003T001330.727Z,9.459,3.3992,97.294,31.2652,1484.909
20211003T001331.768Z,9.459,3.39921,97.295,31.2653,1484.91
20211003T001332.715Z,9.459,3.39921,97.294,31.2653,1484.91
20211003T001333.766Z,9.4591,3.39921,97.296,31.2652,1484.91
20211003T001334.714Z,9.459,3.39922,97.294,31.2654,1484.91
20211003T001335.723Z,9.459,3.39925,97.294,31.2656,1484.91
20211003T001336.715Z,9.4593,3.39924,97.293,31.2653,1484.911
20211003T001337.735Z,9.4595,3.39926,97.294,31.2653,1484.912
20211003T001338.719Z,9.4598,3.39924,97.293,31.2649,1484.912
20211003T001339.753Z,9.46,3.39924,97.294,31.2647,1484.913
20211003T001340.714Z,9.4599,3.39923,97.294,31.2646,1484.912
20211003T001341.727Z,9.4599,3.39924,97.295,31.2647,1484.912
20211003T001342.715Z,9.4599,3.39924,97.294,31.2648,1484.912
20211003T001343.736Z,9.4598,3.39922,97.294,31.2647,1484.912
20211003T001344.715Z,9.4598,3.39922,97.294,31.2647,1484.912
20211003T001345.728Z,9.4597,3.39921,97.294,31.2647,1484.911
20211003T001346.717Z,9.4592,3.39919,97.295,31.2649,1484.91
20211003T001347.879Z,9.4587,3.39917,97.294,31.2651,1484.908
20211003T001348.715Z,9.4583,3.39914,97.294,31.2652,1484.907
20211003T001349.734Z,9.4579,3.39913,97.295,31.2653,1484.906
20211003T001350.714Z,9.4582,3.39911,97.293,31.2649,1484.906
20211003T001351.788Z,9.4575,3.39909,97.294,31.2653,1484.904
20211003T001352.714Z,9.4573,3.39907,97.293,31.2653,1484.903
20211003T001353.729Z,9.4577,3.39906,97.294,31.2648,1484.904
20211003T001354.728Z,9.4578,3.39904,97.294,31.2645,1484.904
20211003T001355.796Z,9.4578,3.399,97.293,31.2641,1484.904
20211003T001356.714Z,9.4577,3.39898,97.294,31.2641,1484.903
20211003T001357.742Z,9.4575,3.39895,97.293,31.2639,1484.902
20211003T001358.714Z,9.4572,3.39895,97.294,31.2641,1484.902
20211003T001359.726Z,9.457,3.39893,97.293,31.2641,1484.901
20211003T001400.714Z,9.4576,3.39893,97.294,31.2636,1484.902
20211003T001401.761Z,9.458,3.39893,97.293,31.2633,1484.903
20211003T001402.715Z,9.4578,3.39893,97.293,31.2635,1484.903
20211003T001403.741Z,9.4575,3.39892,97.293,31.2636,1484.902
20211003T001404.715Z,9.4573,3.39891,97.294,31.2637,1484.902
20211003T001405.715Z,9.4575,3.39891,97.294,31.2635,1484.902
20211003T001406.714Z,9.4575,3.39891,97.293,31.2635,1484.902
20211003T001407.725Z,9.4575,3.3989,97.293,31.2634,1484.902
20211003T001408.715Z,9.4574,3.39889,97.293,31.2634,1484.901
20211003T001409.731Z,9.4573,3.39889,97.293,31.2635,1484.901
20211003T001410.715Z,9.4572,3.39889,97.293,31.2636,1484.901
20211003T001411.723Z,9.457,3.39889,97.292,31.2637,1484.901
20211003T001412.715Z,9.457,3.39888,97.294,31.2636,1484.9
20211003T001413.723Z,9.4571,3.39887,97.293,31.2635,1484.9
20211003T001414.715Z,9.4569,3.39887,97.293,31.2636,1484.9
20211003T001415.721Z,9.4567,3.39885,97.292,31.2636,1484.899
20211003T001416.715Z,9.4565,3.39886,97.292,31.2638,1484.899
20211003T001417.768Z,9.4565,3.39886,97.293,31.2638,1484.899
20211003T001418.727Z,9.4565,3.39885,97.292,31.2638,1484.899
20211003T001419.758Z,9.4567,3.39887,97.292,31.2637,1484.899
20211003T001420.714Z,9.4572,3.39889,97.292,31.2635,1484.901
20211003T001421.771Z,9.4578,3.39888,97.292,31.2629,1484.902
20211003T001422.714Z,9.4578,3.39887,97.292,31.2628,1484.902
20211003T001423.735Z,9.4576,3.39888,97.292,31.2631,1484.902
20211003T001424.720Z,9.4575,3.39886,97.293,31.263,1484.901
20211003T001425.718Z,9.4575,3.39886,97.292,31.263,1484.901
20211003T001426.715Z,9.4575,3.39886,97.292,31.263,1484.901
20211003T001427.716Z,9.4575,3.39886,97.292,31.263,1484.901
20211003T001428.715Z,9.4575,3.39886,97.293,31.2629,1484.901
20211003T001429.816Z,9.4575,3.39886,97.292,31.263,1484.901
20211003T001430.715Z,9.4574,3.39884,97.292,31.2629,1484.901
20211003T001431.786Z,9.4573,3.39881,97.292,31.2627,1484.9
20211003T001432.716Z,9.4572,3.3988,97.292,31.2626,1484.9
20211003T001433.718Z,9.4574,3.39879,97.292,31.2623,1484.9
20211003T001434.714Z,9.4574,3.39878,97.291,31.2623,1484.9
20211003T001435.729Z,9.4572,3.39881,97.291,31.2627,1484.9
20211003T001436.715Z,9.4573,3.39884,97.291,31.2629,1484.901
20211003T001437.723Z,9.457,3.39885,97.292,31.2634,1484.9
20211003T001438.715Z,9.4569,3.39888,97.291,31.2637,1484.9
20211003T001439.753Z,9.4569,3.39889,97.291,31.2638,1484.9
20211003T001440.715Z,9.457,3.3989,97.291,31.2637,1484.901
20211003T001441.721Z,9.4572,3.39888,97.292,31.2635,1484.901
20211003T001442.714Z,9.4573,3.39888,97.291,31.2633,1484.901
20211003T001443.756Z,9.4576,3.39888,97.29,31.2631,1484.902
20211003T001444.715Z,9.4575,3.39888,97.291,31.2632,1484.902
20211003T001445.724Z,9.4574,3.39888,97.29,31.2633,1484.901
20211003T001446.713Z,9.4575,3.39887,97.291,31.2631,1484.901
20211003T001447.716Z,9.4577,3.39885,97.291,31.2627,1484.902
20211003T001448.714Z,9.458,3.39884,97.29,31.2624,1484.902
20211003T001449.722Z,9.4583,3.39885,97.291,31.2621,1484.903
20211003T001450.714Z,9.4583,3.39887,97.29,31.2623,1484.904
20211003T001451.737Z,9.4578,3.39889,97.291,31.263,1484.903
20211003T001452.714Z,9.4576,3.39892,97.291,31.2634,1484.902
20211003T001453.720Z,9.4575,3.3989,97.291,31.2633,1484.902
20211003T001454.714Z,9.4575,3.39889,97.292,31.2633,1484.902
20211003T001455.772Z,9.4575,3.3989,97.292,31.2634,1484.902
20211003T001456.715Z,9.4575,3.3989,97.291,31.2634,1484.902
20211003T001457.746Z,9.4574,3.3989,97.291,31.2635,1484.902
20211003T001458.714Z,9.4573,3.39889,97.291,31.2634,1484.901
20211003T001459.727Z,9.4572,3.39888,97.291,31.2635,1484.901
20211003T001500.715Z,9.4571,3.39887,97.291,31.2635,1484.9
20211003T001501.720Z,9.457,3.39887,97.291,31.2635,1484.9
20211003T001502.715Z,9.4569,3.39887,97.291,31.2636,1484.9
20211003T001503.796Z,9.4568,3.39884,97.291,31.2633,1484.899
20211003T001504.716Z,9.4567,3.39885,97.29,31.2635,1484.899
20211003T001505.752Z,9.4566,3.39885,97.291,31.2636,1484.899
20211003T001506.719Z,9.4565,3.39884,97.292,31.2636,1484.899
20211003T001507.747Z,9.4565,3.39885,97.291,31.2637,1484.899
20211003T001508.716Z,9.4565,3.39884,97.291,31.2637,1484.898
20211003T001509.732Z,9.4564,3.39884,97.291,31.2638,1484.898
20211003T001510.720Z,9.4563,3.39884,97.291,31.2639,1484.898
20211003T001511.872Z,9.4563,3.39885,97.291,31.2639,1484.898
20211003T001512.716Z,9.4564,3.39884,97.291,31.2637,1484.898
20211003T001513.719Z,9.4565,3.39883,97.291,31.2635,1484.899
20211003T001514.716Z,9.4566,3.39884,97.292,31.2635,1484.899
20211003T001515.763Z,9.4568,3.39883,97.291,31.2632,1484.899
20211003T001516.714Z,9.4573,3.39884,97.291,31.2629,1484.901
20211003T001517.754Z,9.4575,3.39883,97.292,31.2627,1484.901
20211003T001518.715Z,9.4574,3.39883,97.293,31.2628,1484.901
20211003T001519.717Z,9.4572,3.39883,97.291,31.2629,1484.9
20211003T001520.715Z,9.457,3.39883,97.292,31.2631,1484.9
20211003T001521.804Z,9.4568,3.39882,97.291,31.2632,1484.899
20211003T001522.715Z,9.4567,3.39881,97.291,31.2632,1484.899
20211003T001523.756Z,9.4568,3.39881,97.291,31.2631,1484.899
20211003T001524.715Z,9.4568,3.39881,97.292,31.2631,1484.899
20211003T001525.777Z,9.4567,3.3988,97.291,31.263,1484.899
20211003T001526.715Z,9.4567,3.39879,97.291,31.2629,1484.898
20211003T001527.812Z,9.4568,3.39879,97.291,31.2628,1484.899
20211003T001528.715Z,9.4567,3.39879,97.291,31.263,1484.898
20211003T001529.722Z,9.4568,3.39879,97.291,31.2629,1484.899
20211003T001530.715Z,9.4569,3.39881,97.291,31.263,1484.899
20211003T001531.761Z,9.4569,3.3988,97.291,31.2629,1484.899
20211003T001532.728Z,9.4569,3.39881,97.292,31.2629,1484.899
20211003T001533.773Z,9.4569,3.39881,97.291,31.263,1484.899
20211003T001534.714Z,9.4568,3.39881,97.291,31.2631,1484.899
20211003T001535.728Z,9.4566,3.39881,97.291,31.2632,1484.898
20211003T001536.714Z,9.4565,3.39882,97.291,31.2635,1484.898
20211003T001537.730Z,9.4564,3.39882,97.291,31.2635,1484.898
20211003T001538.716Z,9.4563,3.39883,97.29,31.2637,1484.898
20211003T001539.781Z,9.4565,3.39882,97.291,31.2635,1484.898
20211003T001540.714Z,9.4567,3.39883,97.291,31.2634,1484.899
20211003T001541.751Z,9.4568,3.39882,97.291,31.2632,1484.899
20211003T001542.715Z,9.4569,3.39882,97.29,31.2632,1484.899
20211003T001543.729Z,9.4568,3.3988,97.291,31.2629,1484.899
20211003T001544.714Z,9.4567,3.3988,97.292,31.263,1484.898
20211003T001545.717Z,9.4566,3.39878,97.291,31.263,1484.898
20211003T001546.714Z,9.4565,3.39877,97.291,31.2629,1484.898
20211003T001547.744Z,9.4565,3.39877,97.29,31.2629,1484.898
20211003T001548.714Z,9.4564,3.39876,97.291,31.2629,1484.897
20211003T001549.733Z,9.4565,3.39876,97.29,31.2628,1484.897
20211003T001550.715Z,9.4565,3.39875,97.291,31.2627,1484.897
20211003T001551.777Z,9.4563,3.39876,97.29,31.2629,1484.897
20211003T001552.719Z,9.4564,3.39877,97.29,31.2629,1484.897
20211003T001553.760Z,9.4563,3.39876,97.289,31.263,1484.897
20211003T001554.714Z,9.4562,3.39874,97.29,31.2629,1484.897
20211003T001555.725Z,9.4562,3.39875,97.29,31.263,1484.896
20211003T001556.733Z,9.4561,3.39874,97.29,31.263,1484.896
20211003T001557.716Z,9.4561,3.39875,97.289,31.2631,1484.896
20211003T001558.715Z,9.456,3.39875,97.29,31.2631,1484.896
20211003T001559.764Z,9.456,3.39874,97.289,31.2631,1484.896
20211003T001600.717Z,9.4561,3.39877,97.289,31.2632,1484.896
20211003T001601.736Z,9.4562,3.39877,97.29,31.2631,1484.897
20211003T001602.714Z,9.4563,3.39879,97.29,31.2633,1484.897
20211003T001603.720Z,9.4564,3.39881,97.29,31.2634,1484.898
20211003T001604.716Z,9.4565,3.39885,97.289,31.2638,1484.899
20211003T001605.783Z,9.4566,3.39886,97.289,31.2637,1484.899
20211003T001606.715Z,9.4568,3.39887,97.289,31.2637,1484.9
20211003T001607.770Z,9.457,3.39886,97.289,31.2634,1484.9
20211003T001608.714Z,9.4572,3.39885,97.289,31.2631,1484.9
20211003T001609.715Z,9.4574,3.39886,97.289,31.263,1484.901
20211003T001610.715Z,9.4575,3.39885,97.289,31.2628,1484.901
20211003T001611.772Z,9.4575,3.39885,97.29,31.2628,1484.901
20211003T001612.714Z,9.4575,3.39883,97.289,31.2626,1484.901
20211003T001613.788Z,9.4574,3.39882,97.288,31.2627,1484.901
20211003T001614.714Z,9.4574,3.39882,97.29,31.2627,1484.901
20211003T001615.803Z,9.4572,3.39886,97.289,31.2632,1484.901
20211003T001616.714Z,9.4572,3.3989,97.288,31.2637,1484.901
20211003T001617.732Z,9.4572,3.39893,97.288,31.2639,1484.901
20211003T001618.714Z,9.4571,3.39894,97.288,31.2641,1484.901
20211003T001619.718Z,9.4572,3.39895,97.289,31.2642,1484.901
20211003T001620.728Z,9.4572,3.39897,97.289,31.2643,1484.902
20211003T001621.729Z,9.4574,3.399,97.288,31.2645,1484.903
20211003T001622.715Z,9.4574,3.39904,97.289,31.2649,1484.903
20211003T001623.722Z,9.4575,3.39906,97.289,31.265,1484.904
20211003T001624.715Z,9.4575,3.39907,97.289,31.2651,1484.904
20211003T001625.741Z,9.4577,3.39909,97.288,31.2651,1484.905
20211003T001626.715Z,9.4581,3.3991,97.289,31.2649,1484.906
20211003T001627.723Z,9.4583,3.3991,97.29,31.2648,1484.906
20211003T001628.715Z,9.4581,3.39909,97.289,31.2648,1484.906
20211003T001629.753Z,9.4578,3.39908,97.289,31.2649,1484.905
20211003T001630.715Z,9.4576,3.39909,97.288,31.2652,1484.905
20211003T001631.723Z,9.4575,3.39908,97.288,31.2653,1484.904
20211003T001632.714Z,9.4575,3.39909,97.289,31.2653,1484.904
20211003T001633.742Z,9.4575,3.3991,97.288,31.2654,1484.904
20211003T001634.715Z,9.4577,3.39909,97.288,31.2652,1484.905
20211003T001635.785Z,9.4578,3.39909,97.288,31.265,1484.905
20211003T001636.714Z,9.4579,3.39911,97.287,31.2652,1484.905
20211003T001637.795Z,9.458,3.3991,97.288,31.265,1484.906
20211003T001638.719Z,9.458,3.39911,97.288,31.2651,1484.906
20211003T001639.780Z,9.4579,3.39912,97.289,31.2652,1484.906
20211003T001640.714Z,9.4579,3.3991,97.288,31.2651,1484.905
20211003T001641.719Z,9.4579,3.3991,97.288,31.2651,1484.905
20211003T001642.716Z,9.4579,3.39908,97.287,31.2649,1484.905
20211003T001643.760Z,9.458,3.39908,97.288,31.2648,1484.905
20211003T001644.715Z,9.4581,3.39908,97.288,31.2647,1484.906
20211003T001645.747Z,9.4582,3.39907,97.288,31.2646,1484.906
20211003T001646.717Z,9.4583,3.39907,97.289,31.2644,1484.906
20211003T001647.748Z,9.4585,3.39907,97.288,31.2642,1484.906
20211003T001648.714Z,9.4585,3.39906,97.287,31.2641,1484.906
20211003T001649.759Z,9.4585,3.39907,97.287,31.2643,1484.906
20211003T001650.715Z,9.4585,3.39906,97.288,31.2642,1484.906
20211003T001651.739Z,9.4585,3.39908,97.287,31.2644,1484.907
20211003T001652.715Z,9.4587,3.39909,97.288,31.2643,1484.907
20211003T001653.739Z,9.4588,3.39907,97.288,31.264,1484.907
20211003T001654.715Z,9.4588,3.39908,97.288,31.2641,1484.907
20211003T001655.722Z,9.4588,3.39907,97.288,31.264,1484.907
20211003T001656.714Z,9.4587,3.39908,97.288,31.2642,1484.907
20211003T001657.743Z,9.4588,3.39908,97.289,31.2641,1484.907
20211003T001658.714Z,9.4588,3.39907,97.289,31.264,1484.907
20211003T001659.788Z,9.4589,3.39908,97.289,31.264,1484.908
20211003T001700.715Z,9.4588,3.39907,97.288,31.2639,1484.907
20211003T001701.788Z,9.4589,3.39907,97.288,31.2639,1484.908
20211003T001702.715Z,9.4589,3.39907,97.289,31.2639,1484.908
20211003T001703.738Z,9.4589,3.39907,97.288,31.2639,1484.908
20211003T001704.714Z,9.4589,3.39908,97.287,31.264,1484.908
20211003T001705.718Z,9.4589,3.39907,97.287,31.2639,1484.907
20211003T001706.714Z,9.4589,3.39908,97.288,31.264,1484.908
20211003T001707.720Z,9.4588,3.39908,97.287,31.2641,1484.908
20211003T001708.715Z,9.459,3.39907,97.288,31.2639,1484.908
20211003T001709.758Z,9.459,3.39908,97.288,31.2639,1484.908
20211003T001710.713Z,9.459,3.39907,97.288,31.2638,1484.908
20211003T001711.722Z,9.459,3.39908,97.289,31.2639,1484.908
20211003T001712.715Z,9.4591,3.39909,97.288,31.2639,1484.908
20211003T001713.716Z,9.4592,3.39909,97.289,31.2639,1484.909
20211003T001714.713Z,9.4593,3.39909,97.287,31.2638,1484.909
20211003T001715.721Z,9.4593,3.3991,97.287,31.2639,1484.909
20211003T001716.715Z,9.4593,3.3991,97.287,31.2639,1484.909
20211003T001717.778Z,9.4593,3.3991,97.288,31.2639,1484.909
20211003T001718.714Z,9.4592,3.3991,97.288,31.264,1484.909
20211003T001719.757Z,9.459,3.3991,97.288,31.2641,1484.908
20211003T001720.714Z,9.459,3.39911,97.288,31.2642,1484.908
20211003T001721.721Z,9.4591,3.39911,97.289,31.2642,1484.909
20211003T001722.714Z,9.4591,3.39911,97.288,31.2642,1484.909
20211003T001723.741Z,9.459,3.3991,97.287,31.2641,1484.908
20211003T001724.719Z,9.4589,3.39909,97.288,31.2642,1484.908
20211003T001725.725Z,9.4588,3.39909,97.288,31.2642,1484.908
20211003T001726.714Z,9.4589,3.39908,97.287,31.264,1484.908
20211003T001727.734Z,9.459,3.39908,97.287,31.264,1484.908
20211003T001728.716Z,9.4591,3.39908,97.287,31.2638,1484.908
20211003T001729.733Z,9.4591,3.39908,97.287,31.2638,1484.908
20211003T001730.714Z,9.459,3.39908,97.287,31.2639,1484.908
20211003T001731.734Z,9.459,3.39908,97.286,31.2639,1484.908
20211003T001732.715Z,9.459,3.39908,97.286,31.2639,1484.908
20211003T001733.747Z,9.459,3.39907,97.287,31.2638,1484.908
20211003T001734.713Z,9.4591,3.39908,97.287,31.2638,1484.908
20211003T001735.734Z,9.4593,3.39907,97.287,31.2636,1484.908
20211003T001736.713Z,9.4593,3.39907,97.286,31.2635,1484.909
20211003T001737.737Z,9.4593,3.39906,97.286,31.2635,1484.908
20211003T001738.715Z,9.4593,3.39905,97.286,31.2633,1484.908
20211003T001739.729Z,9.4591,3.39904,97.287,31.2634,1484.908
20211003T001740.715Z,9.459,3.39903,97.285,31.2634,1484.907
20211003T001741.741Z,9.4588,3.399,97.285,31.2633,1484.906
20211003T001742.715Z,9.4587,3.399,97.287,31.2634,1484.906
20211003T001743.803Z,9.4585,3.399,97.286,31.2635,1484.906
20211003T001744.715Z,9.4583,3.39898,97.286,31.2635,1484.905
20211003T001745.739Z,9.4582,3.39898,97.285,31.2637,1484.905
20211003T001746.715Z,9.458,3.39898,97.286,31.2638,1484.904
20211003T001747.724Z,9.4578,3.39898,97.285,31.2639,1484.903
20211003T001748.715Z,9.4577,3.39898,97.285,31.2641,1484.903
20211003T001749.718Z,9.4576,3.39898,97.285,31.2641,1484.903
20211003T001750.715Z,9.4577,3.39899,97.287,31.2641,1484.903
20211003T001751.762Z,9.4578,3.399,97.286,31.2642,1484.904
20211003T001752.715Z,9.4578,3.39898,97.284,31.264,1484.904
20211003T001753.729Z,9.4578,3.39897,97.286,31.2639,1484.903
20211003T001754.715Z,9.4578,3.39898,97.285,31.264,1484.904
20211003T001755.788Z,9.4577,3.39898,97.284,31.264,1484.903
20211003T001756.715Z,9.4576,3.39898,97.285,31.2641,1484.903
20211003T001757.766Z,9.4576,3.39897,97.285,31.264,1484.903
20211003T001758.728Z,9.4575,3.39896,97.284,31.2639,1484.903
20211003T001759.735Z,9.4575,3.39895,97.285,31.2639,1484.902
20211003T001800.713Z,9.4574,3.39894,97.285,31.2639,1484.902
20211003T001801.721Z,9.4573,3.39893,97.285,31.2639,1484.902
20211003T001802.714Z,9.4573,3.39892,97.283,31.2638,1484.901
20211003T001803.769Z,9.4572,3.39891,97.284,31.2638,1484.901
20211003T001804.715Z,9.4572,3.3989,97.284,31.2636,1484.901
20211003T001805.717Z,9.4571,3.39891,97.283,31.2638,1484.901
20211003T001806.719Z,9.4571,3.3989,97.284,31.2638,1484.901
20211003T001807.719Z,9.4571,3.39889,97.284,31.2637,1484.901
20211003T001808.715Z,9.4571,3.39888,97.283,31.2635,1484.901
20211003T001809.735Z,9.4571,3.39888,97.284,31.2635,1484.901
20211003T001810.719Z,9.4571,3.39887,97.284,31.2635,1484.9
20211003T001811.800Z,9.457,3.39887,97.284,31.2635,1484.9
20211003T001812.715Z,9.4572,3.39887,97.283,31.2633,1484.901
20211003T001813.719Z,9.4573,3.39888,97.283,31.2634,1484.901
20211003T001814.717Z,9.4573,3.39889,97.283,31.2634,1484.901
20211003T001815.718Z,9.4575,3.39891,97.283,31.2635,1484.902
20211003T001816.714Z,9.4577,3.39894,97.282,31.2636,1484.903
20211003T001817.732Z,9.4578,3.39895,97.283,31.2636,1484.903
20211003T001818.716Z,9.4579,3.39895,97.283,31.2636,1484.903
20211003T001819.778Z,9.4579,3.39897,97.283,31.2637,1484.904
20211003T001820.715Z,9.4579,3.39898,97.282,31.2639,1484.904
20211003T001821.725Z,9.4579,3.39899,97.283,31.2639,1484.904
20211003T001822.729Z,9.4579,3.39901,97.283,31.2641,1484.904
20211003T001823.721Z,9.4581,3.39903,97.283,31.2641,1484.905
20211003T001824.715Z,9.4583,3.39903,97.283,31.264,1484.905
20211003T001825.722Z,9.4583,3.39904,97.283,31.2641,1484.906
20211003T001826.714Z,9.4583,3.39903,97.282,31.2641,1484.905
20211003T001827.747Z,9.4583,3.39904,97.283,31.2642,1484.905
20211003T001828.713Z,9.4583,3.39904,97.283,31.2641,1484.905
20211003T001829.728Z,9.4584,3.39904,97.282,31.264,1484.906
20211003T001830.714Z,9.4584,3.39903,97.282,31.2639,1484.906
20211003T001831.869Z,9.4585,3.39902,97.283,31.2637,1484.906
20211003T001832.714Z,9.4585,3.39903,97.282,31.2639,1484.906
20211003T001833.733Z,9.4585,3.39902,97.283,31.2637,1484.906
20211003T001834.714Z,9.4583,3.39901,97.283,31.2638,1484.905
20211003T001835.795Z,9.4582,3.399,97.282,31.2639,1484.905
20211003T001836.714Z,9.4581,3.39903,97.282,31.2642,1484.905
20211003T001837.741Z,9.4579,3.39903,97.282,31.2643,1484.905
20211003T001838.714Z,9.458,3.39905,97.282,31.2645,1484.905
20211003T001839.729Z,9.458,3.39905,97.282,31.2644,1484.905
20211003T001840.714Z,9.4582,3.39907,97.282,31.2645,1484.906
20211003T001841.936Z,9.4584,3.39908,97.282,31.2645,1484.906
20211003T001842.714Z,9.459,3.39908,97.281,31.2639,1484.908
20211003T001843.753Z,9.4595,3.39907,97.281,31.2634,1484.909
20211003T001844.714Z,9.4594,3.39907,97.282,31.2635,1484.909
20211003T001845.744Z,9.4593,3.39906,97.282,31.2635,1484.908
20211003T001846.714Z,9.4591,3.39905,97.282,31.2635,1484.908
20211003T001847.827Z,9.459,3.39905,97.283,31.2636,1484.907
20211003T001848.714Z,9.459,3.39906,97.282,31.2636,1484.908
20211003T001849.800Z,9.4593,3.39905,97.282,31.2633,1484.908
20211003T001850.715Z,9.4592,3.39905,97.282,31.2634,1484.908
20211003T001851.723Z,9.4592,3.39905,97.282,31.2635,1484.908
20211003T001852.718Z,9.4592,3.39904,97.28,31.2634,1484.908
20211003T001853.774Z,9.4593,3.39904,97.282,31.2632,1484.908
20211003T001854.714Z,9.4593,3.39904,97.281,31.2633,1484.908
20211003T001855.719Z,9.4594,3.39904,97.282,31.2632,1484.908
20211003T001856.715Z,9.4594,3.39903,97.281,31.2631,1484.908
20211003T001857.789Z,9.4593,3.39903,97.282,31.2632,1484.908
20211003T001858.714Z,9.4591,3.39904,97.282,31.2634,1484.908
20211003T001859.774Z,9.4589,3.39903,97.281,31.2635,1484.907
20211003T001900.717Z,9.4586,3.39904,97.281,31.2638,1484.906
20211003T001901.862Z,9.4586,3.39905,97.281,31.264,1484.906
20211003T001902.715Z,9.4585,3.39906,97.281,31.2641,1484.906
20211003T001903.755Z,9.4584,3.39905,97.281,31.2642,1484.906
20211003T001904.714Z,9.4583,3.39906,97.281,31.2643,1484.906
20211003T001905.724Z,9.4584,3.39908,97.281,31.2644,1484.906
20211003T001906.715Z,9.4585,3.39908,97.281,31.2644,1484.906
20211003T001907.724Z,9.4586,3.39908,97.281,31.2643,1484.907
20211003T001908.715Z,9.4586,3.39907,97.281,31.2642,1484.907
20211003T001909.761Z,9.4586,3.39907,97.28,31.2642,1484.907
20211003T001910.715Z,9.4587,3.39907,97.281,31.2641,1484.907
20211003T001911.740Z,9.4587,3.39907,97.281,31.2641,1484.907
20211003T001912.714Z,9.4587,3.39906,97.28,31.264,1484.907
20211003T001913.792Z,9.4586,3.39906,97.281,31.2641,1484.907
20211003T001914.716Z,9.4586,3.39907,97.279,31.2642,1484.906
20211003T001915.801Z,9.4585,3.39907,97.28,31.2642,1484.906
20211003T001916.716Z,9.4585,3.39909,97.281,31.2645,1484.907
20211003T001917.749Z,9.4585,3.39909,97.282,31.2645,1484.907
20211003T001918.715Z,9.4586,3.3991,97.28,31.2645,1484.907
20211003T001919.719Z,9.4586,3.39912,97.279,31.2647,1484.907
20211003T001920.715Z,9.4587,3.39912,97.28,31.2646,1484.907
20211003T001921.725Z,9.4587,3.39913,97.28,31.2647,1484.908
20211003T001922.715Z,9.4588,3.39914,97.281,31.2647,1484.908
20211003T001923.748Z,9.4587,3.39915,97.281,31.2649,1484.908
20211003T001924.714Z,9.4587,3.39915,97.28,31.2649,1484.908
20211003T001925.778Z,9.4588,3.39916,97.28,31.2648,1484.908
20211003T001926.714Z,9.4587,3.39916,97.28,31.265,1484.908
20211003T001927.728Z,9.4587,3.39915,97.28,31.2649,1484.908
20211003T001928.715Z,9.4588,3.39915,97.281,31.2648,1484.908
20211003T001929.798Z,9.459,3.39915,97.28,31.2647,1484.909
20211003T001930.715Z,9.4591,3.39915,97.28,31.2645,1484.909
20211003T001931.716Z,9.459,3.39917,97.28,31.2648,1484.909
20211003T001932.715Z,9.4591,3.39917,97.28,31.2647,1484.909
20211003T001933.722Z,9.4592,3.39917,97.279,31.2647,1484.909
20211003T001934.715Z,9.4593,3.39919,97.278,31.2648,1484.91
20211003T001935.736Z,9.4594,3.3992,97.278,31.2648,1484.911
20211003T001936.715Z,9.4595,3.3992,97.28,31.2647,1484.911
20211003T001937.758Z,9.4596,3.39921,97.279,31.2647,1484.911
20211003T001938.718Z,9.4598,3.39923,97.279,31.2648,1484.912
20211003T001939.814Z,9.4604,3.39926,97.279,31.2646,1484.914
20211003T001940.714Z,9.4609,3.3993,97.279,31.2645,1484.916
20211003T001941.758Z,9.4611,3.39934,97.279,31.2648,1484.916
20211003T001942.716Z,9.4611,3.39936,97.279,31.265,1484.917
20211003T001943.775Z,9.4609,3.39935,97.279,31.2651,1484.916
20211003T001944.716Z,9.4605,3.39932,97.279,31.265,1484.915
20211003T001945.781Z,9.4602,3.39929,97.279,31.265,1484.914
20211003T001946.715Z,9.4598,3.39928,97.278,31.2653,1484.912
20211003T001947.764Z,9.4594,3.39928,97.279,31.2656,1484.911
20211003T001948.714Z,9.4593,3.3993,97.279,31.2659,1484.911
20211003T001949.771Z,9.4593,3.3993,97.279,31.266,1484.911
20211003T001950.713Z,9.4594,3.39932,97.278,31.2661,1484.912
20211003T001951.756Z,9.4594,3.39931,97.278,31.2659,1484.912
20211003T001952.714Z,9.4594,3.3993,97.279,31.2658,1484.912
20211003T001953.726Z,9.4595,3.39929,97.278,31.2657,1484.912
20211003T001954.715Z,9.4594,3.39931,97.278,31.2659,1484.912
20211003T001955.784Z,9.4597,3.39932,97.278,31.2658,1484.913
20211003T001956.715Z,9.4598,3.39933,97.279,31.2658,1484.913
20211003T001957.734Z,9.46,3.39934,97.278,31.2658,1484.914
20211003T001958.715Z,9.4601,3.39934,97.278,31.2656,1484.914
20211003T001959.724Z,9.4601,3.39933,97.278,31.2655,1484.914
20211003T002000.728Z,9.4601,3.39931,97.278,31.2653,1484.914
20211003T002001.765Z,9.4601,3.39929,97.277,31.2651,1484.913
20211003T002002.714Z,9.46,3.39928,97.278,31.2651,1484.913
20211003T002003.719Z,9.4601,3.39926,97.278,31.2648,1484.913
20211003T002004.714Z,9.4599,3.39924,97.278,31.2647,1484.912
20211003T002005.772Z,9.4598,3.39922,97.278,31.2647,1484.912
20211003T002006.715Z,9.4598,3.39921,97.277,31.2645,1484.911
20211003T002007.759Z,9.4598,3.39919,97.278,31.2644,1484.911
20211003T002008.714Z,9.4597,3.39919,97.278,31.2644,1484.911
20211003T002009.734Z,9.4596,3.39918,97.278,31.2645,1484.911
20211003T002010.715Z,9.4595,3.39918,97.278,31.2645,1484.91
20211003T002011.750Z,9.4596,3.39919,97.278,31.2645,1484.911
20211003T002012.715Z,9.4597,3.39918,97.277,31.2643,1484.911
20211003T002013.784Z,9.4599,3.39918,97.277,31.2642,1484.911
20211003T002014.714Z,9.46,3.39917,97.278,31.2639,1484.912
20211003T002015.749Z,9.4599,3.39919,97.278,31.2643,1484.912
20211003T002016.714Z,9.4598,3.39919,97.278,31.2644,1484.911
20211003T002017.762Z,9.4597,3.39919,97.277,31.2645,1484.911
20211003T002018.714Z,9.4597,3.39918,97.277,31.2644,1484.911
20211003T002019.718Z,9.4596,3.39918,97.277,31.2644,1484.911
20211003T002020.719Z,9.4597,3.39919,97.277,31.2644,1484.911
20211003T002021.874Z,9.4597,3.39919,97.276,31.2645,1484.911
20211003T002022.714Z,9.4598,3.39918,97.278,31.2642,1484.911
20211003T002023.752Z,9.4597,3.39917,97.276,31.2641,1484.911
20211003T002024.732Z,9.4597,3.39916,97.276,31.2642,1484.911
20211003T002025.737Z,9.4597,3.39914,97.277,31.2639,1484.91
20211003T002026.715Z,9.4598,3.39913,97.276,31.2637,1484.911
20211003T002027.750Z,9.4602,3.39913,97.277,31.2634,1484.911
20211003T002028.717Z,9.4604,3.39912,97.277,31.2631,1484.912
20211003T002029.717Z,9.4608,3.39913,97.277,31.2628,1484.913
20211003T002030.715Z,9.461,3.39912,97.277,31.2626,1484.914
20211003T002031.719Z,9.4611,3.3991,97.276,31.2623,1484.913
20211003T002032.716Z,9.461,3.39909,97.276,31.2622,1484.913
20211003T002033.743Z,9.461,3.39907,97.277,31.262,1484.913
20211003T002034.715Z,9.4611,3.39906,97.276,31.2619,1484.913
20211003T002035.730Z,9.461,3.39906,97.276,31.262,1484.913
20211003T002036.715Z,9.4609,3.39905,97.276,31.2619,1484.912
20211003T002037.719Z,9.4609,3.39904,97.277,31.2618,1484.912
20211003T002038.714Z,9.4608,3.39903,97.276,31.2618,1484.912
20211003T002039.743Z,9.4608,3.39901,97.276,31.2617,1484.912
20211003T002040.716Z,9.4606,3.399,97.276,31.2617,1484.911
20211003T002041.883Z,9.4605,3.39899,97.275,31.2617,1484.911
20211003T002042.714Z,9.4603,3.39899,97.276,31.2619,1484.91
20211003T002043.793Z,9.4601,3.39898,97.275,31.2619,1484.909
20211003T002044.721Z,9.4599,3.39899,97.276,31.2623,1484.909
20211003T002045.778Z,9.4593,3.39901,97.276,31.2629,1484.908
20211003T002046.714Z,9.4588,3.39902,97.277,31.2635,1484.906
20211003T002047.748Z,9.4584,3.39902,97.276,31.2638,1484.905
20211003T002048.728Z,9.4583,3.39902,97.276,31.2639,1484.905
20211003T002049.784Z,9.4583,3.39901,97.275,31.2639,1484.905
20211003T002050.714Z,9.4585,3.399,97.276,31.2636,1484.906
20211003T002051.719Z,9.4585,3.399,97.276,31.2636,1484.906
20211003T002052.733Z,9.4586,3.39901,97.276,31.2636,1484.906
20211003T002053.744Z,9.4587,3.39904,97.276,31.2638,1484.906
20211003T002054.714Z,9.4588,3.39903,97.275,31.2636,1484.907
20211003T002055.744Z,9.459,3.39903,97.275,31.2634,1484.907
20211003T002056.738Z,9.459,3.39903,97.276,31.2634,1484.907
20211003T002057.762Z,9.4592,3.39904,97.276,31.2634,1484.908
20211003T002058.715Z,9.4593,3.39903,97.276,31.2632,1484.908
20211003T002059.720Z,9.4593,3.39904,97.275,31.2633,1484.908
20211003T002100.714Z,9.4593,3.39903,97.276,31.2631,1484.908
20211003T002101.746Z,9.4593,3.39902,97.274,31.263,1484.908
20211003T002102.715Z,9.4592,3.39902,97.276,31.2631,1484.907
20211003T002103.744Z,9.4592,3.399,97.276,31.263,1484.907
20211003T002104.715Z,9.459,3.399,97.275,31.2631,1484.907
20211003T002105.780Z,9.459,3.399,97.274,31.2632,1484.907
20211003T002106.720Z,9.4589,3.399,97.275,31.2632,1484.906
20211003T002107.803Z,9.4589,3.39901,97.274,31.2633,1484.907
20211003T002108.713Z,9.4589,3.39898,97.276,31.263,1484.906
20211003T002109.726Z,9.459,3.39898,97.275,31.2629,1484.906
20211003T002110.714Z,9.459,3.39898,97.275,31.2628,1484.907
20211003T002111.733Z,9.4591,3.39899,97.274,31.2629,1484.907
20211003T002112.715Z,9.4591,3.39898,97.275,31.2629,1484.907
20211003T002113.731Z,9.459,3.39899,97.275,31.2629,1484.907
20211003T002114.716Z,9.4589,3.39899,97.275,31.263,1484.906
20211003T002115.761Z,9.4589,3.39897,97.275,31.2629,1484.906
20211003T002116.714Z,9.4589,3.39899,97.275,31.2631,1484.906
20211003T002117.716Z,9.4589,3.39898,97.275,31.263,1484.906
20211003T002118.715Z,9.459,3.39899,97.274,31.263,1484.907
20211003T002119.721Z,9.459,3.39898,97.274,31.2629,1484.906
20211003T002120.714Z,9.459,3.39899,97.274,31.263,1484.907
20211003T002121.718Z,9.459,3.399,97.275,31.2631,1484.907
20211003T002122.714Z,9.459,3.39901,97.274,31.2632,1484.907
20211003T002123.716Z,9.4591,3.39902,97.274,31.2632,1484.907
20211003T002124.714Z,9.4593,3.39904,97.274,31.2633,1484.908
20211003T002125.808Z,9.4594,3.39904,97.274,31.2632,1484.908
20211003T002126.714Z,9.4595,3.39904,97.274,31.2631,1484.909
20211003T002127.739Z,9.4597,3.39905,97.274,31.263,1484.909
20211003T002128.715Z,9.46,3.39906,97.274,31.2629,1484.91
20211003T002129.735Z,9.4601,3.39907,97.274,31.2629,1484.911
20211003T002130.716Z,9.4601,3.39907,97.274,31.2629,1484.911
20211003T002131.745Z,9.4603,3.39907,97.274,31.2627,1484.911
20211003T002132.714Z,9.4604,3.39908,97.274,31.2627,1484.911
20211003T002133.718Z,9.4605,3.39908,97.274,31.2626,1484.912
20211003T002134.715Z,9.4607,3.39908,97.274,31.2625,1484.912
20211003T002135.721Z,9.4607,3.39907,97.273,31.2623,1484.912
20211003T002136.713Z,9.4608,3.39906,97.273,31.2622,1484.912
20211003T002137.749Z,9.4608,3.39905,97.273,31.2621,1484.912
20211003T002138.714Z,9.4607,3.39904,97.273,31.262,1484.912
20211003T002139.742Z,9.4608,3.39904,97.273,31.2619,1484.912
20211003T002140.714Z,9.4608,3.39903,97.274,31.2618,1484.912
20211003T002141.736Z,9.4608,3.39901,97.274,31.2616,1484.912
20211003T002142.714Z,9.4607,3.399,97.273,31.2616,1484.911
20211003T002143.743Z,9.4606,3.399,97.273,31.2618,1484.911
20211003T002144.714Z,9.4605,3.39902,97.272,31.262,1484.911
20211003T002145.735Z,9.4606,3.39903,97.273,31.262,1484.911
20211003T002146.713Z,9.4606,3.39902,97.273,31.2619,1484.911
20211003T002147.734Z,9.4606,3.39904,97.273,31.2621,1484.911
20211003T002148.715Z,9.4606,3.39903,97.274,31.262,1484.911
20211003T002149.724Z,9.4606,3.39903,97.272,31.262,1484.911
20211003T002150.714Z,9.4607,3.39904,97.273,31.262,1484.912
20211003T002151.726Z,9.4608,3.39905,97.273,31.262,1484.912
20211003T002152.719Z,9.4609,3.39905,97.272,31.262,1484.912
20211003T002153.726Z,9.4609,3.39906,97.273,31.2621,1484.913
20211003T002154.715Z,9.4609,3.39906,97.272,31.262,1484.913
20211003T002155.721Z,9.4609,3.39906,97.272,31.2621,1484.913
20211003T002156.715Z,9.4608,3.39906,97.273,31.2621,1484.912
20211003T002157.964Z,9.4609,3.39906,97.272,31.2621,1484.913
20211003T002158.714Z,9.4609,3.39907,97.273,31.2621,1484.913
20211003T002159.762Z,9.4611,3.39905,97.272,31.2618,1484.913
20211003T002200.717Z,9.4612,3.39904,97.272,31.2616,1484.913
20211003T002201.768Z,9.4611,3.39906,97.272,31.2619,1484.913
20211003T002202.728Z,9.4612,3.3991,97.272,31.2622,1484.914
20211003T002203.739Z,9.4612,3.39914,97.272,31.2626,1484.914
20211003T002204.714Z,9.4613,3.39916,97.272,31.2628,1484.915
20211003T002205.727Z,9.4613,3.39918,97.272,31.2629,1484.915
20211003T002206.713Z,9.4614,3.39919,97.272,31.263,1484.915
20211003T002207.811Z,9.4615,3.3992,97.271,31.263,1484.916
20211003T002208.715Z,9.4616,3.39922,97.271,31.2631,1484.916
20211003T002209.720Z,9.4617,3.39921,97.271,31.2628,1484.916
20211003T002210.714Z,9.4619,3.39923,97.272,31.263,1484.917
20211003T002211.738Z,9.462,3.39924,97.272,31.2629,1484.917
20211003T002212.714Z,9.4621,3.39925,97.27,31.2629,1484.918
20211003T002213.757Z,9.4622,3.39924,97.271,31.2628,1484.918
20211003T002214.713Z,9.4623,3.39923,97.271,31.2626,1484.918
20211003T002215.730Z,9.4623,3.39924,97.271,31.2627,1484.918
20211003T002216.713Z,9.4623,3.39925,97.271,31.2627,1484.918
20211003T002217.751Z,9.4624,3.39925,97.271,31.2627,1484.919
20211003T002218.714Z,9.4625,3.39924,97.271,31.2626,1484.919
20211003T002219.717Z,9.4625,3.39923,97.271,31.2624,1484.919
20211003T002220.714Z,9.4625,3.39921,97.27,31.2622,1484.918
20211003T002221.722Z,9.4626,3.39921,97.271,31.2621,1484.919
20211003T002222.714Z,9.4626,3.39919,97.271,31.2619,1484.918
20211003T002223.746Z,9.4626,3.3992,97.271,31.262,1484.919
20211003T002224.715Z,9.4626,3.39918,97.27,31.2618,1484.918
20211003T002225.817Z,9.4628,3.39919,97.27,31.2618,1484.919
20211003T002226.728Z,9.463,3.39919,97.27,31.2616,1484.919
20211003T002227.727Z,9.4632,3.39918,97.27,31.2613,1484.92
20211003T002228.715Z,9.4632,3.39918,97.271,31.2613,1484.92
20211003T002229.731Z,9.463,3.39919,97.271,31.2615,1484.92
20211003T002230.715Z,9.4626,3.3992,97.27,31.262,1484.919
20211003T002231.766Z,9.4624,3.39923,97.27,31.2625,1484.918
20211003T002232.714Z,9.4624,3.39926,97.271,31.2628,1484.919
20211003T002233.725Z,9.4626,3.39927,97.27,31.2627,1484.919
20211003T002234.715Z,9.4628,3.39929,97.271,31.2627,1484.92
20211003T002235.794Z,9.4628,3.3993,97.27,31.2628,1484.92
20211003T002236.714Z,9.4627,3.3993,97.271,31.263,1484.92
20211003T002237.727Z,9.4627,3.3993,97.27,31.263,1484.92
20211003T002238.719Z,9.4628,3.39931,97.271,31.263,1484.921
20211003T002239.734Z,9.4629,3.3993,97.27,31.2628,1484.921
20211003T002240.714Z,9.463,3.39932,97.27,31.2629,1484.921
20211003T002241.785Z,9.4631,3.39932,97.27,31.2628,1484.921
20211003T002242.715Z,9.4631,3.39933,97.27,31.2629,1484.921
20211003T002243.720Z,9.4631,3.39933,97.27,31.263,1484.921
20211003T002244.714Z,9.4631,3.39932,97.27,31.2628,1484.921
20211003T002245.758Z,9.463,3.39931,97.27,31.2628,1484.921
20211003T002246.716Z,9.4631,3.39931,97.271,31.2627,1484.921
20211003T002247.722Z,9.463,3.3993,97.27,31.2627,1484.921
20211003T002248.714Z,9.463,3.39928,97.271,31.2624,1484.921
20211003T002249.755Z,9.463,3.39926,97.27,31.2623,1484.92
20211003T002250.728Z,9.4628,3.39925,97.27,31.2623,1484.92
20211003T002251.748Z,9.4628,3.39926,97.271,31.2624,1484.92
20211003T002252.714Z,9.4628,3.39927,97.269,31.2626,1484.92
20211003T002253.719Z,9.4628,3.39927,97.268,31.2625,1484.92
20211003T002254.715Z,9.4628,3.39928,97.27,31.2626,1484.92
20211003T002255.763Z,9.4628,3.3993,97.269,31.2629,1484.92
20211003T002256.715Z,9.4628,3.39932,97.269,31.263,1484.921
20211003T002257.729Z,9.463,3.39933,97.269,31.263,1484.921
20211003T002258.713Z,9.463,3.39932,97.269,31.2629,1484.921
20211003T002259.765Z,9.463,3.39933,97.269,31.263,1484.921
20211003T002300.713Z,9.463,3.39932,97.27,31.2628,1484.921
20211003T002301.758Z,9.4631,3.39933,97.269,31.2629,1484.921
20211003T002302.714Z,9.4631,3.39932,97.27,31.2628,1484.921
20211003T002303.732Z,9.4631,3.39932,97.269,31.2628,1484.921
20211003T002304.714Z,9.4632,3.39933,97.27,31.2628,1484.922
20211003T002305.747Z,9.4632,3.39932,97.269,31.2627,1484.921
20211003T002306.715Z,9.4632,3.39934,97.27,31.2629,1484.922
20211003T002307.823Z,9.4632,3.39935,97.269,31.263,1484.922
20211003T002308.714Z,9.4632,3.39934,97.268,31.263,1484.922
20211003T002309.735Z,9.4631,3.39935,97.27,31.263,1484.922
20211003T002310.714Z,9.4631,3.39935,97.27,31.263,1484.922
20211003T002311.766Z,9.4631,3.39935,97.269,31.2631,1484.922
20211003T002312.715Z,9.4631,3.39935,97.269,31.263,1484.922
20211003T002313.722Z,9.4631,3.39934,97.27,31.263,1484.921
20211003T002314.714Z,9.4631,3.39934,97.269,31.263,1484.921
20211003T002315.732Z,9.4631,3.39935,97.269,31.2632,1484.922
20211003T002316.714Z,9.4631,3.39935,97.268,31.2632,1484.922
20211003T002317.795Z,9.4631,3.39936,97.268,31.2632,1484.922
20211003T002318.714Z,9.4632,3.39936,97.269,31.2632,1484.922
20211003T002319.717Z,9.4631,3.39937,97.268,31.2634,1484.922
20211003T002320.720Z,9.4632,3.39937,97.267,31.2633,1484.922
20211003T002321.796Z,9.4631,3.39937,97.268,31.2633,1484.922
20211003T002322.715Z,9.4632,3.39937,97.269,31.2632,1484.922
20211003T002323.736Z,9.4631,3.39936,97.268,31.2631,1484.922
20211003T002324.718Z,9.4631,3.39937,97.269,31.2633,1484.922
20211003T002325.729Z,9.4632,3.39937,97.268,31.2632,1484.922
20211003T002326.713Z,9.4632,3.39938,97.268,31.2634,1484.922
20211003T002327.776Z,9.4633,3.39938,97.269,31.2633,1484.922
20211003T002328.716Z,9.4632,3.39937,97.268,31.2632,1484.922
20211003T002329.719Z,9.4631,3.39935,97.268,31.2631,1484.922
20211003T002330.715Z,9.4632,3.39935,97.268,31.2631,1484.922
20211003T002331.788Z,9.4631,3.39933,97.268,31.2629,1484.921
20211003T002332.716Z,9.463,3.3993,97.266,31.2627,1484.921
20211003T002333.718Z,9.4631,3.39927,97.267,31.2622,1484.921
20211003T002334.714Z,9.463,3.39923,97.267,31.262,1484.92
20211003T002335.775Z,9.4628,3.39918,97.266,31.2616,1484.919
20211003T002336.715Z,9.4627,3.39915,97.268,31.2614,1484.918
20211003T002337.721Z,9.4626,3.39913,97.268,31.2613,1484.918
20211003T002338.714Z,9.4625,3.39913,97.268,31.2613,1484.917
20211003T002339.758Z,9.4624,3.39913,97.268,31.2614,1484.917
20211003T002340.714Z,9.4624,3.39914,97.267,31.2616,1484.917
20211003T002341.765Z,9.4623,3.39916,97.267,31.2619,1484.917
20211003T002342.715Z,9.4622,3.39916,97.267,31.2619,1484.917
20211003T002343.742Z,9.4623,3.39916,97.267,31.2618,1484.917
20211003T002344.714Z,9.4625,3.39916,97.267,31.2618,1484.918
20211003T002345.728Z,9.4626,3.39917,97.266,31.2617,1484.918
20211003T002346.715Z,9.4626,3.39917,97.267,31.2617,1484.918
20211003T002347.782Z,9.4626,3.39917,97.267,31.2617,1484.918
20211003T002348.714Z,9.4628,3.39917,97.266,31.2615,1484.919
20211003T002349.719Z,9.463,3.39916,97.266,31.2613,1484.919
20211003T002350.714Z,9.4633,3.39915,97.267,31.2609,1484.92
20211003T002351.774Z,9.4633,3.39914,97.266,31.2608,1484.92
20211003T002352.714Z,9.4632,3.39913,97.266,31.2608,1484.919
20211003T002353.791Z,9.463,3.39912,97.266,31.2609,1484.919
20211003T002354.714Z,9.4627,3.39913,97.265,31.2611,1484.918
20211003T002355.723Z,9.4625,3.39915,97.266,31.2615,1484.918
20211003T002356.713Z,9.4624,3.39915,97.266,31.2617,1484.917
20211003T002357.780Z,9.4622,3.39915,97.267,31.2618,1484.917
20211003T002358.715Z,9.4623,3.39915,97.267,31.2618,1484.917
20211003T002359.731Z,9.4624,3.39915,97.267,31.2617,1484.917
20211003T002400.713Z,9.4624,3.39914,97.267,31.2616,1484.917
20211003T002401.720Z,9.4626,3.39915,97.266,31.2615,1484.918
20211003T002402.715Z,9.4625,3.39915,97.267,31.2616,1484.918
20211003T002403.726Z,9.4625,3.39919,97.266,31.262,1484.918
20211003T002404.728Z,9.4624,3.39921,97.266,31.2622,1484.918
20211003T002405.823Z,9.4623,3.39921,97.266,31.2623,1484.918
20211003T002406.719Z,9.4624,3.3992,97.266,31.2622,1484.918
20211003T002407.780Z,9.4624,3.3992,97.265,31.2622,1484.918
20211003T002408.715Z,9.4622,3.39921,97.265,31.2625,1484.918
20211003T002409.772Z,9.4621,3.39921,97.265,31.2626,1484.917
20211003T002410.715Z,9.4621,3.39922,97.266,31.2627,1484.918
20211003T002411.742Z,9.4622,3.39922,97.265,31.2626,1484.918
20211003T002412.714Z,9.4621,3.39923,97.266,31.2627,1484.918
20211003T002413.718Z,9.4622,3.39924,97.265,31.2628,1484.918
20211003T002414.717Z,9.4621,3.39923,97.265,31.2628,1484.918
20211003T002415.723Z,9.4622,3.39924,97.265,31.2628,1484.918
20211003T002416.714Z,9.4621,3.39925,97.264,31.2629,1484.918
20211003T002417.778Z,9.4621,3.39925,97.266,31.2629,1484.918
20211003T002418.714Z,9.4621,3.39925,97.265,31.263,1484.918
20211003T002419.736Z,9.4621,3.39926,97.265,31.2631,1484.918
20211003T002420.714Z,9.4621,3.39926,97.265,31.263,1484.918
20211003T002421.718Z,9.4621,3.39924,97.265,31.2629,1484.918
20211003T002422.714Z,9.4621,3.39923,97.266,31.2627,1484.918
20211003T002423.740Z,9.4622,3.39921,97.265,31.2625,1484.918
20211003T002424.714Z,9.4622,3.39921,97.266,31.2624,1484.918
20211003T002425.717Z,9.4624,3.39922,97.266,31.2624,1484.918
20211003T002426.713Z,9.4625,3.39921,97.266,31.2622,1484.918
20211003T002427.730Z,9.4623,3.39922,97.265,31.2624,1484.918
20211003T002428.728Z,9.4624,3.39921,97.265,31.2623,1484.918
20211003T002429.723Z,9.4623,3.39921,97.266,31.2624,1484.918
20211003T002430.714Z,9.4621,3.3992,97.265,31.2625,1484.917
20211003T002431.733Z,9.4618,3.39919,97.265,31.2626,1484.916
20211003T002432.715Z,9.4616,3.39918,97.265,31.2627,1484.916
20211003T002433.816Z,9.4614,3.39918,97.265,31.2629,1484.915
20211003T002434.715Z,9.4612,3.39918,97.265,31.2631,1484.915
20211003T002435.768Z,9.4612,3.39918,97.265,31.2631,1484.915
20211003T002436.715Z,9.4611,3.39919,97.265,31.2632,1484.914
20211003T002437.719Z,9.4611,3.39918,97.265,31.2631,1484.914
20211003T002438.715Z,9.4611,3.39918,97.265,31.2631,1484.914
20211003T002439.717Z,9.4612,3.39917,97.265,31.263,1484.915
20211003T002440.714Z,9.4613,3.39917,97.265,31.2628,1484.915
20211003T002441.743Z,9.4613,3.39918,97.265,31.2629,1484.915
20211003T002442.714Z,9.4614,3.39917,97.266,31.2627,1484.915
20211003T002443.758Z,9.4613,3.39919,97.265,31.2631,1484.915
20211003T002444.715Z,9.4613,3.39919,97.265,31.2631,1484.915
20211003T002445.812Z,9.4612,3.39919,97.265,31.2632,1484.915
20211003T002446.715Z,9.4613,3.39919,97.265,31.2631,1484.915
20211003T002447.745Z,9.4613,3.39919,97.264,31.2631,1484.915
20211003T002448.713Z,9.4612,3.3992,97.264,31.2632,1484.915
20211003T002449.825Z,9.4611,3.3992,97.265,31.2633,1484.915
20211003T002450.714Z,9.4611,3.3992,97.265,31.2633,1484.915
20211003T002451.729Z,9.461,3.3992,97.265,31.2634,1484.915
20211003T002452.732Z,9.4609,3.3992,97.264,31.2634,1484.914
20211003T002453.812Z,9.4609,3.3992,97.264,31.2634,1484.914
20211003T002454.714Z,9.461,3.3992,97.264,31.2633,1484.914
20211003T002455.768Z,9.4611,3.39919,97.264,31.2632,1484.915
20211003T002456.716Z,9.4612,3.39918,97.264,31.2631,1484.915
20211003T002457.754Z,9.4612,3.39918,97.264,31.263,1484.915
20211003T002458.714Z,9.4613,3.39918,97.264,31.263,1484.915
20211003T002459.740Z,9.4613,3.39919,97.264,31.263,1484.915
20211003T002500.716Z,9.4614,3.3992,97.265,31.2631,1484.915
20211003T002501.738Z,9.4614,3.39922,97.264,31.2632,1484.916
20211003T002502.715Z,9.4615,3.39924,97.263,31.2634,1484.916
20211003T002503.748Z,9.4616,3.39925,97.264,31.2634,1484.916
20211003T002504.714Z,9.4616,3.39926,97.263,31.2635,1484.917
20211003T002505.728Z,9.4618,3.39928,97.263,31.2635,1484.917
20211003T002506.714Z,9.4619,3.39928,97.263,31.2634,1484.918
20211003T002507.815Z,9.462,3.39929,97.263,31.2635,1484.918
20211003T002508.714Z,9.4621,3.39929,97.263,31.2634,1484.918
20211003T002509.756Z,9.4622,3.39929,97.263,31.2633,1484.919
20211003T002510.715Z,9.4624,3.3993,97.263,31.2632,1484.919
20211003T002511.725Z,9.4622,3.39929,97.263,31.2633,1484.919
20211003T002512.715Z,9.4623,3.3993,97.262,31.2632,1484.919
20211003T002513.737Z,9.4624,3.3993,97.264,31.2632,1484.919
20211003T002514.714Z,9.4625,3.39929,97.263,31.2631,1484.919
20211003T002515.718Z,9.4625,3.39931,97.263,31.2633,1484.919
20211003T002516.713Z,9.4625,3.39931,97.263,31.2632,1484.92
20211003T002517.815Z,9.4625,3.39932,97.263,31.2633,1484.92
20211003T002518.714Z,9.4624,3.39932,97.262,31.2633,1484.919
20211003T002519.718Z,9.4624,3.39931,97.263,31.2633,1484.919
20211003T002520.714Z,9.4624,3.39931,97.263,31.2633,1484.919
20211003T002521.754Z,9.4625,3.39929,97.262,31.2631,1484.919
20211003T002522.714Z,9.4624,3.3993,97.262,31.2632,1484.919
20211003T002523.745Z,9.4625,3.39929,97.263,31.263,1484.919
20211003T002524.714Z,9.4625,3.39928,97.263,31.263,1484.919
20211003T002525.726Z,9.4626,3.39929,97.262,31.263,1484.919
20211003T002526.714Z,9.4626,3.39928,97.262,31.2629,1484.919
20211003T002527.732Z,9.4626,3.39927,97.262,31.2628,1484.919
20211003T002528.714Z,9.4625,3.39927,97.262,31.2628,1484.919
20211003T002529.799Z,9.4626,3.39926,97.262,31.2627,1484.919
20211003T002530.714Z,9.4625,3.39925,97.262,31.2626,1484.919
20211003T002531.720Z,9.4624,3.39924,97.262,31.2626,1484.918
20211003T002532.714Z,9.4624,3.39924,97.261,31.2626,1484.918
20211003T002533.804Z,9.4623,3.39924,97.262,31.2626,1484.918
20211003T002534.719Z,9.4622,3.39923,97.261,31.2627,1484.918
20211003T002535.736Z,9.4621,3.39924,97.263,31.2629,1484.918
20211003T002536.716Z,9.462,3.39926,97.262,31.2631,1484.918
20211003T002537.741Z,9.4619,3.39926,97.263,31.2632,1484.917
20211003T002538.718Z,9.4618,3.39927,97.263,31.2634,1484.917
20211003T002539.757Z,9.4617,3.39929,97.262,31.2638,1484.917
20211003T002540.715Z,9.4616,3.3993,97.263,31.2639,1484.917
20211003T002541.731Z,9.4614,3.39931,97.262,31.2642,1484.917
20211003T002542.715Z,9.4613,3.39932,97.262,31.2644,1484.917
20211003T002543.768Z,9.4613,3.39932,97.263,31.2644,1484.917
20211003T002544.715Z,9.4613,3.39933,97.262,31.2645,1484.917
20211003T002545.720Z,9.4614,3.39933,97.261,31.2644,1484.917
20211003T002546.715Z,9.4613,3.39933,97.262,31.2645,1484.917
20211003T002547.741Z,9.4615,3.39932,97.263,31.2642,1484.917
20211003T002548.713Z,9.4616,3.39933,97.261,31.2642,1484.917
20211003T002549.727Z,9.4614,3.39933,97.262,31.2644,1484.917
20211003T002550.715Z,9.4613,3.39934,97.262,31.2646,1484.917
20211003T002551.718Z,9.4613,3.39933,97.262,31.2645,1484.917
20211003T002552.713Z,9.4613,3.39933,97.261,31.2645,1484.917
20211003T002553.719Z,9.4613,3.39932,97.262,31.2644,1484.916
20211003T002554.715Z,9.4612,3.39932,97.261,31.2644,1484.916
20211003T002555.728Z,9.4613,3.39932,97.262,31.2644,1484.917
20211003T002556.715Z,9.4615,3.39932,97.261,31.2642,1484.917
20211003T002557.774Z,9.4615,3.39931,97.262,31.2641,1484.917
20211003T002558.715Z,9.4616,3.3993,97.262,31.2639,1484.917
20211003T002559.829Z,9.4615,3.39929,97.261,31.2639,1484.917
20211003T002600.714Z,9.4616,3.39929,97.262,31.2638,1484.917
20211003T002601.739Z,9.4616,3.39927,97.262,31.2636,1484.917
20211003T002602.715Z,9.4615,3.39926,97.262,31.2636,1484.916
20211003T002603.721Z,9.4616,3.39926,97.261,31.2634,1484.916
20211003T002604.715Z,9.4616,3.39925,97.261,31.2634,1484.916
20211003T002605.769Z,9.4616,3.39927,97.262,31.2635,1484.917
20211003T002606.715Z,9.4618,3.39927,97.261,31.2634,1484.917
20211003T002607.745Z,9.4618,3.39927,97.262,31.2634,1484.917
20211003T002608.713Z,9.4618,3.39925,97.261,31.2632,1484.917
20211003T002609.719Z,9.462,3.39925,97.261,31.263,1484.917
20211003T002610.713Z,9.4621,3.39925,97.261,31.2629,1484.918
20211003T002611.806Z,9.4622,3.39923,97.261,31.2627,1484.918
20211003T002612.714Z,9.4623,3.39922,97.261,31.2625,1484.918
20211003T002613.717Z,9.4624,3.39923,97.261,31.2625,1484.918
20211003T002614.713Z,9.4624,3.39923,97.26,31.2625,1484.918
20211003T002615.745Z,9.4623,3.39925,97.261,31.2627,1484.918
20211003T002616.715Z,9.4622,3.39926,97.261,31.2629,1484.918
20211003T002617.756Z,9.4622,3.39927,97.261,31.263,1484.918
20211003T002618.715Z,9.4623,3.39927,97.261,31.263,1484.918
20211003T002619.739Z,9.4623,3.39924,97.261,31.2627,1484.918
20211003T002620.718Z,9.4623,3.39924,97.262,31.2626,1484.918
20211003T002621.740Z,9.4625,3.39923,97.261,31.2624,1484.918
20211003T002622.714Z,9.4624,3.39923,97.261,31.2625,1484.918
20211003T002623.744Z,9.4625,3.39925,97.261,31.2627,1484.919
20211003T002624.719Z,9.4624,3.39926,97.261,31.2628,1484.919
20211003T002625.766Z,9.4624,3.39927,97.26,31.2629,1484.919
20211003T002626.714Z,9.4623,3.39927,97.261,31.2629,1484.919
20211003T002627.749Z,9.4623,3.39928,97.261,31.2631,1484.919
20211003T002628.717Z,9.4623,3.39929,97.261,31.2632,1484.919
20211003T002629.776Z,9.4623,3.3993,97.262,31.2632,1484.919
20211003T002630.728Z,9.4623,3.39931,97.261,31.2634,1484.919
20211003T002631.729Z,9.4623,3.39932,97.261,31.2635,1484.919
20211003T002632.715Z,9.4624,3.39932,97.261,31.2634,1484.919
20211003T002633.748Z,9.4624,3.39933,97.26,31.2635,1484.919
20211003T002634.714Z,9.4624,3.39933,97.26,31.2635,1484.92
20211003T002635.762Z,9.4624,3.39934,97.26,31.2636,1484.92
20211003T002636.714Z,9.4625,3.39933,97.26,31.2635,1484.92
20211003T002637.782Z,9.4625,3.39934,97.259,31.2636,1484.92
20211003T002638.714Z,9.4625,3.39935,97.26,31.2636,1484.92
20211003T002639.781Z,9.4625,3.39934,97.259,31.2635,1484.92
20211003T002640.714Z,9.4625,3.39936,97.259,31.2637,1484.92
20211003T002641.731Z,9.4625,3.39935,97.26,31.2636,1484.92
20211003T002642.714Z,9.4626,3.39937,97.259,31.2638,1484.92
20211003T002643.745Z,9.4626,3.39938,97.26,31.2639,1484.921
20211003T002644.714Z,9.4626,3.39938,97.259,31.2639,1484.921
20211003T002645.728Z,9.4626,3.39938,97.26,31.2639,1484.921
20211003T002646.714Z,9.4626,3.3994,97.259,31.264,1484.921
20211003T002647.723Z,9.4625,3.39939,97.259,31.264,1484.921
20211003T002648.714Z,9.4625,3.39941,97.259,31.2643,1484.921
20211003T002649.728Z,9.4626,3.39941,97.259,31.2642,1484.921
20211003T002650.714Z,9.4626,3.39942,97.26,31.2643,1484.921
20211003T002651.775Z,9.4625,3.39943,97.259,31.2644,1484.921
20211003T002652.714Z,9.4626,3.39943,97.26,31.2644,1484.921
20211003T002653.722Z,9.4625,3.39943,97.258,31.2645,1484.921
20211003T002654.728Z,9.4626,3.39943,97.26,31.2644,1484.921
20211003T002655.723Z,9.4625,3.39943,97.26,31.2644,1484.921
20211003T002656.715Z,9.4626,3.39941,97.258,31.2642,1484.921
20211003T002657.719Z,9.4626,3.39942,97.258,31.2643,1484.921
20211003T002658.715Z,9.4626,3.39943,97.259,31.2644,1484.921
20211003T002659.760Z,9.4625,3.39943,97.259,31.2644,1484.921
20211003T002700.715Z,9.4625,3.39942,97.258,31.2643,1484.921
20211003T002701.787Z,9.4626,3.39941,97.259,31.2641,1484.921
20211003T002702.714Z,9.4626,3.39942,97.258,31.2642,1484.921
20211003T002703.755Z,9.4626,3.39943,97.258,31.2644,1484.921
20211003T002704.714Z,9.4627,3.39944,97.258,31.2644,1484.922
20211003T002705.718Z,9.4628,3.39945,97.259,31.2645,1484.922
20211003T002706.718Z,9.4628,3.39945,97.258,31.2644,1484.922
20211003T002707.718Z,9.4629,3.39946,97.258,31.2644,1484.922
20211003T002708.714Z,9.463,3.39946,97.258,31.2644,1484.923
20211003T002709.804Z,9.4629,3.39946,97.258,31.2644,1484.922
20211003T002710.714Z,9.4628,3.39947,97.258,31.2645,1484.922
20211003T002711.764Z,9.4629,3.39947,97.258,31.2645,1484.922
20211003T002712.715Z,9.4629,3.39947,97.258,31.2646,1484.923
20211003T002713.764Z,9.4628,3.39947,97.258,31.2646,1484.922
20211003T002714.716Z,9.4629,3.39947,97.258,31.2645,1484.923
20211003T002715.780Z,9.4628,3.39947,97.259,31.2646,1484.922
20211003T002716.713Z,9.4629,3.39947,97.258,31.2645,1484.923
20211003T002717.723Z,9.463,3.39946,97.258,31.2643,1484.923
20211003T002718.714Z,9.4632,3.39946,97.258,31.2642,1484.923
20211003T002719.899Z,9.4633,3.39945,97.258,31.264,1484.923
20211003T002720.715Z,9.4633,3.39946,97.258,31.264,1484.923
20211003T002721.774Z,9.4634,3.39945,97.257,31.2638,1484.924
20211003T002722.715Z,9.4634,3.39944,97.258,31.2637,1484.923
20211003T002723.754Z,9.4633,3.39943,97.258,31.2637,1484.923
20211003T002724.714Z,9.4633,3.39945,97.257,31.264,1484.923
20211003T002725.721Z,9.4633,3.39947,97.258,31.2642,1484.923
20211003T002726.716Z,9.4632,3.3995,97.258,31.2645,1484.924
20211003T002727.761Z,9.4633,3.39952,97.258,31.2647,1484.924
20211003T002728.715Z,9.4633,3.39953,97.258,31.2648,1484.924
20211003T002729.717Z,9.4632,3.39955,97.257,31.265,1484.924
20211003T002730.714Z,9.4634,3.39956,97.256,31.265,1484.925
20211003T002731.795Z,9.4634,3.39955,97.256,31.2648,1484.925
20211003T002732.714Z,9.4635,3.39956,97.256,31.2649,1484.925
20211003T002733.754Z,9.4635,3.39956,97.257,31.265,1484.925
20211003T002734.713Z,9.4634,3.39955,97.257,31.2649,1484.925
20211003T002735.775Z,9.4633,3.39953,97.257,31.2647,1484.924
20211003T002736.714Z,9.4633,3.3995,97.257,31.2645,1484.924
20211003T002737.752Z,9.4631,3.39948,97.257,31.2644,1484.923
20211003T002738.713Z,9.463,3.39948,97.257,31.2645,1484.923
20211003T002739.718Z,9.463,3.39949,97.256,31.2646,1484.923
20211003T002740.713Z,9.4629,3.39948,97.258,31.2646,1484.923
20211003T002741.802Z,9.4629,3.39948,97.257,31.2646,1484.923
20211003T002742.713Z,9.463,3.39947,97.257,31.2645,1484.923
20211003T002743.827Z,9.463,3.39946,97.256,31.2643,1484.923
20211003T002744.713Z,9.4631,3.39946,97.257,31.2643,1484.923
20211003T002745.723Z,9.463,3.39945,97.256,31.2642,1484.922
20211003T002746.715Z,9.4631,3.39944,97.256,31.264,1484.923
20211003T002747.730Z,9.463,3.39943,97.256,31.264,1484.922
20211003T002748.714Z,9.4631,3.39945,97.257,31.2641,1484.923
20211003T002749.788Z,9.4632,3.39946,97.257,31.2642,1484.923
20211003T002750.717Z,9.4634,3.3995,97.257,31.2644,1484.924
20211003T002751.798Z,9.4638,3.39952,97.257,31.2642,1484.925
20211003T002752.724Z,9.4641,3.39953,97.256,31.264,1484.926
20211003T002753.748Z,9.4645,3.3995,97.256,31.2634,1484.927
20211003T002754.734Z,9.4644,3.39951,97.257,31.2636,1484.927
20211003T002755.735Z,9.4643,3.39952,97.257,31.2638,1484.927
20211003T002756.734Z,9.4642,3.39952,97.256,31.2639,1484.927
20211003T002757.769Z,9.4643,3.39952,97.257,31.2637,1484.927
20211003T002758.739Z,9.4644,3.39952,97.257,31.2637,1484.927
20211003T002759.774Z,9.4646,3.39952,97.257,31.2636,1484.928
20211003T002800.741Z,9.4646,3.39952,97.257,31.2635,1484.928
20211003T002801.788Z,9.4646,3.39952,97.257,31.2635,1484.928
20211003T002802.739Z,9.4646,3.39953,97.256,31.2636,1484.928
20211003T002803.740Z,9.4645,3.39952,97.256,31.2636,1484.928
20211003T002804.740Z,9.4645,3.39953,97.256,31.2637,1484.928
20211003T002805.747Z,9.4646,3.39954,97.257,31.2637,1484.928
20211003T002806.739Z,9.4645,3.39954,97.257,31.2638,1484.928
20211003T002807.786Z,9.4646,3.39954,97.256,31.2638,1484.928
20211003T002808.739Z,9.4645,3.39955,97.257,31.2639,1484.928
20211003T002809.743Z,9.4646,3.39956,97.256,31.264,1484.928
20211003T002810.739Z,9.4648,3.39957,97.256,31.2639,1484.929
20211003T002811.742Z,9.4647,3.39956,97.256,31.2638,1484.928
20211003T002812.740Z,9.4646,3.39952,97.255,31.2635,1484.928
20211003T002813.775Z,9.4644,3.39948,97.256,31.2633,1484.927
20211003T002814.738Z,9.4644,3.39943,97.256,31.2628,1484.926
20211003T002815.789Z,9.4643,3.39937,97.255,31.2623,1484.925
20211003T002816.739Z,9.4641,3.39932,97.255,31.2619,1484.924
20211003T002817.815Z,9.464,3.39928,97.256,31.2617,1484.923
20211003T002818.740Z,9.464,3.39927,97.255,31.2615,1484.923
20211003T002819.809Z,9.464,3.39926,97.255,31.2614,1484.923
20211003T002820.738Z,9.464,3.39925,97.255,31.2613,1484.923
20211003T002821.762Z,9.4639,3.39923,97.256,31.2611,1484.922
20211003T002822.740Z,9.4637,3.39919,97.256,31.2609,1484.921
20211003T002823.748Z,9.4636,3.39919,97.255,31.261,1484.921
20211003T002824.739Z,9.4633,3.39918,97.255,31.2612,1484.92
20211003T002825.750Z,9.4633,3.39917,97.255,31.2611,1484.92
20211003T002826.739Z,9.4633,3.39915,97.255,31.261,1484.919
20211003T002827.743Z,9.4631,3.39915,97.255,31.2611,1484.919
20211003T002828.739Z,9.4629,3.39913,97.255,31.2611,1484.918
20211003T002829.790Z,9.4626,3.39912,97.255,31.2611,1484.917
20211003T002830.738Z,9.4627,3.3991,97.256,31.2609,1484.917
20211003T002831.781Z,9.4628,3.3991,97.255,31.2608,1484.918
20211003T002832.753Z,9.4629,3.3991,97.255,31.2607,1484.918
20211003T002833.741Z,9.4628,3.39909,97.253,31.2607,1484.918
20211003T002834.743Z,9.4627,3.39909,97.254,31.2608,1484.917
20211003T002835.766Z,9.4628,3.39909,97.254,31.2607,1484.917
20211003T002836.738Z,9.4629,3.39908,97.255,31.2606,1484.918
20211003T002837.765Z,9.4628,3.39908,97.255,31.2606,1484.917
20211003T002838.743Z,9.4628,3.39908,97.254,31.2606,1484.917
20211003T002839.817Z,9.4625,3.39907,97.254,31.2608,1484.916
20211003T002840.738Z,9.4622,3.39906,97.255,31.2609,1484.916
20211003T002841.832Z,9.4621,3.39905,97.254,31.261,1484.915
20211003T002842.741Z,9.462,3.39906,97.254,31.2611,1484.915
20211003T002843.741Z,9.462,3.39906,97.254,31.261,1484.915
20211003T002844.740Z,9.4621,3.39905,97.254,31.2609,1484.915
20211003T002845.744Z,9.4622,3.39904,97.253,31.2607,1484.915
20211003T002846.741Z,9.4622,3.39904,97.254,31.2607,1484.915
20211003T002847.750Z,9.4622,3.39904,97.254,31.2607,1484.915
20211003T002848.739Z,9.4622,3.39904,97.253,31.2607,1484.915
20211003T002849.744Z,9.4621,3.39906,97.254,31.261,1484.915
20211003T002850.740Z,9.4621,3.39905,97.253,31.261,1484.915
20211003T002851.816Z,9.4621,3.39905,97.254,31.261,1484.915
20211003T002852.738Z,9.462,3.39904,97.254,31.2609,1484.915
20211003T002853.779Z,9.4621,3.39905,97.254,31.261,1484.915
20211003T002854.738Z,9.4621,3.39905,97.254,31.261,1484.915
20211003T002855.788Z,9.4621,3.39906,97.254,31.261,1484.915
20211003T002856.754Z,9.4623,3.39905,97.253,31.2608,1484.916
20211003T002857.804Z,9.4624,3.39905,97.254,31.2607,1484.916
20211003T002858.738Z,9.4624,3.39905,97.253,31.2606,1484.916
20211003T002859.783Z,9.4623,3.39905,97.253,31.2607,1484.916
20211003T002900.740Z,9.4623,3.39905,97.253,31.2607,1484.916
20211003T002901.761Z,9.4623,3.39905,97.253,31.2607,1484.916
20211003T002902.740Z,9.4622,3.39904,97.253,31.2607,1484.915
20211003T002903.746Z,9.4623,3.39904,97.254,31.2606,1484.915
20211003T002904.738Z,9.4623,3.39905,97.253,31.2607,1484.916
20211003T002905.747Z,9.4623,3.39904,97.254,31.2606,1484.916
20211003T002906.744Z,9.4624,3.39903,97.253,31.2605,1484.916
20211003T002907.839Z,9.4624,3.39904,97.253,31.2605,1484.916
20211003T002908.738Z,9.4624,3.39905,97.252,31.2607,1484.916
20211003T002909.781Z,9.4625,3.39904,97.253,31.2604,1484.916
20211003T002910.749Z,9.4624,3.39904,97.254,31.2605,1484.916
20211003T002911.803Z,9.4623,3.39904,97.253,31.2606,1484.916
20211003T002912.739Z,9.4624,3.39905,97.253,31.2606,1484.916
20211003T002913.824Z,9.4622,3.39904,97.253,31.2607,1484.915
20211003T002914.756Z,9.4622,3.39904,97.252,31.2608,1484.915
20211003T002915.743Z,9.4622,3.39904,97.253,31.2607,1484.915
20211003T002916.739Z,9.4622,3.39904,97.253,31.2607,1484.915
20211003T002917.808Z,9.4622,3.39904,97.253,31.2607,1484.915
20211003T002918.761Z,9.4623,3.39905,97.252,31.2607,1484.916
20211003T002919.836Z,9.4622,3.39904,97.253,31.2606,1484.915
20211003T002920.757Z,9.4622,3.39904,97.253,31.2606,1484.915
20211003T002921.746Z,9.4624,3.39904,97.252,31.2605,1484.916
20211003T002922.740Z,9.4624,3.39904,97.252,31.2605,1484.916
20211003T002923.762Z,9.4624,3.39903,97.253,31.2605,1484.916
20211003T002924.740Z,9.4624,3.39903,97.252,31.2605,1484.916
20211003T002925.750Z,9.4624,3.39904,97.252,31.2605,1484.916
20211003T002926.740Z,9.4624,3.39905,97.251,31.2606,1484.916
20211003T002927.745Z,9.4624,3.39905,97.252,31.2606,1484.916
20211003T002928.742Z,9.4624,3.39904,97.251,31.2605,1484.916
20211003T002929.788Z,9.4625,3.39903,97.252,31.2604,1484.916
20211003T002930.740Z,9.4625,3.39904,97.252,31.2605,1484.916
20211003T002931.746Z,9.4625,3.39904,97.253,31.2605,1484.916
20211003T002932.740Z,9.4625,3.39903,97.254,31.2604,1484.916
20211003T002933.801Z,9.4625,3.39904,97.252,31.2604,1484.916
20211003T002934.739Z,9.4625,3.39903,97.252,31.2604,1484.916
20211003T002935.772Z,9.4625,3.39904,97.253,31.2605,1484.916
20211003T002936.740Z,9.4626,3.39905,97.252,31.2605,1484.916
20211003T002937.756Z,9.4626,3.39904,97.252,31.2604,1484.916
20211003T002938.740Z,9.4626,3.39903,97.252,31.2603,1484.916
20211003T002939.773Z,9.4626,3.39903,97.253,31.2603,1484.916
20211003T002940.740Z,9.4626,3.39903,97.252,31.2603,1484.916
20211003T002941.766Z,9.4625,3.39904,97.252,31.2605,1484.916
20211003T002942.739Z,9.4625,3.39904,97.252,31.2605,1484.916
20211003T002943.745Z,9.4625,3.39904,97.252,31.2605,1484.916
20211003T002944.740Z,9.4626,3.39905,97.252,31.2605,1484.916
20211003T002945.804Z,9.4625,3.39904,97.251,31.2605,1484.916
20211003T002946.738Z,9.4626,3.39905,97.252,31.2605,1484.916
20211003T002947.742Z,9.4626,3.39904,97.251,31.2604,1484.916
20211003T002948.739Z,9.4626,3.39904,97.252,31.2603,1484.916
20211003T002949.744Z,9.4627,3.39904,97.251,31.2603,1484.917
20211003T002950.739Z,9.4628,3.39904,97.252,31.2602,1484.917
20211003T002951.763Z,9.4628,3.39905,97.251,31.2603,1484.917
20211003T002952.739Z,9.4629,3.39904,97.252,31.2601,1484.917
20211003T002953.770Z,9.463,3.39905,97.252,31.2602,1484.917
20211003T002954.739Z,9.4629,3.39904,97.251,31.2601,1484.917
20211003T002955.749Z,9.4628,3.39904,97.251,31.2602,1484.917
20211003T002956.740Z,9.4628,3.39904,97.251,31.2602,1484.917
20211003T002957.742Z,9.4628,3.39904,97.251,31.2602,1484.917
20211003T002958.739Z,9.4631,3.39904,97.251,31.2599,1484.918
20211003T002959.848Z,9.4636,3.39904,97.251,31.2595,1484.919
20211003T003000.740Z,9.4635,3.39906,97.251,31.2598,1484.919
20211003T003001.751Z,9.4634,3.39904,97.252,31.2597,1484.918
20211003T003002.740Z,9.4633,3.39903,97.252,31.2597,1484.918
20211003T003003.792Z,9.4632,3.39904,97.251,31.2598,1484.918
20211003T003004.740Z,9.4633,3.39904,97.251,31.2597,1484.918
20211003T003005.814Z,9.4633,3.39904,97.251,31.2597,1484.918
20211003T003006.744Z,9.4635,3.39904,97.251,31.2596,1484.919
20211003T003007.742Z,9.4636,3.39904,97.251,31.2594,1484.919
20211003T003008.740Z,9.4634,3.39904,97.25,31.2597,1484.918
20211003T003009.892Z,9.4634,3.39904,97.251,31.2597,1484.918
20211003T003010.741Z,9.4634,3.39905,97.251,31.2597,1484.918
20211003T003011.742Z,9.4635,3.39905,97.251,31.2597,1484.919
20211003T003012.739Z,9.4636,3.39905,97.25,31.2597,1484.919
20211003T003013.744Z,9.4634,3.39905,97.251,31.2597,1484.919
20211003T003014.742Z,9.4635,3.39904,97.251,31.2596,1484.919
20211003T003015.874Z,9.4636,3.39905,97.25,31.2596,1484.919
20211003T003016.740Z,9.4637,3.39904,97.251,31.2594,1484.919
20211003T003017.755Z,9.4637,3.39905,97.25,31.2596,1484.919
20211003T003018.739Z,9.4637,3.39904,97.251,31.2594,1484.919
20211003T003019.803Z,9.4637,3.39906,97.25,31.2596,1484.919
20211003T003020.739Z,9.4637,3.39906,97.25,31.2597,1484.919
20211003T003021.761Z,9.4639,3.39907,97.251,31.2596,1484.92
20211003T003022.739Z,9.4639,3.39906,97.25,31.2595,1484.92
20211003T003023.743Z,9.464,3.39907,97.25,31.2595,1484.92
20211003T003024.740Z,9.4641,3.39906,97.25,31.2593,1484.92
20211003T003025.747Z,9.4641,3.39907,97.249,31.2593,1484.921
20211003T003026.740Z,9.4642,3.39907,97.249,31.2592,1484.921
20211003T003027.764Z,9.4643,3.39907,97.25,31.2592,1484.921
20211003T003028.740Z,9.4642,3.39907,97.25,31.2593,1484.921
20211003T003029.756Z,9.4641,3.39907,97.25,31.2594,1484.921
20211003T003030.740Z,9.4641,3.39907,97.25,31.2594,1484.921
20211003T003031.757Z,9.4641,3.39908,97.25,31.2595,1484.921
20211003T003032.740Z,9.4642,3.39907,97.25,31.2593,1484.921
20211003T003033.784Z,9.4642,3.39907,97.25,31.2593,1484.921
20211003T003034.754Z,9.4643,3.39908,97.25,31.2593,1484.921
20211003T003035.797Z,9.4643,3.39907,97.249,31.2592,1484.921
20211003T003036.740Z,9.4644,3.39907,97.249,31.2592,1484.921
20211003T003037.780Z,9.4644,3.39908,97.25,31.2592,1484.921
20211003T003038.739Z,9.4644,3.39908,97.248,31.2592,1484.921
20211003T003039.747Z,9.4644,3.39909,97.25,31.2593,1484.922
20211003T003040.739Z,9.4645,3.39908,97.25,31.2591,1484.922
20211003T003041.782Z,9.4643,3.39908,97.25,31.2593,1484.921
20211003T003042.738Z,9.4642,3.39907,97.25,31.2593,1484.921
20211003T003043.744Z,9.4641,3.39907,97.249,31.2593,1484.921
20211003T003044.740Z,9.464,3.39907,97.25,31.2594,1484.92
20211003T003045.745Z,9.4639,3.39907,97.249,31.2595,1484.92
20211003T003046.738Z,9.4639,3.39907,97.249,31.2596,1484.92
20211003T003047.743Z,9.4638,3.39907,97.248,31.2597,1484.92
20211003T003048.740Z,9.4638,3.39907,97.248,31.2597,1484.92
20211003T003049.861Z,9.4639,3.39907,97.248,31.2596,1484.92
20211003T003050.740Z,9.4639,3.39907,97.249,31.2596,1484.92
20211003T003051.807Z,9.4638,3.39907,97.249,31.2596,1484.92
20211003T003052.743Z,9.4639,3.39907,97.249,31.2596,1484.92
20211003T003053.769Z,9.4639,3.39908,97.249,31.2596,1484.92
20211003T003054.739Z,9.4639,3.39909,97.248,31.2598,1484.92
20211003T003055.774Z,9.464,3.39907,97.25,31.2595,1484.92
20211003T003056.741Z,9.464,3.39909,97.249,31.2597,1484.921
20211003T003057.816Z,9.464,3.3991,97.249,31.2597,1484.921
20211003T003058.753Z,9.464,3.3991,97.248,31.2598,1484.921
20211003T003059.764Z,9.464,3.3991,97.248,31.2598,1484.921
20211003T003100.741Z,9.464,3.39912,97.249,31.26,1484.921
20211003T003101.790Z,9.464,3.39912,97.248,31.26,1484.921
20211003T003102.740Z,9.464,3.39911,97.248,31.2599,1484.921
20211003T003103.773Z,9.464,3.39913,97.249,31.26,1484.921
20211003T003104.739Z,9.4641,3.39913,97.249,31.26,1484.921
20211003T003105.770Z,9.4641,3.39913,97.248,31.26,1484.921
20211003T003106.739Z,9.4641,3.39913,97.249,31.26,1484.921
20211003T003107.821Z,9.4642,3.39913,97.248,31.2599,1484.921
20211003T003108.740Z,9.4642,3.39913,97.248,31.2599,1484.922
20211003T003109.763Z,9.4642,3.39914,97.248,31.26,1484.921
20211003T003110.738Z,9.4642,3.39914,97.247,31.2599,1484.922
20211003T003111.769Z,9.4642,3.39914,97.248,31.26,1484.922
20211003T003112.740Z,9.4642,3.39914,97.248,31.26,1484.922
20211003T003113.756Z,9.4642,3.39915,97.248,31.2601,1484.922
20211003T003114.740Z,9.4642,3.39914,97.248,31.26,1484.922
20211003T003115.744Z,9.4643,3.39913,97.248,31.2599,1484.922
20211003T003116.740Z,9.4644,3.39913,97.248,31.2598,1484.922
20211003T003117.745Z,9.4644,3.39913,97.248,31.2597,1484.922
20211003T003118.738Z,9.4646,3.39914,97.247,31.2596,1484.923
20211003T003119.746Z,9.4648,3.39913,97.248,31.2594,1484.923
20211003T003120.740Z,9.4645,3.39914,97.248,31.2597,1484.923
20211003T003121.827Z,9.4644,3.39915,97.247,31.2599,1484.922
20211003T003122.760Z,9.4644,3.39915,97.247,31.2599,1484.922
20211003T003123.772Z,9.4645,3.39915,97.248,31.2599,1484.923
20211003T003124.745Z,9.4645,3.39915,97.248,31.2598,1484.923
20211003T003125.778Z,9.4644,3.39915,97.247,31.2599,1484.922
20211003T003126.746Z,9.4647,3.39915,97.248,31.2596,1484.923
20211003T003127.792Z,9.4648,3.39916,97.247,31.2597,1484.923
20211003T003128.746Z,9.4648,3.39916,97.248,31.2597,1484.924
20211003T003129.803Z,9.4648,3.39917,97.248,31.2598,1484.924
20211003T003130.745Z,9.4647,3.39917,97.247,31.2599,1484.923
20211003T003131.820Z,9.4646,3.39917,97.248,31.26,1484.923
20211003T003132.745Z,9.4648,3.39917,97.248,31.2598,1484.924
20211003T003133.759Z,9.4647,3.39918,97.248,31.2599,1484.924
20211003T003134.749Z,9.4646,3.39919,97.247,31.2601,1484.923
20211003T003135.816Z,9.4646,3.39918,97.247,31.2601,1484.923
20211003T003136.746Z,9.4647,3.39919,97.248,31.2601,1484.924
20211003T003137.755Z,9.465,3.39918,97.247,31.2597,1484.924
20211003T003138.749Z,9.4653,3.39917,97.247,31.2593,1484.925
20211003T003139.767Z,9.4653,3.39917,97.247,31.2594,1484.925
20211003T003140.745Z,9.4652,3.39917,97.246,31.2594,1484.925
20211003T003141.790Z,9.4649,3.39916,97.247,31.2596,1484.924
20211003T003142.748Z,9.4647,3.39917,97.247,31.2598,1484.923
20211003T003143.752Z,9.4645,3.39917,97.247,31.26,1484.923
20211003T003144.746Z,9.4645,3.39917,97.247,31.26,1484.923
20211003T003145.774Z,9.4645,3.39917,97.247,31.2601,1484.923
20211003T003146.747Z,9.4645,3.39918,97.247,31.2602,1484.923
20211003T003147.766Z,9.4645,3.39919,97.248,31.2602,1484.923
20211003T003148.746Z,9.4645,3.39918,97.247,31.2602,1484.923
20211003T003149.804Z,9.4646,3.39919,97.246,31.2602,1484.923
20211003T003150.746Z,9.4649,3.39918,97.246,31.2598,1484.924
20211003T003151.783Z,9.4648,3.39918,97.248,31.26,1484.924
20211003T003152.746Z,9.4646,3.39917,97.247,31.26,1484.923
20211003T003153.760Z,9.4647,3.39917,97.248,31.2599,1484.923
20211003T003154.746Z,9.4646,3.39918,97.246,31.2601,1484.923
20211003T003155.789Z,9.4646,3.39918,97.247,31.2601,1484.923
20211003T003156.746Z,9.4645,3.39918,97.248,31.2601,1484.923
20211003T003157.813Z,9.4644,3.39918,97.246,31.2603,1484.923
20211003T003158.746Z,9.4644,3.39917,97.247,31.2602,1484.922
20211003T003159.760Z,9.4644,3.39918,97.246,31.2603,1484.923
20211003T003200.746Z,9.4644,3.39918,97.247,31.2602,1484.923
20211003T003201.764Z,9.4644,3.39918,97.246,31.2602,1484.923
20211003T003202.745Z,9.4646,3.39919,97.247,31.2601,1484.924
20211003T003203.805Z,9.4648,3.39919,97.247,31.26,1484.924
20211003T003204.745Z,9.4648,3.39917,97.247,31.2598,1484.924
20211003T003205.752Z,9.4648,3.39918,97.246,31.2599,1484.924
20211003T003206.744Z,9.4647,3.39919,97.247,31.26,1484.924
20211003T003207.750Z,9.4648,3.39919,97.247,31.26,1484.924
20211003T003208.745Z,9.4646,3.3992,97.247,31.2602,1484.924
20211003T003209.775Z,9.4645,3.39919,97.247,31.2603,1484.923
20211003T003210.746Z,9.4646,3.39918,97.246,31.2601,1484.923
20211003T003211.862Z,9.4647,3.39919,97.245,31.2601,1484.924
20211003T003212.746Z,9.4645,3.39921,97.247,31.2604,1484.923
20211003T003213.794Z,9.4646,3.39919,97.247,31.2602,1484.923
20211003T003214.745Z,9.4646,3.39919,97.246,31.2602,1484.923
20211003T003215.827Z,9.4646,3.39921,97.247,31.2604,1484.924
20211003T003216.745Z,9.4646,3.3992,97.246,31.2603,1484.923
20211003T003217.768Z,9.4645,3.39919,97.246,31.2603,1484.923
20211003T003218.747Z,9.4644,3.39917,97.246,31.2601,1484.923
20211003T003219.748Z,9.4644,3.39918,97.245,31.2602,1484.922
20211003T003220.751Z,9.4644,3.39921,97.246,31.2605,1484.923
20211003T003221.799Z,9.4645,3.39923,97.246,31.2606,1484.924
20211003T003222.745Z,9.4646,3.39922,97.246,31.2605,1484.924
20211003T003223.799Z,9.4645,3.39924,97.246,31.2608,1484.923
20211003T003224.746Z,9.4646,3.39924,97.245,31.2606,1484.924
20211003T003225.752Z,9.4646,3.39924,97.246,31.2607,1484.924
20211003T003226.745Z,9.4646,3.39924,97.246,31.2606,1484.924
20211003T003227.829Z,9.4645,3.39924,97.245,31.2607,1484.924
20211003T003228.748Z,9.4645,3.39922,97.247,31.2605,1484.923
20211003T003229.802Z,9.4645,3.39921,97.246,31.2605,1484.923
20211003T003230.745Z,9.4645,3.39919,97.246,31.2602,1484.923
20211003T003231.757Z,9.4646,3.39916,97.245,31.2599,1484.923
20211003T003232.746Z,9.4645,3.39917,97.245,31.26,1484.923
20211003T003233.812Z,9.4645,3.39916,97.246,31.2599,1484.922
20211003T003234.745Z,9.4644,3.39915,97.246,31.2599,1484.922
20211003T003235.771Z,9.4644,3.39915,97.246,31.2599,1484.922
20211003T003236.759Z,9.4644,3.39917,97.246,31.2601,1484.922
20211003T003237.805Z,9.4649,3.39918,97.245,31.2599,1484.924
20211003T003238.745Z,9.4651,3.39919,97.246,31.2597,1484.925
20211003T003239.805Z,9.4651,3.39919,97.245,31.2598,1484.925
20211003T003240.746Z,9.4648,3.39919,97.246,31.26,1484.924
20211003T003241.833Z,9.4645,3.39919,97.245,31.2603,1484.923
20211003T003242.745Z,9.4644,3.39921,97.245,31.2605,1484.923
20211003T003243.751Z,9.4644,3.39921,97.245,31.2605,1484.923
20211003T003244.745Z,9.4644,3.39922,97.245,31.2606,1484.923
20211003T003245.778Z,9.4644,3.3992,97.246,31.2605,1484.923
20211003T003246.746Z,9.4644,3.39921,97.246,31.2605,1484.923
20211003T003247.768Z,9.4645,3.39921,97.245,31.2605,1484.923
20211003T003248.746Z,9.4644,3.39923,97.245,31.2607,1484.923
20211003T003249.787Z,9.4645,3.39922,97.245,31.2605,1484.923
20211003T003250.746Z,9.4644,3.39921,97.245,31.2605,1484.923
20211003T003251.787Z,9.4643,3.3992,97.244,31.2605,1484.923
20211003T003252.745Z,9.4644,3.3992,97.245,31.2605,1484.923
20211003T003253.763Z,9.4644,3.39919,97.245,31.2604,1484.923
20211003T003254.747Z,9.4644,3.3992,97.245,31.2605,1484.923
20211003T003255.758Z,9.4644,3.39919,97.245,31.2603,1484.923
20211003T003256.745Z,9.4644,3.39919,97.244,31.2603,1484.923
20211003T003257.776Z,9.4644,3.39919,97.245,31.2603,1484.923
20211003T003258.746Z,9.4644,3.39917,97.245,31.2602,1484.922
20211003T003259.772Z,9.4646,3.39918,97.244,31.2601,1484.923
20211003T003300.758Z,9.4648,3.39917,97.244,31.2598,1484.924
20211003T003301.749Z,9.4648,3.39918,97.244,31.2598,1484.924
20211003T003302.746Z,9.4648,3.39918,97.244,31.2599,1484.924
20211003T003303.775Z,9.4648,3.39917,97.244,31.2597,1484.924
20211003T003304.745Z,9.4649,3.39916,97.245,31.2596,1484.924
20211003T003305.779Z,9.4648,3.39915,97.244,31.2596,1484.923
20211003T003306.750Z,9.4646,3.39915,97.243,31.2598,1484.923
20211003T003307.828Z,9.4644,3.39914,97.245,31.2598,1484.922
20211003T003308.745Z,9.4643,3.39915,97.244,31.26,1484.922
20211003T003309.757Z,9.4641,3.39916,97.244,31.2602,1484.922
20211003T003310.746Z,9.4641,3.39916,97.243,31.2603,1484.921
20211003T003311.758Z,9.464,3.39917,97.244,31.2605,1484.921
20211003T003312.746Z,9.464,3.39917,97.245,31.2605,1484.921
20211003T003313.779Z,9.464,3.39917,97.244,31.2605,1484.921
20211003T003314.748Z,9.464,3.39917,97.244,31.2604,1484.921
20211003T003315.751Z,9.464,3.39918,97.244,31.2606,1484.921
20211003T003316.746Z,9.4641,3.39916,97.243,31.2603,1484.921
20211003T003317.806Z,9.464,3.39916,97.243,31.2604,1484.921
20211003T003318.746Z,9.464,3.39915,97.243,31.2603,1484.921
20211003T003319.766Z,9.4641,3.39917,97.244,31.2604,1484.922
20211003T003320.745Z,9.4641,3.39918,97.244,31.2605,1484.922
20211003T003321.842Z,9.4642,3.39919,97.242,31.2605,1484.922
20211003T003322.745Z,9.4642,3.39919,97.244,31.2605,1484.922
20211003T003323.772Z,9.4642,3.39918,97.243,31.2604,1484.922
20211003T003324.759Z,9.4643,3.39919,97.244,31.2604,1484.922
20211003T003326.096Z,9.4643,3.39917,97.243,31.2603,1484.922
20211003T003326.744Z,9.4643,3.39917,97.242,31.2602,1484.922
20211003T003327.756Z,9.4643,3.39917,97.244,31.2602,1484.922
20211003T003328.744Z,9.4643,3.39917,97.244,31.2603,1484.922
20211003T003329.759Z,9.4643,3.39918,97.244,31.2603,1484.922
20211003T003330.746Z,9.4642,3.39918,97.242,31.2604,1484.922
20211003T003331.828Z,9.4644,3.39918,97.243,31.2602,1484.923
20211003T003332.744Z,9.4644,3.39918,97.243,31.2603,1484.922
20211003T003333.844Z,9.4645,3.39919,97.243,31.2603,1484.923
20211003T003334.745Z,9.4647,3.3992,97.243,31.2602,1484.924
20211003T003335.788Z,9.4648,3.3992,97.243,31.2601,1484.924
20211003T003336.747Z,9.4649,3.39922,97.243,31.2603,1484.924
20211003T003337.808Z,9.4648,3.39921,97.243,31.2602,1484.924
20211003T003338.745Z,9.4648,3.39923,97.244,31.2603,1484.924
20211003T003339.754Z,9.4649,3.39924,97.243,31.2605,1484.925
20211003T003340.745Z,9.4649,3.39925,97.244,31.2605,1484.925
20211003T003341.802Z,9.4649,3.39927,97.244,31.2608,1484.925
20211003T003342.745Z,9.4648,3.39928,97.243,31.261,1484.925
20211003T003343.771Z,9.4649,3.39928,97.244,31.2608,1484.925
20211003T003344.746Z,9.465,3.39928,97.243,31.2608,1484.925
20211003T003345.807Z,9.4651,3.39928,97.242,31.2606,1484.926
20211003T003346.746Z,9.4652,3.39929,97.243,31.2606,1484.926
20211003T003347.820Z,9.4652,3.39928,97.243,31.2606,1484.926
20211003T003348.746Z,9.4652,3.39928,97.243,31.2605,1484.926
20211003T003349.795Z,9.4651,3.39928,97.242,31.2607,1484.926
20211003T003350.746Z,9.4648,3.39928,97.243,31.2609,1484.925
20211003T003351.758Z,9.4648,3.39928,97.242,31.2609,1484.925
20211003T003352.751Z,9.4648,3.39928,97.242,31.2609,1484.925
20211003T003353.753Z,9.4649,3.39927,97.243,31.2608,1484.925
20211003T003354.746Z,9.4649,3.39928,97.244,31.2608,1484.925
20211003T003355.793Z,9.465,3.39929,97.243,31.2609,1484.926
20211003T003356.747Z,9.4649,3.39929,97.242,31.261,1484.925
20211003T003357.750Z,9.4648,3.3993,97.242,31.2611,1484.925
20211003T003358.745Z,9.4649,3.3993,97.242,31.2611,1484.926
20211003T003359.761Z,9.4649,3.3993,97.243,31.261,1484.926
20211003T003400.746Z,9.465,3.3993,97.242,31.261,1484.926
20211003T003401.852Z,9.4649,3.39929,97.242,31.261,1484.925
20211003T003402.745Z,9.4648,3.3993,97.242,31.2611,1484.925
20211003T003403.792Z,9.4647,3.39928,97.243,31.2611,1484.925
20211003T003404.747Z,9.4646,3.39928,97.242,31.2611,1484.925
20211003T003405.752Z,9.4646,3.39928,97.242,31.261,1484.924
20211003T003406.747Z,9.4646,3.39927,97.242,31.261,1484.924
20211003T003407.762Z,9.4648,3.39927,97.242,31.2609,1484.925
20211003T003408.746Z,9.4648,3.39926,97.243,31.2608,1484.925
20211003T003409.760Z,9.4648,3.39927,97.243,31.2608,1484.925
20211003T003410.746Z,9.4647,3.39926,97.242,31.2608,1484.924
20211003T003411.751Z,9.4647,3.39926,97.242,31.2608,1484.925
20211003T003412.746Z,9.4647,3.39926,97.241,31.2608,1484.924
20211003T003413.859Z,9.4646,3.39925,97.242,31.2607,1484.924
20211003T003414.746Z,9.4646,3.39925,97.242,31.2608,1484.924
20211003T003415.785Z,9.4646,3.39923,97.242,31.2606,1484.924
20211003T003416.745Z,9.4645,3.39923,97.241,31.2606,1484.924
20211003T003417.788Z,9.4645,3.39923,97.242,31.2607,1484.924
20211003T003418.745Z,9.4646,3.39923,97.242,31.2606,1484.924
20211003T003419.785Z,9.4646,3.39924,97.242,31.2607,1484.924
20211003T003420.746Z,9.4645,3.39925,97.241,31.2608,1484.924
20211003T003421.751Z,9.4646,3.39927,97.242,31.261,1484.924
20211003T003422.745Z,9.4646,3.39926,97.243,31.2609,1484.924
20211003T003423.752Z,9.4647,3.39926,97.242,31.2608,1484.924
20211003T003424.745Z,9.4646,3.39926,97.241,31.2609,1484.924
20211003T003425.769Z,9.4648,3.39925,97.241,31.2607,1484.925
20211003T003426.746Z,9.4647,3.39925,97.243,31.2607,1484.924
20211003T003427.809Z,9.4646,3.39925,97.241,31.2608,1484.924
20211003T003428.745Z,9.4645,3.39926,97.242,31.2609,1484.924
20211003T003429.802Z,9.4644,3.39925,97.241,31.261,1484.923
20211003T003430.745Z,9.4643,3.39924,97.241,31.2609,1484.923
20211003T003431.750Z,9.4643,3.39924,97.242,31.2609,1484.923
20211003T003432.747Z,9.4642,3.39923,97.242,31.2609,1484.923
20211003T003433.767Z,9.4643,3.39923,97.242,31.2609,1484.923
20211003T003434.750Z,9.4643,3.39921,97.241,31.2606,1484.923
20211003T003435.778Z,9.4644,3.39922,97.241,31.2606,1484.923
20211003T003436.747Z,9.4644,3.39923,97.241,31.2607,1484.923
20211003T003437.762Z,9.4645,3.39924,97.241,31.2607,1484.924
20211003T003438.751Z,9.4646,3.39925,97.241,31.2608,1484.924
20211003T003439.769Z,9.4645,3.39925,97.242,31.2608,1484.924
20211003T003440.746Z,9.4645,3.39924,97.241,31.2607,1484.924
20211003T003441.813Z,9.4645,3.39925,97.241,31.2609,1484.924
20211003T003442.748Z,9.4644,3.39925,97.24,31.2609,1484.923
20211003T003443.839Z,9.4644,3.39923,97.241,31.2608,1484.923
20211003T003444.747Z,9.4644,3.39924,97.24,31.2609,1484.923
20211003T003445.749Z,9.4644,3.39924,97.24,31.2608,1484.923
20211003T003446.746Z,9.4644,3.39923,97.24,31.2608,1484.923
20211003T003447.780Z,9.4644,3.39924,97.24,31.2608,1484.923
20211003T003448.745Z,9.4645,3.39924,97.24,31.2607,1484.924
20211003T003449.768Z,9.4647,3.39925,97.24,31.2607,1484.924
20211003T003450.744Z,9.4647,3.39924,97.24,31.2606,1484.924
20211003T003451.767Z,9.4648,3.39924,97.24,31.2605,1484.924
20211003T003452.745Z,9.4649,3.39925,97.241,31.2605,1484.925
20211003T003453.760Z,9.4648,3.39925,97.24,31.2606,1484.925
20211003T003454.746Z,9.4646,3.39924,97.24,31.2607,1484.924
20211003T003455.781Z,9.4646,3.39924,97.239,31.2607,1484.924
20211003T003456.745Z,9.4645,3.39924,97.239,31.2607,1484.924
20211003T003457.781Z,9.4644,3.39925,97.239,31.261,1484.923
20211003T003458.745Z,9.4643,3.39926,97.24,31.2612,1484.923
20211003T003459.755Z,9.4642,3.39927,97.24,31.2614,1484.923
20211003T003500.745Z,9.4642,3.39928,97.239,31.2615,1484.923
20211003T003501.749Z,9.4641,3.39929,97.239,31.2616,1484.923
20211003T003502.760Z,9.464,3.39929,97.24,31.2617,1484.923
20211003T003503.749Z,9.464,3.39929,97.24,31.2618,1484.923
20211003T003504.745Z,9.464,3.3993,97.239,31.2619,1484.923
20211003T003505.773Z,9.4641,3.39932,97.238,31.262,1484.923
20211003T003506.745Z,9.464,3.39932,97.239,31.262,1484.923
20211003T003507.795Z,9.464,3.39931,97.239,31.2619,1484.923
20211003T003508.745Z,9.4641,3.39931,97.238,31.2618,1484.923
20211003T003509.795Z,9.4642,3.39932,97.239,31.2619,1484.924
20211003T003510.746Z,9.4643,3.39934,97.238,31.262,1484.924
20211003T003511.749Z,9.4642,3.39934,97.239,31.2621,1484.924
20211003T003512.746Z,9.4643,3.39935,97.239,31.262,1484.924
20211003T003513.810Z,9.4644,3.39935,97.238,31.262,1484.925
20211003T003514.745Z,9.4644,3.39937,97.239,31.2622,1484.925
20211003T003515.753Z,9.4644,3.39939,97.239,31.2624,1484.925
20211003T003516.745Z,9.4645,3.3994,97.238,31.2623,1484.926
20211003T003517.818Z,9.4646,3.3994,97.239,31.2623,1484.926
20211003T003518.746Z,9.4644,3.39941,97.238,31.2625,1484.925
20211003T003519.838Z,9.4644,3.39943,97.239,31.2628,1484.925
20211003T003520.749Z,9.4646,3.39942,97.239,31.2625,1484.926
20211003T003521.837Z,9.4648,3.39943,97.239,31.2624,1484.927
20211003T003522.746Z,9.4647,3.39942,97.239,31.2624,1484.926
20211003T003523.781Z,9.4646,3.39942,97.239,31.2626,1484.926
20211003T003524.747Z,9.4645,3.39942,97.238,31.2626,1484.926
20211003T003525.775Z,9.4645,3.39943,97.238,31.2626,1484.926
20211003T003526.759Z,9.4646,3.39941,97.238,31.2624,1484.926
20211003T003527.755Z,9.4647,3.39942,97.239,31.2625,1484.926
20211003T003528.748Z,9.4646,3.39944,97.238,31.2627,1484.926
20211003T003529.759Z,9.4645,3.39943,97.238,31.2627,1484.926
20211003T003530.746Z,9.4644,3.39944,97.238,31.2628,1484.926
20211003T003531.790Z,9.4644,3.39942,97.239,31.2627,1484.926
20211003T003532.745Z,9.4643,3.39943,97.238,31.2628,1484.925
20211003T003533.803Z,9.4642,3.39943,97.239,31.2629,1484.925
20211003T003534.744Z,9.4643,3.39942,97.239,31.2627,1484.925
20211003T003535.845Z,9.4643,3.39942,97.238,31.2628,1484.925
20211003T003536.746Z,9.4644,3.39941,97.236,31.2625,1484.925
20211003T003537.805Z,9.4645,3.39942,97.239,31.2626,1484.926
20211003T003538.746Z,9.4645,3.39942,97.238,31.2625,1484.926
20211003T003539.772Z,9.4644,3.39941,97.238,31.2626,1484.925
20211003T003540.744Z,9.4645,3.39942,97.238,31.2626,1484.926
20211003T003541.803Z,9.4645,3.39944,97.238,31.2628,1484.926
20211003T003542.745Z,9.4645,3.39942,97.237,31.2626,1484.926
20211003T003543.786Z,9.4645,3.39943,97.238,31.2626,1484.926
20211003T003544.745Z,9.4644,3.39943,97.238,31.2628,1484.926
20211003T003545.832Z,9.4644,3.39943,97.238,31.2628,1484.926
20211003T003546.746Z,9.4644,3.39944,97.238,31.2629,1484.926
20211003T003547.806Z,9.4643,3.39942,97.238,31.2628,1484.925
20211003T003548.746Z,9.4643,3.39943,97.238,31.2629,1484.925
20211003T003549.786Z,9.4644,3.39943,97.237,31.2629,1484.926
20211003T003550.745Z,9.4644,3.39942,97.237,31.2627,1484.925
20211003T003551.786Z,9.4644,3.39942,97.238,31.2627,1484.926
20211003T003552.745Z,9.4644,3.3994,97.238,31.2625,1484.925
20211003T003553.758Z,9.4643,3.3994,97.239,31.2626,1484.925
20211003T003554.745Z,9.4642,3.39938,97.237,31.2625,1484.924
20211003T003555.787Z,9.4642,3.39937,97.237,31.2624,1484.924
20211003T003556.746Z,9.4643,3.39937,97.238,31.2623,1484.925
20211003T003557.825Z,9.4644,3.39937,97.238,31.2622,1484.925
20211003T003558.746Z,9.4644,3.39937,97.238,31.2621,1484.925
20211003T003559.790Z,9.4644,3.39936,97.237,31.2621,1484.925
20211003T003600.744Z,9.4642,3.39935,97.238,31.2622,1484.924
20211003T003601.809Z,9.464,3.39933,97.237,31.2621,1484.923
20211003T003602.746Z,9.464,3.39932,97.238,31.262,1484.923
20211003T003603.809Z,9.464,3.3993,97.237,31.2618,1484.923
20211003T003604.746Z,9.4639,3.39927,97.238,31.2616,1484.922
20211003T003605.837Z,9.4637,3.39927,97.238,31.2618,1484.922
20211003T003606.750Z,9.4637,3.39922,97.238,31.2613,1484.921
20211003T003607.757Z,9.4636,3.39919,97.238,31.2611,1484.921
20211003T003608.744Z,9.4633,3.39916,97.237,31.261,1484.92
20211003T003609.831Z,9.4631,3.39916,97.238,31.2612,1484.919
20211003T003610.747Z,9.463,3.39914,97.238,31.2611,1484.918
20211003T003611.777Z,9.4629,3.39915,97.238,31.2612,1484.918
20211003T003612.745Z,9.4628,3.39915,97.237,31.2614,1484.918
20211003T003613.831Z,9.4626,3.39915,97.238,31.2616,1484.917
20211003T003614.747Z,9.4624,3.39916,97.237,31.2617,1484.917
20211003T003615.778Z,9.4625,3.39914,97.238,31.2615,1484.917
20211003T003616.745Z,9.4627,3.39915,97.237,31.2614,1484.918
20211003T003617.805Z,9.4629,3.39915,97.237,31.2612,1484.918
20211003T003618.745Z,9.463,3.39914,97.236,31.2611,1484.918
20211003T003619.828Z,9.4629,3.39912,97.236,31.261,1484.918
20211003T003620.745Z,9.4628,3.39913,97.237,31.2611,1484.918
20211003T003621.839Z,9.463,3.39913,97.236,31.261,1484.918
20211003T003622.745Z,9.463,3.39912,97.236,31.2609,1484.918
20211003T003623.777Z,9.463,3.39913,97.236,31.261,1484.918
20211003T003624.746Z,9.463,3.39912,97.236,31.2609,1484.918
20211003T003625.785Z,9.4628,3.39912,97.237,31.261,1484.918
20211003T003626.745Z,9.4626,3.39912,97.236,31.2612,1484.917
20211003T003627.754Z,9.4626,3.39911,97.236,31.2611,1484.917
20211003T003628.746Z,9.4626,3.39911,97.235,31.2611,1484.917
20211003T003629.834Z,9.4626,3.39912,97.236,31.2612,1484.917
20211003T003630.744Z,9.4628,3.39912,97.236,31.2611,1484.917
20211003T003631.773Z,9.4629,3.39911,97.236,31.2609,1484.918
20211003T003632.745Z,9.463,3.39911,97.236,31.2608,1484.918
20211003T003633.761Z,9.463,3.39912,97.236,31.2608,1484.918
20211003T003634.746Z,9.4631,3.39911,97.236,31.2606,1484.918
20211003T003635.824Z,9.4633,3.39912,97.236,31.2606,1484.919
20211003T003636.745Z,9.4633,3.39911,97.235,31.2606,1484.919
20211003T003637.801Z,9.4632,3.39911,97.235,31.2606,1484.919
20211003T003638.745Z,9.4631,3.39911,97.236,31.2606,1484.918
20211003T003639.837Z,9.4631,3.3991,97.235,31.2606,1484.918
20211003T003640.745Z,9.463,3.3991,97.235,31.2607,1484.918
20211003T003641.837Z,9.463,3.3991,97.235,31.2607,1484.918
20211003T003642.745Z,9.463,3.3991,97.235,31.2606,1484.918
20211003T003643.782Z,9.463,3.3991,97.235,31.2607,1484.918
20211003T003644.744Z,9.463,3.3991,97.236,31.2607,1484.918
20211003T003645.789Z,9.4631,3.39909,97.236,31.2605,1484.918
20211003T003646.745Z,9.4633,3.39909,97.235,31.2603,1484.918
20211003T003647.785Z,9.4633,3.39909,97.235,31.2604,1484.918
20211003T003648.749Z,9.4632,3.39909,97.235,31.2603,1484.918
20211003T003649.759Z,9.4632,3.3991,97.235,31.2605,1484.918
20211003T003650.745Z,9.4631,3.39908,97.235,31.2604,1484.918
20211003T003651.751Z,9.4631,3.39908,97.234,31.2604,1484.918
20211003T003652.750Z,9.4631,3.39908,97.234,31.2604,1484.918
20211003T003653.754Z,9.4629,3.39909,97.235,31.2606,1484.917
20211003T003654.746Z,9.4628,3.3991,97.234,31.2608,1484.917
20211003T003655.755Z,9.4628,3.39911,97.235,31.2609,1484.917
20211003T003656.748Z,9.4628,3.39915,97.235,31.2613,1484.918
20211003T003657.794Z,9.4628,3.39915,97.235,31.2613,1484.918
20211003T003658.746Z,9.463,3.39914,97.236,31.2611,1484.918
20211003T003659.760Z,9.463,3.39915,97.235,31.2612,1484.918
20211003T003700.746Z,9.4629,3.39915,97.235,31.2613,1484.918
20211003T003701.753Z,9.4629,3.39914,97.234,31.2611,1484.918
20211003T003702.745Z,9.4629,3.39914,97.235,31.2611,1484.918
20211003T003703.761Z,9.463,3.39914,97.235,31.261,1484.918
20211003T003704.759Z,9.463,3.39914,97.234,31.2611,1484.918
20211003T003705.754Z,9.4629,3.39914,97.235,31.2611,1484.918
20211003T003706.744Z,9.4629,3.39914,97.234,31.2611,1484.918
20211003T003707.765Z,9.463,3.39913,97.234,31.261,1484.918
20211003T003708.745Z,9.4628,3.39913,97.235,31.2611,1484.918
20211003T003709.848Z,9.4629,3.39912,97.235,31.261,1484.918
20211003T003710.744Z,9.4628,3.39911,97.235,31.2609,1484.917
20211003T003711.760Z,9.4629,3.3991,97.235,31.2607,1484.918
20211003T003712.749Z,9.463,3.39909,97.234,31.2606,1484.918
20211003T003713.795Z,9.463,3.39911,97.235,31.2608,1484.918
20211003T003714.746Z,9.463,3.39911,97.236,31.2608,1484.918
20211003T003715.750Z,9.4629,3.3991,97.234,31.2608,1484.918
20211003T003716.754Z,9.4629,3.3991,97.235,31.2608,1484.918
20211003T003717.755Z,9.4629,3.3991,97.235,31.2608,1484.918
20211003T003718.744Z,9.4629,3.39909,97.234,31.2607,1484.917
20211003T003719.747Z,9.4629,3.39909,97.234,31.2607,1484.918
20211003T003720.760Z,9.4629,3.39909,97.234,31.2606,1484.917
20211003T003721.786Z,9.4628,3.39909,97.235,31.2607,1484.917
20211003T003722.746Z,9.4628,3.39908,97.235,31.2606,1484.917
20211003T003723.749Z,9.4627,3.39909,97.234,31.2608,1484.917
20211003T003724.765Z,9.4627,3.39909,97.235,31.2608,1484.917
20211003T003725.809Z,9.4626,3.39908,97.235,31.2608,1484.916
20211003T003726.745Z,9.4626,3.39909,97.234,31.2609,1484.917
20211003T003727.760Z,9.4625,3.39908,97.234,31.2609,1484.916
20211003T003728.771Z,9.4625,3.39907,97.235,31.2608,1484.916
20211003T003729.778Z,9.4626,3.39908,97.234,31.2608,1484.916
20211003T003730.745Z,9.4626,3.39908,97.235,31.2608,1484.916
20211003T003731.786Z,9.4626,3.39907,97.235,31.2607,1484.917
20211003T003732.746Z,9.4626,3.39907,97.234,31.2607,1484.917
20211003T003733.813Z,9.4626,3.39907,97.235,31.2607,1484.917
20211003T003734.749Z,9.4626,3.39908,97.235,31.2607,1484.917
20211003T003735.821Z,9.4626,3.39907,97.235,31.2607,1484.916
20211003T003736.745Z,9.4627,3.39907,97.235,31.2605,1484.917
20211003T003737.807Z,9.4627,3.39907,97.235,31.2605,1484.917
20211003T003738.746Z,9.4626,3.39907,97.235,31.2606,1484.916
20211003T003739.774Z,9.4627,3.39906,97.234,31.2605,1484.917
20211003T003740.746Z,9.4626,3.39908,97.233,31.2607,1484.917
20211003T003741.793Z,9.4626,3.39906,97.234,31.2606,1484.916
20211003T003742.748Z,9.4628,3.39908,97.234,31.2606,1484.917
20211003T003743.759Z,9.4627,3.39906,97.235,31.2605,1484.916
20211003T003744.744Z,9.4627,3.39906,97.235,31.2605,1484.917
20211003T003745.756Z,9.4627,3.39908,97.234,31.2607,1484.917
20211003T003746.745Z,9.4627,3.39907,97.233,31.2606,1484.917
20211003T003747.794Z,9.4628,3.39907,97.235,31.2605,1484.917
20211003T003748.744Z,9.4628,3.39907,97.233,31.2605,1484.917
20211003T003749.763Z,9.4628,3.39907,97.234,31.2605,1484.917
20211003T003750.746Z,9.4628,3.39906,97.232,31.2604,1484.917
20211003T003751.751Z,9.4628,3.39906,97.234,31.2604,1484.917
20211003T003752.760Z,9.4628,3.39907,97.233,31.2605,1484.917
20211003T003753.747Z,9.4629,3.39907,97.233,31.2605,1484.917
20211003T003754.746Z,9.4629,3.39906,97.233,31.2604,1484.917
20211003T003755.794Z,9.4628,3.39906,97.234,31.2604,1484.917
20211003T003756.746Z,9.4629,3.39907,97.234,31.2604,1484.917
20211003T003757.751Z,9.4629,3.39907,97.233,31.2604,1484.917
20211003T003758.744Z,9.4629,3.39907,97.233,31.2604,1484.917
20211003T003759.830Z,9.4629,3.39907,97.234,31.2604,1484.917
20211003T003800.745Z,9.463,3.39908,97.234,31.2604,1484.918
20211003T003801.774Z,9.463,3.39908,97.234,31.2604,1484.917
20211003T003802.744Z,9.463,3.39906,97.233,31.2603,1484.917
20211003T003803.765Z,9.4629,3.39907,97.234,31.2604,1484.917
20211003T003804.746Z,9.4629,3.39907,97.233,31.2605,1484.917
20211003T003805.762Z,9.4627,3.39907,97.233,31.2606,1484.917
20211003T003806.744Z,9.4627,3.39907,97.234,31.2605,1484.917
20211003T003807.767Z,9.4627,3.39908,97.234,31.2607,1484.917
20211003T003808.746Z,9.4628,3.39908,97.233,31.2606,1484.917
20211003T003809.750Z,9.4627,3.39908,97.233,31.2607,1484.917
20211003T003810.744Z,9.4627,3.39908,97.233,31.2607,1484.917
20211003T003811.854Z,9.4627,3.39907,97.234,31.2606,1484.917
20211003T003812.745Z,9.4628,3.39908,97.234,31.2606,1484.917
20211003T003813.832Z,9.4628,3.39908,97.233,31.2607,1484.917
20211003T003814.744Z,9.4628,3.39908,97.233,31.2606,1484.917
20211003T003815.756Z,9.4627,3.39907,97.233,31.2605,1484.917
20211003T003816.744Z,9.4627,3.39907,97.233,31.2606,1484.917
20211003T003817.838Z,9.4627,3.39909,97.233,31.2608,1484.917
20211003T003818.745Z,9.4627,3.39909,97.233,31.2608,1484.917
20211003T003819.774Z,9.4627,3.39908,97.234,31.2607,1484.917
20211003T003820.751Z,9.4628,3.39907,97.233,31.2606,1484.917
20211003T003821.760Z,9.4627,3.39908,97.233,31.2607,1484.917
20211003T003822.746Z,9.4628,3.39908,97.233,31.2606,1484.917
20211003T003823.789Z,9.4629,3.39908,97.233,31.2605,1484.917
20211003T003824.747Z,9.4629,3.39908,97.234,31.2605,1484.917
20211003T003825.753Z,9.4629,3.39908,97.232,31.2605,1484.917
20211003T003826.744Z,9.463,3.39908,97.233,31.2604,1484.918
20211003T003827.750Z,9.4631,3.39908,97.233,31.2603,1484.918
20211003T003828.747Z,9.4632,3.39908,97.231,31.2603,1484.918
20211003T003829.790Z,9.4632,3.39909,97.231,31.2603,1484.918
20211003T003830.745Z,9.4631,3.39907,97.232,31.2603,1484.918
20211003T003831.829Z,9.4632,3.39908,97.232,31.2602,1484.918
20211003T003832.745Z,9.4632,3.39908,97.232,31.2603,1484.918
20211003T003833.748Z,9.4631,3.39908,97.232,31.2603,1484.918
20211003T003834.745Z,9.4631,3.39907,97.232,31.2603,1484.918
20211003T003835.784Z,9.4633,3.39907,97.232,31.2601,1484.918
20211003T003836.744Z,9.4633,3.39908,97.232,31.2602,1484.918
20211003T003837.776Z,9.4633,3.39907,97.232,31.2601,1484.918
20211003T003838.746Z,9.4634,3.39907,97.232,31.26,1484.918
20211003T003839.763Z,9.4636,3.39908,97.231,31.26,1484.919
20211003T003840.746Z,9.4636,3.39907,97.232,31.2599,1484.919
20211003T003841.815Z,9.4634,3.39908,97.231,31.2601,1484.919
20211003T003842.745Z,9.4634,3.39908,97.231,31.2601,1484.919
20211003T003843.791Z,9.4633,3.39908,97.231,31.2602,1484.918
20211003T003844.746Z,9.4633,3.39908,97.232,31.2602,1484.918
20211003T003845.755Z,9.4632,3.39908,97.232,31.2603,1484.918
20211003T003846.745Z,9.4633,3.39909,97.232,31.2604,1484.918
20211003T003847.760Z,9.4633,3.39909,97.232,31.2603,1484.918
20211003T003848.744Z,9.4633,3.39908,97.231,31.2602,1484.918
20211003T003849.883Z,9.4633,3.39908,97.231,31.2602,1484.918
20211003T003850.745Z,9.4633,3.3991,97.232,31.2604,1484.919
20211003T003851.780Z,9.4633,3.39909,97.232,31.2603,1484.918
20211003T003852.744Z,9.4633,3.39908,97.232,31.2602,1484.918
20211003T003853.811Z,9.4634,3.3991,97.231,31.2603,1484.919
20211003T003854.744Z,9.4635,3.39909,97.231,31.2602,1484.919
20211003T003855.775Z,9.4635,3.3991,97.231,31.2602,1484.919
20211003T003856.744Z,9.4636,3.39909,97.231,31.2601,1484.919
20211003T003857.790Z,9.4635,3.39909,97.23,31.2602,1484.919
20211003T003858.746Z,9.4634,3.3991,97.23,31.2603,1484.919
20211003T003859.751Z,9.4634,3.39908,97.232,31.2601,1484.918
20211003T003900.746Z,9.4633,3.39908,97.231,31.2602,1484.918
20211003T003901.753Z,9.4633,3.39907,97.231,31.2601,1484.918
20211003T003902.749Z,9.4632,3.39908,97.231,31.2603,1484.918
20211003T003903.795Z,9.4633,3.39908,97.23,31.2603,1484.918
20211003T003904.744Z,9.4633,3.39908,97.231,31.2602,1484.918
20211003T003905.758Z,9.4633,3.39908,97.231,31.2602,1484.918
20211003T003906.763Z,9.4633,3.39908,97.231,31.2603,1484.918
20211003T003907.764Z,9.4633,3.39908,97.232,31.2602,1484.918
20211003T003908.745Z,9.4636,3.39908,97.23,31.26,1484.919
20211003T003909.846Z,9.4637,3.39909,97.231,31.2599,1484.92
20211003T003910.746Z,9.4636,3.39908,97.231,31.26,1484.919
20211003T003911.795Z,9.4635,3.39909,97.229,31.2602,1484.919
20211003T003912.745Z,9.4635,3.39909,97.231,31.2602,1484.919
20211003T003913.823Z,9.4634,3.39909,97.231,31.2601,1484.919
20211003T003914.747Z,9.4635,3.39908,97.231,31.2601,1484.919
20211003T003915.916Z,9.4633,3.39907,97.23,31.2601,1484.918
20211003T003916.745Z,9.4633,3.39908,97.23,31.2601,1484.918
20211003T003917.770Z,9.4634,3.39906,97.23,31.2599,1484.918
20211003T003918.745Z,9.4634,3.39908,97.229,31.2601,1484.918
20211003T003919.808Z,9.4633,3.39906,97.231,31.26,1484.918
20211003T003920.744Z,9.4633,3.39906,97.23,31.26,1484.918
20211003T003921.765Z,9.4633,3.39906,97.23,31.26,1484.918
20211003T003922.744Z,9.4633,3.39906,97.231,31.26,1484.918
20211003T003923.777Z,9.4634,3.39906,97.23,31.2599,1484.918
20211003T003924.744Z,9.4634,3.39906,97.23,31.2599,1484.918
20211003T003925.824Z,9.4634,3.39907,97.23,31.26,1484.918
20211003T003926.744Z,9.4633,3.39906,97.23,31.26,1484.918
20211003T003927.806Z,9.4633,3.39908,97.23,31.2602,1484.918
20211003T003928.745Z,9.4634,3.39908,97.23,31.2601,1484.919
20211003T003929.776Z,9.4634,3.39906,97.229,31.2599,1484.918
20211003T003930.759Z,9.4634,3.39907,97.23,31.26,1484.918
20211003T003931.773Z,9.4634,3.39907,97.23,31.26,1484.919
20211003T003932.746Z,9.4634,3.39907,97.23,31.26,1484.919
20211003T003933.747Z,9.4635,3.39907,97.229,31.2599,1484.919
20211003T003934.746Z,9.4635,3.39908,97.23,31.26,1484.919
20211003T003935.803Z,9.4635,3.39907,97.23,31.26,1484.919
20211003T003936.746Z,9.4636,3.39907,97.23,31.2599,1484.919
20211003T003937.779Z,9.4634,3.39908,97.23,31.2601,1484.919
20211003T003938.746Z,9.4634,3.39908,97.229,31.2601,1484.918
20211003T003939.802Z,9.4634,3.39908,97.23,31.2601,1484.919
20211003T003940.745Z,9.4635,3.39907,97.229,31.2599,1484.919
20211003T003941.843Z,9.4635,3.39907,97.23,31.26,1484.919
20211003T003942.745Z,9.4634,3.39908,97.229,31.2601,1484.919
20211003T003943.848Z,9.4634,3.39906,97.23,31.2599,1484.918
20211003T003944.745Z,9.4634,3.39906,97.229,31.2599,1484.918
20211003T003945.766Z,9.4634,3.39907,97.229,31.2599,1484.918
20211003T003946.745Z,9.4634,3.39906,97.228,31.2599,1484.918
20211003T003947.845Z,9.4634,3.39906,97.23,31.2599,1484.918
20211003T003948.749Z,9.4634,3.39906,97.229,31.2599,1484.918
20211003T003949.749Z,9.4632,3.39906,97.23,31.2601,1484.918
20211003T003950.744Z,9.4633,3.39906,97.229,31.26,1484.918
20211003T003951.752Z,9.4634,3.39906,97.229,31.2599,1484.918
20211003T003952.750Z,9.4636,3.39906,97.229,31.2597,1484.919
20211003T003953.783Z,9.4638,3.39907,97.229,31.2596,1484.919
20211003T003954.758Z,9.4637,3.39907,97.229,31.2598,1484.919
20211003T003955.760Z,9.4636,3.39906,97.229,31.2598,1484.919
20211003T003956.748Z,9.4636,3.39907,97.229,31.2598,1484.919
20211003T003957.757Z,9.4634,3.39908,97.229,31.2601,1484.918
20211003T003958.745Z,9.4634,3.39906,97.229,31.2599,1484.918
20211003T003959.905Z,9.4634,3.39907,97.228,31.26,1484.918
20211003T004000.746Z,9.4633,3.39906,97.229,31.26,1484.918
20211003T004001.788Z,9.4633,3.39907,97.228,31.2601,1484.918
20211003T004002.744Z,9.4633,3.39907,97.228,31.2601,1484.918
20211003T004003.760Z,9.4634,3.39906,97.229,31.2599,1484.918
20211003T004004.745Z,9.4636,3.39907,97.228,31.2599,1484.919
20211003T004005.763Z,9.4637,3.39906,97.228,31.2596,1484.919
20211003T004006.745Z,9.4636,3.39907,97.228,31.2598,1484.919
20211003T004007.845Z,9.4633,3.39906,97.228,31.26,1484.918
20211003T004008.745Z,9.4631,3.39906,97.227,31.2601,1484.918
20211003T004009.751Z,9.4632,3.39907,97.228,31.2602,1484.918
20211003T004010.745Z,9.4632,3.39906,97.229,31.26,1484.918
20211003T004011.749Z,9.4633,3.39907,97.228,31.2601,1484.918
20211003T004012.745Z,9.4633,3.39908,97.228,31.2602,1484.918
20211003T004013.851Z,9.4633,3.39906,97.229,31.26,1484.918
20211003T004014.745Z,9.4633,3.39907,97.228,31.2601,1484.918
20211003T004015.747Z,9.4632,3.39906,97.228,31.2601,1484.918
20211003T004016.744Z,9.463,3.39906,97.228,31.2603,1484.917
20211003T004017.756Z,9.4628,3.39906,97.227,31.2604,1484.917
20211003T004018.744Z,9.4628,3.39908,97.227,31.2606,1484.917
20211003T004019.864Z,9.4628,3.39906,97.227,31.2604,1484.917
20211003T004020.746Z,9.4628,3.39906,97.226,31.2604,1484.917
20211003T004021.791Z,9.463,3.39908,97.228,31.2604,1484.917
20211003T004022.744Z,9.4633,3.39908,97.227,31.2602,1484.918
20211003T004023.889Z,9.4634,3.39909,97.227,31.2602,1484.919
20211003T004024.745Z,9.4634,3.39908,97.227,31.2602,1484.918
20211003T004025.826Z,9.4635,3.39909,97.226,31.2601,1484.919
20211003T004026.744Z,9.4636,3.39909,97.228,31.26,1484.919
20211003T004027.838Z,9.4637,3.39911,97.227,31.2601,1484.92
20211003T004028.745Z,9.4638,3.39911,97.227,31.2601,1484.92
20211003T004029.814Z,9.4639,3.39911,97.227,31.26,1484.92
20211003T004030.747Z,9.464,3.39911,97.226,31.2599,1484.921
20211003T004031.748Z,9.4641,3.39912,97.227,31.2599,1484.921
20211003T004032.745Z,9.464,3.39911,97.227,31.2599,1484.92
20211003T004033.795Z,9.4641,3.39911,97.227,31.2598,1484.921
20211003T004034.750Z,9.464,3.39911,97.226,31.2598,1484.921
20211003T004035.838Z,9.4639,3.39911,97.226,31.26,1484.92
20211003T004036.745Z,9.4638,3.3991,97.226,31.26,1484.92
20211003T004037.756Z,9.4637,3.3991,97.226,31.26,1484.92
20211003T004038.746Z,9.4637,3.3991,97.225,31.2601,1484.919
20211003T004039.765Z,9.4638,3.39909,97.226,31.2599,1484.92
20211003T004040.745Z,9.4638,3.39909,97.225,31.2599,1484.92
20211003T004041.754Z,9.4638,3.39909,97.226,31.2599,1484.92
20211003T004042.747Z,9.464,3.3991,97.226,31.2599,1484.92
20211003T004043.763Z,9.464,3.3991,97.225,31.2598,1484.92
20211003T004044.744Z,9.4641,3.39911,97.226,31.2598,1484.921
20211003T004045.821Z,9.4642,3.39911,97.226,31.2598,1484.921
20211003T004046.745Z,9.4641,3.39911,97.225,31.2598,1484.921
20211003T004047.768Z,9.4641,3.39911,97.225,31.2598,1484.921
20211003T004048.745Z,9.4639,3.39911,97.225,31.26,1484.92
20211003T004049.754Z,9.464,3.39911,97.225,31.2599,1484.92
20211003T004050.746Z,9.464,3.39911,97.225,31.2599,1484.92
20211003T004051.774Z,9.4638,3.39911,97.224,31.2601,1484.92
20211003T004052.745Z,9.4637,3.3991,97.224,31.2601,1484.919
20211003T004053.747Z,9.4637,3.3991,97.225,31.26,1484.92
20211003T004054.745Z,9.4638,3.39911,97.224,31.2601,1484.92
20211003T004055.771Z,9.4638,3.3991,97.225,31.26,1484.92
20211003T004056.745Z,9.4638,3.3991,97.224,31.2599,1484.92
20211003T004057.746Z,9.464,3.39911,97.225,31.2599,1484.92
20211003T004058.745Z,9.4637,3.39911,97.224,31.2601,1484.92
20211003T004059.839Z,9.4638,3.39911,97.224,31.2601,1484.92
20211003T004100.745Z,9.4637,3.3991,97.225,31.2601,1484.919
20211003T004101.748Z,9.4636,3.39911,97.224,31.2602,1484.919
20211003T004102.745Z,9.4638,3.39911,97.223,31.2601,1484.92
20211003T004104.000Z,9.4638,3.39912,97.223,31.2601,1484.92
20211003T004104.745Z,9.4636,3.39911,97.224,31.2602,1484.919
20211003T004105.786Z,9.4634,3.3991,97.224,31.2603,1484.919
20211003T004106.746Z,9.4635,3.3991,97.224,31.2603,1484.919
20211003T004107.780Z,9.4635,3.39911,97.224,31.2604,1484.919
20211003T004108.758Z,9.4634,3.39911,97.223,31.2604,1484.919
20211003T004109.761Z,9.4635,3.39911,97.224,31.2603,1484.919
20211003T004110.744Z,9.4636,3.39911,97.224,31.2602,1484.919
20211003T004111.808Z,9.4636,3.39912,97.224,31.2603,1484.919
20211003T004112.745Z,9.4636,3.3991,97.224,31.2602,1484.919
20211003T004113.813Z,9.4634,3.39911,97.223,31.2604,1484.919
20211003T004114.745Z,9.4636,3.39911,97.223,31.2603,1484.919
20211003T004115.763Z,9.4635,3.39912,97.225,31.2604,1484.919
20211003T004116.745Z,9.4636,3.39911,97.224,31.2603,1484.919
20211003T004117.782Z,9.4635,3.39911,97.223,31.2604,1484.919
20211003T004118.745Z,9.4636,3.39911,97.223,31.2603,1484.919
20211003T004119.794Z,9.4637,3.39912,97.223,31.2602,1484.919
20211003T004120.749Z,9.4637,3.39911,97.223,31.2602,1484.919
20211003T004121.805Z,9.4636,3.39912,97.223,31.2604,1484.919
20211003T004122.745Z,9.4636,3.39911,97.223,31.2603,1484.919
20211003T004123.762Z,9.4635,3.39912,97.223,31.2605,1484.919
20211003T004124.746Z,9.4635,3.39912,97.223,31.2604,1484.919
20211003T004125.751Z,9.4636,3.39913,97.223,31.2604,1484.92
20211003T004126.744Z,9.4634,3.39912,97.222,31.2605,1484.919
20211003T004127.800Z,9.4636,3.39913,97.223,31.2604,1484.919
20211003T004128.748Z,9.4635,3.39913,97.223,31.2605,1484.919
20211003T004129.753Z,9.4636,3.39912,97.223,31.2604,1484.919
20211003T004130.745Z,9.4637,3.39913,97.222,31.2604,1484.92
20211003T004131.789Z,9.4636,3.39913,97.224,31.2605,1484.92
20211003T004132.759Z,9.4636,3.39913,97.222,31.2604,1484.92
20211003T004133.784Z,9.4637,3.39914,97.223,31.2604,1484.92
20211003T004134.745Z,9.4637,3.39913,97.224,31.2604,1484.92
20211003T004135.756Z,9.4636,3.39914,97.223,31.2605,1484.92
20211003T004136.744Z,9.4638,3.39914,97.222,31.2603,1484.92
20211003T004137.749Z,9.4641,3.39915,97.222,31.2602,1484.921
20211003T004138.744Z,9.4642,3.39914,97.222,31.26,1484.921
20211003T004139.811Z,9.4644,3.39914,97.223,31.2598,1484.922
20211003T004140.744Z,9.4645,3.39913,97.222,31.2596,1484.922
20211003T004141.780Z,9.4644,3.39911,97.223,31.2596,1484.921
20211003T004142.744Z,9.4644,3.39912,97.222,31.2597,1484.921
20211003T004143.750Z,9.4643,3.39912,97.221,31.2597,1484.921
20211003T004144.746Z,9.4643,3.39912,97.22,31.2597,1484.921
20211003T004145.773Z,9.4643,3.39911,97.221,31.2597,1484.921
20211003T004146.745Z,9.4643,3.39911,97.222,31.2597,1484.921
20211003T004147.749Z,9.4643,3.39913,97.221,31.2598,1484.921
20211003T004148.745Z,9.4644,3.39912,97.222,31.2597,1484.921
20211003T004149.900Z,9.4644,3.39912,97.222,31.2596,1484.922
20211003T004150.745Z,9.4644,3.39912,97.222,31.2596,1484.921
20211003T004151.747Z,9.4643,3.3991,97.221,31.2595,1484.921
20211003T004152.745Z,9.4642,3.3991,97.222,31.2597,1484.921
20211003T004153.754Z,9.4642,3.3991,97.221,31.2597,1484.921
20211003T004154.745Z,9.4642,3.39911,97.222,31.2597,1484.921
20211003T004155.750Z,9.4643,3.39912,97.221,31.2597,1484.921
20211003T004156.758Z,9.4644,3.39912,97.222,31.2597,1484.921
20211003T004157.800Z,9.4644,3.39912,97.221,31.2596,1484.922
20211003T004158.745Z,9.4646,3.39913,97.221,31.2596,1484.922
20211003T004159.837Z,9.4646,3.39913,97.221,31.2596,1484.922
20211003T004200.745Z,9.4647,3.39913,97.221,31.2595,1484.922
20211003T004201.775Z,9.4647,3.39913,97.221,31.2595,1484.923
20211003T004202.749Z,9.4646,3.39913,97.221,31.2595,1484.922
20211003T004203.758Z,9.4646,3.39913,97.221,31.2596,1484.922
20211003T004204.744Z,9.4646,3.39914,97.221,31.2597,1484.922
20211003T004205.779Z,9.4648,3.39914,97.221,31.2596,1484.923
20211003T004206.750Z,9.4646,3.39913,97.22,31.2596,1484.922
20211003T004207.762Z,9.4648,3.39913,97.22,31.2594,1484.923
20211003T004208.745Z,9.4648,3.39914,97.22,31.2595,1484.923
20211003T004209.791Z,9.4649,3.39914,97.22,31.2594,1484.923
20211003T004210.747Z,9.4648,3.39914,97.221,31.2595,1484.923
20211003T004211.748Z,9.4646,3.39914,97.22,31.2596,1484.922
20211003T004212.744Z,9.4647,3.39913,97.22,31.2595,1484.922
20211003T004213.805Z,9.4648,3.39913,97.22,31.2594,1484.923
20211003T004214.746Z,9.4648,3.39913,97.22,31.2594,1484.923
20211003T004215.814Z,9.4648,3.39914,97.221,31.2595,1484.923
20211003T004216.746Z,9.4648,3.39914,97.22,31.2595,1484.923
20211003T004217.780Z,9.4646,3.39913,97.22,31.2596,1484.922
20211003T004218.745Z,9.4646,3.39911,97.22,31.2594,1484.922
20211003T004219.783Z,9.4646,3.39912,97.219,31.2595,1484.922
20211003T004220.746Z,9.4646,3.39913,97.22,31.2596,1484.922
20211003T004221.761Z,9.4648,3.39913,97.22,31.2594,1484.923
20211003T004222.745Z,9.4648,3.39912,97.22,31.2594,1484.923
20211003T004223.754Z,9.4646,3.39913,97.22,31.2596,1484.922
20211003T004224.745Z,9.4646,3.39912,97.219,31.2594,1484.922
20211003T004225.843Z,9.4646,3.39912,97.219,31.2595,1484.922
20211003T004226.745Z,9.4646,3.39912,97.219,31.2594,1484.922
20211003T004227.756Z,9.4646,3.39913,97.22,31.2595,1484.922
20211003T004228.745Z,9.4646,3.39913,97.22,31.2596,1484.922
20211003T004229.755Z,9.4647,3.39911,97.219,31.2593,1484.922
20211003T004230.744Z,9.4647,3.39913,97.219,31.2595,1484.922
20211003T004231.771Z,9.4648,3.39913,97.219,31.2593,1484.923
20211003T004232.745Z,9.4649,3.39913,97.219,31.2593,1484.923
20211003T004233.758Z,9.4651,3.39913,97.219,31.2591,1484.923
20211003T004234.745Z,9.465,3.39912,97.219,31.2591,1484.923
20211003T004235.748Z,9.465,3.39912,97.219,31.2592,1484.923
20211003T004236.745Z,9.4649,3.39912,97.219,31.2592,1484.923
20211003T004237.748Z,9.465,3.39911,97.218,31.259,1484.923
20211003T004238.745Z,9.4649,3.39912,97.219,31.2592,1484.923
20211003T004239.781Z,9.4649,3.39913,97.219,31.2593,1484.923
20211003T004240.745Z,9.4649,3.39913,97.218,31.2593,1484.923
20211003T004241.801Z,9.4649,3.39912,97.219,31.2593,1484.923
20211003T004242.745Z,9.465,3.39913,97.218,31.2592,1484.923
20211003T004243.847Z,9.4649,3.39912,97.218,31.2591,1484.923
20211003T004244.745Z,9.4649,3.39912,97.217,31.2592,1484.923
20211003T004245.762Z,9.4649,3.39913,97.218,31.2593,1484.923
20211003T004246.744Z,9.4649,3.39913,97.218,31.2593,1484.923
20211003T004247.797Z,9.4649,3.39912,97.218,31.2593,1484.923
20211003T004248.749Z,9.4648,3.39913,97.218,31.2594,1484.923
20211003T004249.764Z,9.4648,3.39912,97.218,31.2593,1484.923
20211003T004250.746Z,9.4648,3.39911,97.218,31.2592,1484.923
20211003T004251.785Z,9.4649,3.39911,97.218,31.2591,1484.923
20211003T004252.746Z,9.4648,3.39911,97.217,31.2592,1484.922
20211003T004253.812Z,9.4649,3.39911,97.217,31.2592,1484.923
20211003T004254.746Z,9.4648,3.39911,97.217,31.2592,1484.922
20211003T004255.778Z,9.4649,3.39912,97.217,31.2592,1484.923
20211003T004256.746Z,9.4649,3.39912,97.217,31.2592,1484.923
20211003T004257.811Z,9.4648,3.39911,97.217,31.2592,1484.923
20211003T004258.744Z,9.4648,3.39912,97.217,31.2593,1484.923
20211003T004259.806Z,9.4648,3.39912,97.216,31.2593,1484.922
20211003T004300.745Z,9.4646,3.3991,97.217,31.2593,1484.922
20211003T004301.770Z,9.4646,3.39912,97.217,31.2594,1484.922
20211003T004302.745Z,9.4646,3.39911,97.217,31.2594,1484.922
20211003T004303.833Z,9.4645,3.39911,97.216,31.2595,1484.921
20211003T004304.745Z,9.4645,3.39911,97.216,31.2594,1484.922
20211003T004305.808Z,9.4644,3.39911,97.216,31.2595,1484.921
20211003T004306.745Z,9.4644,3.39912,97.216,31.2596,1484.921
20211003T004307.811Z,9.4644,3.3991,97.217,31.2595,1484.921
20211003T004308.745Z,9.4643,3.39909,97.216,31.2595,1484.921
20211003T004309.894Z,9.4643,3.39909,97.216,31.2594,1484.921
20211003T004310.745Z,9.4642,3.39909,97.216,31.2595,1484.92
20211003T004311.870Z,9.4642,3.3991,97.216,31.2597,1484.921
20211003T004312.746Z,9.4642,3.3991,97.216,31.2596,1484.921
20211003T004313.799Z,9.4641,3.3991,97.217,31.2597,1484.921
20211003T004314.745Z,9.4642,3.39909,97.217,31.2595,1484.921
20211003T004315.777Z,9.4641,3.39909,97.216,31.2596,1484.92
20211003T004316.745Z,9.4641,3.3991,97.215,31.2597,1484.92
20211003T004317.757Z,9.4641,3.39909,97.216,31.2596,1484.92
20211003T004318.746Z,9.4641,3.39909,97.217,31.2596,1484.92
20211003T004319.754Z,9.464,3.39911,97.217,31.2599,1484.92
20211003T004320.745Z,9.4641,3.39913,97.216,31.26,1484.921
20211003T004321.750Z,9.464,3.39914,97.216,31.2602,1484.921
20211003T004322.746Z,9.4641,3.39915,97.216,31.2602,1484.921
20211003T004323.826Z,9.4641,3.39914,97.216,31.2601,1484.921
20211003T004324.745Z,9.464,3.39915,97.215,31.2603,1484.921
20211003T004325.759Z,9.464,3.39914,97.216,31.2601,1484.921
20211003T004326.744Z,9.4641,3.39913,97.216,31.26,1484.921
20211003T004327.819Z,9.464,3.39912,97.215,31.26,1484.92
20211003T004328.745Z,9.4641,3.39913,97.216,31.26,1484.921
20211003T004329.748Z,9.464,3.39913,97.216,31.26,1484.92
20211003T004330.745Z,9.464,3.39912,97.216,31.26,1484.92
20211003T004331.758Z,9.464,3.39911,97.215,31.2599,1484.92
20211003T004332.745Z,9.4641,3.39911,97.215,31.2598,1484.921
20211003T004333.760Z,9.464,3.39911,97.215,31.26,1484.92
20211003T004334.764Z,9.4641,3.39912,97.216,31.2599,1484.921
20211003T004335.783Z,9.4641,3.39912,97.216,31.2599,1484.92
20211003T004336.745Z,9.4641,3.39913,97.215,31.26,1484.921
20211003T004337.826Z,9.4641,3.39912,97.215,31.2599,1484.921
20211003T004338.746Z,9.464,3.39913,97.215,31.26,1484.92
20211003T004339.861Z,9.464,3.39913,97.216,31.26,1484.921
20211003T004340.745Z,9.464,3.39912,97.215,31.26,1484.92
20211003T004341.747Z,9.4641,3.39912,97.216,31.26,1484.921
20211003T004342.747Z,9.464,3.39913,97.214,31.2601,1484.92
20211003T004343.765Z,9.4641,3.39912,97.215,31.2599,1484.921
20211003T004344.746Z,9.4641,3.39912,97.215,31.26,1484.921
20211003T004345.844Z,9.464,3.39913,97.214,31.2601,1484.92
20211003T004346.746Z,9.4641,3.39913,97.213,31.26,1484.921
20211003T004347.778Z,9.464,3.39914,97.214,31.2601,1484.921
20211003T004348.746Z,9.464,3.39913,97.215,31.2601,1484.92
20211003T004349.781Z,9.4641,3.39914,97.215,31.2601,1484.921
20211003T004350.746Z,9.4642,3.39915,97.214,31.2601,1484.921
20211003T004351.798Z,9.4643,3.39916,97.214,31.2601,1484.921
20211003T004352.745Z,9.4643,3.39915,97.214,31.2601,1484.921
20211003T004353.774Z,9.4642,3.39917,97.214,31.2603,1484.921
20211003T004354.745Z,9.4641,3.39917,97.214,31.2604,1484.921
20211003T004355.758Z,9.464,3.39919,97.214,31.2606,1484.921
20211003T004356.745Z,9.464,3.39919,97.213,31.2607,1484.921
20211003T004357.751Z,9.4641,3.39919,97.213,31.2606,1484.921
20211003T004358.759Z,9.4641,3.39919,97.214,31.2606,1484.921
20211003T004359.751Z,9.4641,3.39918,97.213,31.2606,1484.921
20211003T004400.745Z,9.464,3.39917,97.213,31.2605,1484.921
20211003T004401.813Z,9.464,3.39915,97.214,31.2603,1484.921
20211003T004402.746Z,9.4641,3.3992,97.213,31.2607,1484.921
20211003T004403.770Z,9.4643,3.39929,97.213,31.2615,1484.923
20211003T004404.746Z,9.4644,3.39927,97.212,31.2612,1484.923
20211003T004405.754Z,9.4644,3.39928,97.213,31.2613,1484.923
20211003T004406.746Z,9.4644,3.39928,97.213,31.2613,1484.923
20211003T004407.776Z,9.4643,3.39932,97.213,31.2617,1484.924
20211003T004408.746Z,9.4645,3.39935,97.213,31.2619,1484.924
20211003T004409.803Z,9.4646,3.3993,97.212,31.2614,1484.924
20211003T004410.746Z,9.4645,3.39929,97.212,31.2613,1484.924
20211003T004411.854Z,9.4644,3.39931,97.212,31.2615,1484.924
20211003T004412.745Z,9.4644,3.39934,97.212,31.2619,1484.924
20211003T004413.748Z,9.4645,3.39936,97.212,31.262,1484.925
20211003T004414.745Z,9.4645,3.39936,97.212,31.262,1484.925
20211003T004415.771Z,9.4644,3.39932,97.212,31.2616,1484.924
20211003T004416.746Z,9.4645,3.3993,97.212,31.2614,1484.924
20211003T004417.759Z,9.4645,3.39927,97.212,31.261,1484.924
20211003T004418.745Z,9.4644,3.39927,97.211,31.2611,1484.923
20211003T004419.774Z,9.4644,3.39929,97.211,31.2614,1484.924
20211003T004420.750Z,9.4644,3.39929,97.212,31.2614,1484.923
20211003T004421.749Z,9.4643,3.39929,97.212,31.2614,1484.923
20211003T004422.745Z,9.4644,3.39931,97.212,31.2616,1484.924
20211003T004423.816Z,9.4644,3.39932,97.211,31.2617,1484.924
20211003T004424.746Z,9.4644,3.39937,97.211,31.2623,1484.924
20211003T004425.779Z,9.4645,3.3994,97.212,31.2624,1484.925
20211003T004426.744Z,9.4645,3.39946,97.211,31.263,1484.926
20211003T004427.778Z,9.4645,3.39949,97.211,31.2633,1484.926
20211003T004428.747Z,9.4646,3.39949,97.211,31.2633,1484.927
20211003T004429.772Z,9.4646,3.39946,97.21,31.2629,1484.926
20211003T004430.745Z,9.4646,3.39945,97.212,31.2629,1484.926
20211003T004431.752Z,9.4646,3.39942,97.211,31.2626,1484.926
20211003T004432.745Z,9.4646,3.39939,97.211,31.2623,1484.925
20211003T004433.823Z,9.4646,3.3994,97.211,31.2623,1484.925
20211003T004434.746Z,9.4645,3.39938,97.211,31.2622,1484.925
20211003T004435.780Z,9.4646,3.39936,97.211,31.2619,1484.925
20211003T004436.745Z,9.4645,3.39934,97.211,31.2618,1484.924
20211003T004437.748Z,9.4644,3.3993,97.212,31.2615,1484.924
20211003T004438.746Z,9.4644,3.39927,97.21,31.2611,1484.923
20211003T004439.760Z,9.4643,3.39924,97.209,31.2609,1484.923
20211003T004440.745Z,9.4643,3.39923,97.21,31.2609,1484.922
20211003T004441.775Z,9.4643,3.39923,97.211,31.2609,1484.922
20211003T004442.745Z,9.4641,3.39924,97.21,31.2611,1484.922
20211003T004443.806Z,9.4643,3.39924,97.21,31.261,1484.922
20211003T004444.746Z,9.4644,3.39924,97.21,31.2609,1484.923
20211003T004445.757Z,9.4643,3.39924,97.21,31.261,1484.923
20211003T004446.746Z,9.4642,3.39923,97.21,31.261,1484.922
20211003T004447.839Z,9.4642,3.39923,97.209,31.261,1484.922
20211003T004448.744Z,9.4643,3.39922,97.209,31.2607,1484.922
20211003T004449.870Z,9.4643,3.39921,97.21,31.2607,1484.922
20211003T004450.745Z,9.4642,3.39922,97.21,31.2608,1484.922
20211003T004451.750Z,9.4641,3.39922,97.211,31.2609,1484.922
20211003T004452.745Z,9.4641,3.39922,97.21,31.261,1484.922
20211003T004453.830Z,9.4641,3.39923,97.21,31.261,1484.922
20211003T004454.744Z,9.4641,3.39924,97.21,31.2612,1484.922
20211003T004455.827Z,9.4641,3.39923,97.21,31.261,1484.922
20211003T004456.745Z,9.4642,3.39924,97.21,31.2611,1484.922
20211003T004457.805Z,9.4642,3.39923,97.209,31.261,1484.922
20211003T004458.745Z,9.4642,3.39923,97.209,31.2609,1484.922
20211003T004459.839Z,9.4641,3.39923,97.209,31.261,1484.922
20211003T004500.746Z,9.464,3.39923,97.209,31.2611,1484.922
20211003T004501.755Z,9.4639,3.39923,97.209,31.2612,1484.921
20211003T004502.751Z,9.4639,3.39923,97.209,31.2613,1484.921
20211003T004503.786Z,9.464,3.39924,97.21,31.2613,1484.922
20211003T004504.746Z,9.464,3.39925,97.21,31.2613,1484.922
20211003T004505.771Z,9.4641,3.39926,97.209,31.2614,1484.922
20211003T004506.749Z,9.464,3.39925,97.209,31.2613,1484.922
20211003T004507.812Z,9.4639,3.39924,97.208,31.2612,1484.921
20211003T004508.745Z,9.4639,3.39924,97.209,31.2613,1484.921
20211003T004509.765Z,9.464,3.39925,97.208,31.2613,1484.922
20211003T004510.748Z,9.4639,3.39926,97.209,31.2615,1484.922
20211003T004511.764Z,9.464,3.39929,97.208,31.2617,1484.922
20211003T004512.746Z,9.4639,3.39928,97.209,31.2617,1484.922
20211003T004513.774Z,9.4639,3.39925,97.209,31.2614,1484.922
20211003T004514.747Z,9.4639,3.39927,97.208,31.2616,1484.922
20211003T004515.769Z,9.464,3.39931,97.209,31.2619,1484.922
20211003T004516.745Z,9.464,3.39936,97.208,31.2625,1484.923
20211003T004517.781Z,9.464,3.39938,97.209,31.2626,1484.924
20211003T004518.751Z,9.464,3.39937,97.208,31.2626,1484.923
20211003T004519.800Z,9.464,3.39938,97.208,31.2627,1484.923
20211003T004520.745Z,9.464,3.39937,97.209,31.2626,1484.924
20211003T004521.843Z,9.464,3.39938,97.208,31.2627,1484.923
20211003T004522.759Z,9.4639,3.39937,97.208,31.2626,1484.923
20211003T004523.799Z,9.4639,3.39937,97.209,31.2626,1484.923
20211003T004524.745Z,9.4638,3.39937,97.208,31.2628,1484.923
20211003T004525.762Z,9.4638,3.3994,97.208,31.2631,1484.923
20211003T004526.763Z,9.4638,3.39941,97.208,31.2631,1484.923
20211003T004527.870Z,9.4639,3.39942,97.208,31.2632,1484.924
20211003T004528.746Z,9.4638,3.39945,97.208,31.2636,1484.924
20211003T004529.749Z,9.4639,3.39947,97.209,31.2637,1484.924
20211003T004530.750Z,9.4638,3.39947,97.208,31.2638,1484.924
20211003T004531.815Z,9.4639,3.39946,97.207,31.2635,1484.924
20211003T004532.746Z,9.4639,3.39945,97.207,31.2635,1484.924
20211003T004533.795Z,9.464,3.39948,97.208,31.2637,1484.925
20211003T004534.745Z,9.464,3.3995,97.207,31.2639,1484.925
20211003T004535.753Z,9.4639,3.39951,97.207,31.2641,1484.925
20211003T004536.759Z,9.4639,3.39952,97.207,31.2642,1484.925
20211003T004537.751Z,9.4639,3.39955,97.208,31.2645,1484.925
20211003T004538.745Z,9.4639,3.39957,97.209,31.2647,1484.926
20211003T004539.839Z,9.4639,3.39961,97.207,31.2651,1484.926
20211003T004540.745Z,9.464,3.39963,97.207,31.2652,1484.926
20211003T004541.757Z,9.4639,3.39961,97.207,31.2651,1484.926
20211003T004542.744Z,9.464,3.39961,97.207,31.2651,1484.926
20211003T004543.791Z,9.4641,3.39962,97.207,31.2651,1484.927
20211003T004544.745Z,9.4639,3.39961,97.208,31.265,1484.926
20211003T004545.801Z,9.4639,3.3996,97.206,31.2649,1484.926
20211003T004546.744Z,9.4639,3.39956,97.207,31.2646,1484.926
20211003T004547.786Z,9.4638,3.39952,97.207,31.2642,1484.925
20211003T004548.750Z,9.4638,3.3995,97.206,31.264,1484.924
20211003T004549.991Z,9.4639,3.39951,97.206,31.264,1484.925
20211003T004550.745Z,9.4639,3.39952,97.205,31.2642,1484.925
20211003T004551.801Z,9.4639,3.39955,97.206,31.2644,1484.925
20211003T004552.745Z,9.4639,3.39958,97.206,31.2648,1484.926
20211003T004553.821Z,9.4639,3.39955,97.206,31.2645,1484.925
20211003T004554.746Z,9.4639,3.39957,97.206,31.2647,1484.926
20211003T004555.768Z,9.4639,3.39964,97.206,31.2654,1484.926
20211003T004556.747Z,9.464,3.3997,97.206,31.2658,1484.927
20211003T004557.751Z,9.4641,3.39975,97.206,31.2663,1484.928
20211003T004558.745Z,9.4642,3.39982,97.206,31.2669,1484.929
20211003T004559.749Z,9.4643,3.39984,97.206,31.2671,1484.93
20211003T004600.759Z,9.4644,3.39992,97.205,31.2678,1484.931
20211003T004601.873Z,9.4643,3.3999,97.206,31.2676,1484.931
20211003T004602.746Z,9.4643,3.39989,97.205,31.2676,1484.931
20211003T004603.751Z,9.4643,3.39992,97.205,31.2679,1484.931
20211003T004604.746Z,9.4644,3.39992,97.205,31.2679,1484.931
20211003T004605.752Z,9.4642,3.39992,97.204,31.268,1484.931
20211003T004606.746Z,9.4642,3.3999,97.205,31.2678,1484.93
20211003T004607.804Z,9.4642,3.39988,97.205,31.2675,1484.93
20211003T004608.745Z,9.4642,3.39986,97.206,31.2674,1484.93
20211003T004609.811Z,9.4642,3.39985,97.204,31.2673,1484.93
20211003T004610.745Z,9.4641,3.39985,97.205,31.2674,1484.93
20211003T004611.769Z,9.4641,3.39984,97.205,31.2673,1484.929
20211003T004612.746Z,9.464,3.39983,97.204,31.2672,1484.929
20211003T004613.761Z,9.4641,3.39984,97.205,31.2673,1484.929
20211003T004614.744Z,9.4641,3.39987,97.205,31.2676,1484.93
20211003T004615.755Z,9.4642,3.39988,97.204,31.2676,1484.93
20211003T004616.746Z,9.4642,3.39989,97.205,31.2677,1484.93
20211003T004617.756Z,9.4642,3.3999,97.205,31.2678,1484.93
20211003T004618.746Z,9.4642,3.39992,97.204,31.2679,1484.931
20211003T004619.776Z,9.4642,3.39993,97.205,31.2681,1484.931
20211003T004620.744Z,9.4642,3.39992,97.204,31.268,1484.931
20211003T004621.752Z,9.4643,3.39991,97.204,31.2678,1484.931
20211003T004622.746Z,9.4642,3.3999,97.205,31.2678,1484.93
20211003T004623.840Z,9.4644,3.3999,97.204,31.2677,1484.931
20211003T004624.759Z,9.4643,3.39991,97.204,31.2678,1484.931
20211003T004625.817Z,9.4644,3.3999,97.205,31.2677,1484.931
20211003T004626.746Z,9.4642,3.39988,97.204,31.2676,1484.93
20211003T004627.799Z,9.4642,3.39986,97.204,31.2674,1484.93
20211003T004628.745Z,9.4642,3.39988,97.204,31.2676,1484.93
20211003T004629.747Z,9.4643,3.39992,97.204,31.2679,1484.931
20211003T004630.746Z,9.4643,3.39993,97.204,31.268,1484.931
20211003T004631.784Z,9.4642,3.39992,97.204,31.268,1484.931
20211003T004632.745Z,9.4641,3.39991,97.204,31.268,1484.93
20211003T004633.755Z,9.4642,3.3999,97.204,31.2678,1484.93
20211003T004634.750Z,9.4642,3.39992,97.204,31.268,1484.931
20211003T004635.776Z,9.4641,3.39996,97.204,31.2685,1484.931
20211003T004636.744Z,9.464,3.40003,97.203,31.2692,1484.932
20211003T004637.817Z,9.464,3.4,97.203,31.2689,1484.931
20211003T004638.746Z,9.464,3.39996,97.203,31.2686,1484.931
20211003T004639.823Z,9.4641,3.39992,97.204,31.268,1484.93
20211003T004640.746Z,9.4642,3.39984,97.204,31.2672,1484.93
20211003T004641.783Z,9.4643,3.39983,97.204,31.267,1484.93
20211003T004642.747Z,9.4645,3.39986,97.203,31.2672,1484.931
20211003T004643.806Z,9.4644,3.39986,97.203,31.2672,1484.931
20211003T004644.746Z,9.4643,3.39991,97.203,31.2678,1484.931
20211003T004645.757Z,9.4644,3.39994,97.204,31.2681,1484.931
20211003T004646.744Z,9.4644,3.39994,97.203,31.268,1484.931
20211003T004647.784Z,9.4644,3.39998,97.202,31.2685,1484.932
20211003T004648.745Z,9.4642,3.39999,97.203,31.2686,1484.932
20211003T004649.784Z,9.4642,3.4,97.204,31.2688,1484.932
20211003T004650.745Z,9.4643,3.39998,97.202,31.2686,1484.932
20211003T004651.801Z,9.4641,3.39996,97.202,31.2684,1484.931
20211003T004652.746Z,9.4641,3.39997,97.203,31.2686,1484.931
20211003T004653.758Z,9.4642,3.39994,97.202,31.2682,1484.931
20211003T004654.746Z,9.4643,3.39995,97.203,31.2682,1484.931
20211003T004655.773Z,9.4643,3.39994,97.202,31.2682,1484.931
20211003T004656.746Z,9.4643,3.39993,97.203,31.2681,1484.931
20211003T004657.750Z,9.4643,3.39994,97.202,31.2681,1484.931
20211003T004658.746Z,9.4642,3.39995,97.202,31.2683,1484.931
20211003T004659.786Z,9.4641,3.39992,97.203,31.2681,1484.931
20211003T004700.745Z,9.4641,3.3999,97.203,31.2679,1484.93
20211003T004701.826Z,9.4641,3.39993,97.203,31.2682,1484.931
20211003T004702.744Z,9.4641,3.39998,97.202,31.2687,1484.931
20211003T004703.803Z,9.4639,3.4,97.202,31.2691,1484.931
20211003T004704.745Z,9.4639,3.4,97.203,31.2691,1484.931
20211003T004705.763Z,9.464,3.39999,97.201,31.2688,1484.931
20211003T004706.744Z,9.464,3.39994,97.201,31.2684,1484.93
20211003T004707.747Z,9.4639,3.39992,97.202,31.2683,1484.93
20211003T004708.745Z,9.464,3.39988,97.201,31.2677,1484.93
20211003T004709.835Z,9.464,3.39988,97.201,31.2677,1484.93
20211003T004710.745Z,9.464,3.39985,97.202,31.2675,1484.929
20211003T004711.786Z,9.464,3.39983,97.202,31.2673,1484.929
20211003T004712.745Z,9.464,3.39987,97.202,31.2677,1484.929
20211003T004713.770Z,9.464,3.39988,97.202,31.2678,1484.93
20211003T004714.746Z,9.464,3.39987,97.201,31.2677,1484.929
20211003T004715.830Z,9.4641,3.39979,97.202,31.2667,1484.929
20211003T004716.750Z,9.4641,3.39977,97.202,31.2666,1484.928
20211003T004717.752Z,9.4642,3.39973,97.202,31.2661,1484.928
20211003T004718.745Z,9.4642,3.39975,97.201,31.2662,1484.928
20211003T004719.828Z,9.4643,3.39975,97.201,31.2662,1484.929
20211003T004720.751Z,9.4642,3.39977,97.202,31.2664,1484.929
20211003T004721.756Z,9.4642,3.39979,97.201,31.2666,1484.929
20211003T004722.747Z,9.4642,3.39977,97.201,31.2665,1484.929
20211003T004723.750Z,9.4643,3.39979,97.201,31.2666,1484.929
20211003T004724.747Z,9.4642,3.39981,97.202,31.2669,1484.929
20211003T004725.746Z,9.4642,3.39981,97.201,31.2669,1484.929
20211003T004726.745Z,9.4643,3.39981,97.202,31.2668,1484.929
20211003T004727.769Z,9.4641,3.39983,97.202,31.2672,1484.929
20211003T004728.747Z,9.4643,3.39985,97.202,31.2673,1484.93
20211003T004729.749Z,9.4643,3.39986,97.202,31.2673,1484.93
20211003T004730.746Z,9.4643,3.39985,97.201,31.2672,1484.93
20211003T004731.843Z,9.4642,3.3999,97.201,31.2678,1484.93
20211003T004732.745Z,9.4641,3.39996,97.201,31.2685,1484.931
20211003T004733.775Z,9.4641,3.39998,97.201,31.2687,1484.931
20211003T004734.744Z,9.4642,3.40001,97.201,31.2689,1484.932
20211003T004735.750Z,9.4641,3.4,97.201,31.2689,1484.931
20211003T004736.746Z,9.4642,3.39994,97.201,31.2682,1484.931
20211003T004737.808Z,9.4643,3.39996,97.201,31.2682,1484.931
20211003T004738.758Z,9.4643,3.39996,97.2,31.2683,1484.931
20211003T004739.795Z,9.4643,3.39996,97.2,31.2683,1484.931
20211003T004740.744Z,9.4644,3.39996,97.201,31.2683,1484.931
20211003T004741.751Z,9.4644,3.39993,97.201,31.268,1484.931
20211003T004742.746Z,9.4644,3.39992,97.2,31.2678,1484.931
20211003T004743.780Z,9.4644,3.39986,97.2,31.2672,1484.931
20211003T004744.745Z,9.4644,3.39988,97.201,31.2674,1484.931
20211003T004745.755Z,9.4644,3.39994,97.2,31.268,1484.931
20211003T004746.745Z,9.4644,3.39999,97.2,31.2685,1484.932
20211003T004747.858Z,9.4644,3.40008,97.2,31.2694,1484.933
20211003T004748.746Z,9.4643,3.4001,97.2,31.2697,1484.933
20211003T004749.766Z,9.4643,3.40013,97.2,31.2701,1484.934
20211003T004750.746Z,9.4642,3.40012,97.199,31.27,1484.933
20211003T004751.890Z,9.4642,3.40014,97.2,31.2702,1484.933
20211003T004752.745Z,9.4642,3.40015,97.199,31.2703,1484.933
20211003T004753.751Z,9.4641,3.40014,97.2,31.2703,1484.933
20211003T004754.746Z,9.4641,3.40012,97.2,31.2701,1484.933
20211003T004755.749Z,9.4642,3.40012,97.199,31.27,1484.933
20211003T004756.746Z,9.4641,3.4001,97.199,31.2699,1484.932
20211003T004757.755Z,9.4641,3.40008,97.2,31.2697,1484.932
20211003T004758.744Z,9.4641,3.40008,97.2,31.2696,1484.932
20211003T004759.809Z,9.4642,3.40006,97.2,31.2694,1484.932
20211003T004800.744Z,9.4642,3.40005,97.199,31.2693,1484.932
20211003T004801.759Z,9.4642,3.40003,97.199,31.2691,1484.932
20211003T004802.763Z,9.4643,3.40001,97.2,31.2688,1484.932
20211003T004803.754Z,9.4643,3.39997,97.198,31.2684,1484.932
20211003T004804.745Z,9.4644,3.39998,97.199,31.2684,1484.932
20211003T004805.779Z,9.4644,3.39992,97.199,31.2678,1484.931
20211003T004806.746Z,9.4645,3.3999,97.199,31.2676,1484.931
20211003T004807.805Z,9.4645,3.39984,97.199,31.2669,1484.931
20211003T004808.744Z,9.4646,3.39979,97.199,31.2663,1484.93
20211003T004809.774Z,9.4646,3.39978,97.199,31.2662,1484.93
20211003T004810.747Z,9.4645,3.39974,97.198,31.2659,1484.929
20211003T004811.776Z,9.4645,3.39975,97.198,31.2659,1484.929
20211003T004812.746Z,9.4644,3.3998,97.198,31.2665,1484.93
20211003T004813.800Z,9.4644,3.39982,97.2,31.2668,1484.93
20211003T004814.746Z,9.4643,3.39986,97.198,31.2673,1484.93
20211003T004815.804Z,9.4644,3.39988,97.197,31.2674,1484.93
20211003T004816.746Z,9.4644,3.39987,97.199,31.2673,1484.931
20211003T004817.799Z,9.4643,3.39987,97.198,31.2674,1484.93
20211003T004818.746Z,9.4644,3.39984,97.199,31.267,1484.93
20211003T004819.776Z,9.4643,3.39982,97.199,31.2669,1484.93
20211003T004820.745Z,9.4644,3.39983,97.199,31.2669,1484.93
20211003T004821.747Z,9.4644,3.39982,97.198,31.2668,1484.93
20211003T004822.746Z,9.4642,3.39985,97.198,31.2673,1484.93
20211003T004823.808Z,9.4642,3.39986,97.199,31.2674,1484.93
20211003T004824.744Z,9.4642,3.39988,97.198,31.2676,1484.93
20211003T004825.799Z,9.4642,3.39985,97.197,31.2673,1484.93
20211003T004826.758Z,9.4641,3.39985,97.198,31.2674,1484.93
20211003T004827.811Z,9.4641,3.39983,97.198,31.2671,1484.929
20211003T004828.745Z,9.4642,3.39982,97.198,31.2669,1484.929
20211003T004829.750Z,9.4643,3.39981,97.198,31.2668,1484.93
20211003T004830.745Z,9.4644,3.39981,97.198,31.2666,1484.93
20211003T004831.826Z,9.4644,3.39981,97.198,31.2667,1484.93
20211003T004832.745Z,9.4644,3.39979,97.199,31.2665,1484.929
20211003T004833.749Z,9.4644,3.39978,97.199,31.2664,1484.929
20211003T004834.744Z,9.4644,3.39981,97.197,31.2666,1484.93
20211003T004835.752Z,9.4645,3.3998,97.199,31.2665,1484.93
20211003T004836.745Z,9.4644,3.3998,97.197,31.2665,1484.93
20211003T004837.752Z,9.4645,3.39982,97.198,31.2667,1484.93
20211003T004838.745Z,9.4644,3.39981,97.198,31.2667,1484.93
20211003T004839.764Z,9.4643,3.39983,97.197,31.267,1484.93
20211003T004840.746Z,9.4644,3.39985,97.197,31.2671,1484.93
20211003T004841.823Z,9.4643,3.39983,97.198,31.267,1484.93
20211003T004842.745Z,9.4643,3.39986,97.198,31.2673,1484.93
20211003T004843.760Z,9.4642,3.39985,97.197,31.2673,1484.93
20211003T004844.746Z,9.4641,3.39985,97.198,31.2674,1484.929
20211003T004845.758Z,9.4641,3.39985,97.197,31.2674,1484.929
20211003T004846.746Z,9.4641,3.39987,97.197,31.2676,1484.93
20211003T004847.748Z,9.4641,3.39986,97.197,31.2675,1484.93
20211003T004848.750Z,9.4642,3.39985,97.197,31.2673,1484.93
20211003T004849.803Z,9.4642,3.39987,97.198,31.2675,1484.93
20211003T004850.746Z,9.4642,3.39989,97.198,31.2677,1484.93
20211003T004851.766Z,9.4641,3.39991,97.198,31.268,1484.93
20211003T004852.746Z,9.4641,3.39992,97.198,31.2681,1484.93
20211003T004853.751Z,9.4641,3.39989,97.197,31.2677,1484.93
20211003T004854.744Z,9.4642,3.3999,97.196,31.2678,1484.93
20211003T004855.746Z,9.4642,3.39985,97.197,31.2673,1484.93
20211003T004856.747Z,9.4643,3.39985,97.197,31.2672,1484.93
20211003T004857.827Z,9.4643,3.39988,97.198,31.2675,1484.93
20211003T004858.745Z,9.4642,3.39991,97.196,31.2679,1484.93
20211003T004859.761Z,9.4641,3.39991,97.196,31.2679,1484.93
20211003T004900.745Z,9.4642,3.39991,97.198,31.2679,1484.93
20211003T004901.830Z,9.4641,3.39992,97.197,31.2681,1484.93
20211003T004902.745Z,9.464,3.39992,97.197,31.2681,1484.93
20211003T004903.778Z,9.464,3.39995,97.198,31.2685,1484.93
20211003T004904.744Z,9.4639,3.40001,97.197,31.2691,1484.931
20211003T004905.774Z,9.464,3.40004,97.197,31.2694,1484.931
20211003T004906.745Z,9.464,3.40005,97.197,31.2695,1484.932
20211003T004907.767Z,9.4639,3.40006,97.197,31.2697,1484.932
20211003T004908.745Z,9.4639,3.40003,97.197,31.2693,1484.931
20211003T004909.752Z,9.464,3.39997,97.196,31.2687,1484.931
20211003T004910.746Z,9.4642,3.39993,97.197,31.2681,1484.931
20211003T004911.818Z,9.4644,3.39983,97.197,31.2669,1484.93
20211003T004912.746Z,9.4645,3.39976,97.198,31.2661,1484.93
20211003T004913.787Z,9.4645,3.39981,97.196,31.2667,1484.93
20211003T004914.746Z,9.4644,3.39985,97.197,31.2671,1484.93
20211003T004915.765Z,9.4643,3.39992,97.197,31.268,1484.931
20211003T004916.746Z,9.4641,3.40003,97.197,31.2692,1484.932
20211003T004917.849Z,9.4641,3.40009,97.197,31.2698,1484.932
20211003T004918.744Z,9.464,3.40008,97.197,31.2698,1484.932
20211003T004919.840Z,9.464,3.40007,97.196,31.2697,1484.932
20211003T004920.745Z,9.4639,3.40008,97.197,31.2699,1484.932
20211003T004921.778Z,9.4639,3.40009,97.197,31.27,1484.932
20211003T004922.744Z,9.4638,3.40009,97.196,31.27,1484.932
20211003T004923.778Z,9.4637,3.40008,97.196,31.27,1484.931
20211003T004924.745Z,9.4637,3.40012,97.197,31.2704,1484.932
20211003T004925.784Z,9.4637,3.40014,97.197,31.2706,1484.932
20211003T004926.745Z,9.4637,3.40011,97.197,31.2704,1484.932
20211003T004927.789Z,9.4637,3.40011,97.196,31.2704,1484.932
20211003T004928.745Z,9.4637,3.4001,97.196,31.2703,1484.931
20211003T004929.794Z,9.4637,3.4001,97.196,31.2703,1484.931
20211003T004930.749Z,9.4636,3.40012,97.196,31.2705,1484.931
20211003T004931.777Z,9.4636,3.40014,97.196,31.2708,1484.932
20211003T004932.745Z,9.4636,3.40014,97.197,31.2707,1484.932
20211003T004933.794Z,9.4637,3.40014,97.196,31.2708,1484.932
20211003T004934.750Z,9.4637,3.40009,97.196,31.2702,1484.931
20211003T004935.759Z,9.4637,3.40003,97.196,31.2695,1484.931
20211003T004936.746Z,9.4638,3.40002,97.196,31.2693,1484.931
20211003T004937.771Z,9.4638,3.40001,97.195,31.2693,1484.931
20211003T004938.747Z,9.4638,3.40004,97.197,31.2696,1484.931
20211003T004939.765Z,9.4638,3.40006,97.196,31.2698,1484.931
20211003T004940.759Z,9.4637,3.40009,97.196,31.2702,1484.931
20211003T004941.746Z,9.4637,3.4001,97.197,31.2703,1484.932
20211003T004942.747Z,9.4637,3.40013,97.197,31.2706,1484.932
20211003T004943.773Z,9.4637,3.40014,97.196,31.2706,1484.932
20211003T004944.745Z,9.4637,3.40017,97.196,31.271,1484.932
20211003T004945.762Z,9.4637,3.40015,97.196,31.2708,1484.932
20211003T004946.745Z,9.4638,3.40013,97.196,31.2705,1484.932
20211003T004947.769Z,9.4637,3.40012,97.195,31.2705,1484.932
20211003T004948.745Z,9.4637,3.4001,97.196,31.2703,1484.931
20211003T004949.792Z,9.4637,3.4001,97.196,31.2703,1484.931
20211003T004950.746Z,9.4636,3.4001,97.196,31.2703,1484.931
20211003T004951.798Z,9.4636,3.40009,97.195,31.2702,1484.931
20211003T004952.745Z,9.4636,3.40009,97.196,31.2702,1484.931
20211003T004953.819Z,9.4636,3.40012,97.195,31.2706,1484.932
20211003T004954.744Z,9.4636,3.40014,97.196,31.2708,1484.932
20211003T004955.793Z,9.4638,3.40016,97.196,31.2708,1484.932
20211003T004956.744Z,9.4637,3.40019,97.196,31.2712,1484.933
20211003T004957.825Z,9.4638,3.4002,97.196,31.2712,1484.933
20211003T004958.745Z,9.4638,3.40022,97.196,31.2714,1484.933
20211003T004959.779Z,9.4637,3.40023,97.195,31.2716,1484.933
20211003T005000.745Z,9.4637,3.40022,97.195,31.2715,1484.933
20211003T005001.755Z,9.4637,3.4002,97.195,31.2713,1484.933
20211003T005002.745Z,9.4636,3.40019,97.196,31.2713,1484.932
20211003T005003.749Z,9.4636,3.40019,97.196,31.2713,1484.932
20211003T005004.759Z,9.4636,3.4002,97.195,31.2714,1484.932
20211003T005005.838Z,9.4637,3.40021,97.195,31.2714,1484.933
20211003T005006.745Z,9.4637,3.40021,97.195,31.2715,1484.933
20211003T005007.784Z,9.4636,3.40021,97.196,31.2715,1484.933
20211003T005008.745Z,9.4637,3.40022,97.196,31.2715,1484.933
20211003T005009.797Z,9.4637,3.40023,97.195,31.2716,1484.933
20211003T005010.745Z,9.4637,3.40023,97.196,31.2716,1484.933
20211003T005011.792Z,9.4637,3.40024,97.195,31.2717,1484.933
20211003T005012.745Z,9.4637,3.40025,97.196,31.2718,1484.933
20211003T005013.808Z,9.4637,3.40024,97.196,31.2718,1484.933
20211003T005014.744Z,9.4637,3.40024,97.196,31.2718,1484.933
20211003T005015.765Z,9.4637,3.40025,97.195,31.2718,1484.933
20211003T005016.750Z,9.4637,3.40026,97.194,31.2719,1484.933
20211003T005017.750Z,9.4637,3.40026,97.194,31.2719,1484.934
20211003T005018.744Z,9.4637,3.40026,97.195,31.2719,1484.933
20211003T005019.804Z,9.4637,3.40027,97.195,31.272,1484.933
20211003T005020.749Z,9.4637,3.40026,97.194,31.2719,1484.933
20211003T005021.752Z,9.4637,3.40025,97.194,31.2718,1484.933
20211003T005022.746Z,9.4637,3.40024,97.195,31.2717,1484.933
20211003T005023.771Z,9.4637,3.40025,97.195,31.2718,1484.933
20211003T005024.748Z,9.4637,3.40025,97.195,31.2718,1484.933
20211003T005025.749Z,9.4637,3.40027,97.194,31.2719,1484.934
20211003T005026.746Z,9.4637,3.40027,97.194,31.2719,1484.934
20211003T005027.762Z,9.4637,3.40026,97.194,31.2719,1484.933
20211003T005028.760Z,9.4637,3.40027,97.195,31.2719,1484.934
20211003T005029.771Z,9.4637,3.40025,97.195,31.2718,1484.933
20211003T005030.746Z,9.4636,3.40026,97.195,31.272,1484.933
20211003T005031.781Z,9.4636,3.40024,97.194,31.2718,1484.933
20211003T005032.746Z,9.4637,3.40024,97.194,31.2717,1484.933
20211003T005033.833Z,9.4636,3.40022,97.194,31.2716,1484.933
20211003T005034.745Z,9.4636,3.40022,97.193,31.2716,1484.933
20211003T005035.769Z,9.4636,3.40024,97.194,31.2718,1484.933
20211003T005036.746Z,9.4637,3.40023,97.195,31.2717,1484.933
20211003T005037.790Z,9.4637,3.40023,97.194,31.2716,1484.933
20211003T005038.745Z,9.4637,3.40022,97.194,31.2716,1484.933
20211003T005039.803Z,9.4637,3.40023,97.194,31.2716,1484.933
20211003T005040.744Z,9.4637,3.40023,97.195,31.2716,1484.933
20211003T005041.775Z,9.4637,3.40023,97.194,31.2716,1484.933
20211003T005042.745Z,9.4636,3.40024,97.193,31.2718,1484.933
20211003T005043.776Z,9.4636,3.40024,97.193,31.2718,1484.933
20211003T005044.745Z,9.4637,3.40023,97.194,31.2716,1484.933
20211003T005045.762Z,9.4637,3.40006,97.193,31.2699,1484.931
20211003T005046.745Z,9.4637,3.40023,97.192,31.2715,1484.933
20211003T005047.795Z,9.4636,3.40023,97.194,31.2717,1484.933
20211003T005048.746Z,9.4636,3.40023,97.193,31.2717,1484.933
20211003T005049.812Z,9.4636,3.40023,97.193,31.2717,1484.933
20211003T005050.745Z,9.4636,3.40024,97.194,31.2718,1484.933
20211003T005051.749Z,9.4637,3.40025,97.193,31.2719,1484.933
20211003T005052.746Z,9.4636,3.40026,97.194,31.272,1484.933
20211003T005053.791Z,9.4637,3.40027,97.193,31.272,1484.933
20211003T005054.745Z,9.4637,3.40027,97.194,31.272,1484.933
20211003T005055.806Z,9.4637,3.40028,97.193,31.2721,1484.933
20211003T005056.744Z,9.4637,3.40027,97.193,31.272,1484.933
20211003T005057.778Z,9.4637,3.40026,97.193,31.2719,1484.933
20211003T005058.746Z,9.4637,3.40026,97.193,31.2719,1484.933
20211003T005059.777Z,9.4637,3.40025,97.193,31.2718,1484.933
20211003T005100.746Z,9.4637,3.40027,97.193,31.272,1484.933
20211003T005101.788Z,9.4637,3.40027,97.193,31.272,1484.933
20211003T005102.750Z,9.4637,3.40028,97.192,31.272,1484.934
20211003T005103.816Z,9.4637,3.40028,97.193,31.2721,1484.933
20211003T005104.746Z,9.4637,3.40029,97.192,31.2722,1484.934
20211003T005105.782Z,9.4637,3.40029,97.193,31.2722,1484.934
20211003T005106.746Z,9.4637,3.40029,97.193,31.2722,1484.934
20211003T005107.751Z,9.4637,3.40028,97.193,31.2722,1484.933
20211003T005108.746Z,9.4637,3.40028,97.191,31.2721,1484.933
20211003T005109.750Z,9.4637,3.40028,97.193,31.272,1484.934
20211003T005110.747Z,9.4637,3.40029,97.193,31.2722,1484.934
20211003T005111.841Z,9.4637,3.40029,97.192,31.2722,1484.934
20211003T005112.745Z,9.4638,3.40029,97.192,31.2721,1484.934
20211003T005113.835Z,9.4637,3.4003,97.192,31.2722,1484.934
20211003T005114.745Z,9.4637,3.40029,97.192,31.2723,1484.934
20211003T005115.754Z,9.4637,3.40027,97.192,31.272,1484.933
20211003T005116.745Z,9.4636,3.40025,97.192,31.2719,1484.933
20211003T005117.764Z,9.4637,3.40025,97.192,31.2719,1484.933
20211003T005118.745Z,9.4637,3.40027,97.192,31.272,1484.933
20211003T005119.771Z,9.4637,3.40028,97.192,31.2721,1484.933
20211003T005120.745Z,9.4636,3.40028,97.192,31.2722,1484.933
20211003T005121.768Z,9.4637,3.40029,97.192,31.2722,1484.934
20211003T005122.745Z,9.4637,3.4003,97.191,31.2723,1484.934
20211003T005123.780Z,9.4637,3.4003,97.192,31.2723,1484.934
20211003T005124.746Z,9.4637,3.40031,97.192,31.2725,1484.934
20211003T005125.752Z,9.4637,3.4003,97.192,31.2723,1484.934
20211003T005126.745Z,9.4637,3.4003,97.192,31.2723,1484.934
20211003T005127.873Z,9.4637,3.40031,97.191,31.2724,1484.934
20211003T005128.745Z,9.4637,3.40032,97.191,31.2725,1484.934
20211003T005129.751Z,9.4638,3.40031,97.191,31.2724,1484.934
20211003T005130.745Z,9.4638,3.40033,97.191,31.2725,1484.934
20211003T005131.813Z,9.4638,3.40033,97.191,31.2725,1484.934
20211003T005132.746Z,9.4638,3.40032,97.191,31.2725,1484.934
20211003T005133.754Z,9.4638,3.40033,97.191,31.2725,1484.934
20211003T005134.744Z,9.4638,3.40032,97.191,31.2725,1484.934
20211003T005135.757Z,9.4638,3.40032,97.191,31.2724,1484.934
20211003T005136.745Z,9.4638,3.4003,97.191,31.2722,1484.934
20211003T005137.751Z,9.4638,3.40029,97.19,31.2721,1484.934
20211003T005138.745Z,9.4637,3.40024,97.192,31.2717,1484.933
20211003T005139.757Z,9.4636,3.40023,97.191,31.2716,1484.933
20211003T005140.745Z,9.4636,3.4002,97.19,31.2714,1484.932
20211003T005141.855Z,9.4636,3.40021,97.191,31.2715,1484.932
20211003T005142.745Z,9.4634,3.40021,97.19,31.2717,1484.932
20211003T005143.762Z,9.4634,3.40021,97.191,31.2716,1484.932
20211003T005144.745Z,9.4635,3.40024,97.191,31.2719,1484.933
20211003T005145.749Z,9.4636,3.40026,97.191,31.2719,1484.933
20211003T005146.745Z,9.4637,3.40026,97.19,31.2719,1484.933
20211003T005147.752Z,9.4637,3.40024,97.191,31.2717,1484.933
20211003T005148.749Z,9.4636,3.4002,97.19,31.2714,1484.932
20211003T005149.751Z,9.4634,3.40017,97.19,31.2712,1484.932
20211003T005150.746Z,9.4634,3.40014,97.19,31.2709,1484.931
20211003T005151.749Z,9.4633,3.40013,97.19,31.2709,1484.931
20211003T005152.747Z,9.4633,3.40012,97.19,31.2708,1484.931
20211003T005153.788Z,9.4633,3.40011,97.19,31.2707,1484.93
20211003T005154.745Z,9.4633,3.40008,97.19,31.2705,1484.93
20211003T005155.801Z,9.4632,3.40011,97.19,31.2708,1484.93
20211003T005156.747Z,9.4633,3.4001,97.189,31.2706,1484.93
20211003T005157.776Z,9.4633,3.40009,97.19,31.2705,1484.93
20211003T005158.746Z,9.4633,3.40011,97.19,31.2707,1484.93
20211003T005159.753Z,9.4633,3.40011,97.19,31.2708,1484.931
20211003T005200.746Z,9.4633,3.40014,97.189,31.271,1484.931
20211003T005201.753Z,9.4634,3.40014,97.189,31.271,1484.931
20211003T005202.744Z,9.4634,3.40015,97.19,31.2711,1484.931
20211003T005203.838Z,9.4634,3.40017,97.191,31.2712,1484.932
20211003T005204.744Z,9.4635,3.40019,97.19,31.2714,1484.932
20211003T005205.754Z,9.4634,3.40017,97.189,31.2712,1484.932
20211003T005206.758Z,9.4634,3.40017,97.19,31.2712,1484.932
20211003T005207.911Z,9.4634,3.40019,97.189,31.2714,1484.932
20211003T005208.746Z,9.4634,3.40019,97.188,31.2714,1484.932
20211003T005209.803Z,9.4634,3.4002,97.189,31.2715,1484.932
20211003T005210.745Z,9.4636,3.40021,97.189,31.2715,1484.932
20211003T005211.846Z,9.4634,3.40021,97.189,31.2717,1484.932
20211003T005212.745Z,9.4635,3.40021,97.189,31.2716,1484.932
20211003T005213.787Z,9.4635,3.40021,97.189,31.2716,1484.932
20211003T005214.744Z,9.4634,3.4002,97.188,31.2716,1484.932
20211003T005215.763Z,9.4634,3.4002,97.188,31.2715,1484.932
20211003T005216.745Z,9.4634,3.40019,97.188,31.2715,1484.932
20211003T005217.809Z,9.4634,3.40021,97.188,31.2716,1484.932
20211003T005218.745Z,9.4634,3.40023,97.188,31.2718,1484.932
20211003T005219.776Z,9.4634,3.40022,97.188,31.2718,1484.932
20211003T005220.746Z,9.4634,3.40017,97.188,31.2712,1484.932
20211003T005221.809Z,9.4634,3.40014,97.189,31.2709,1484.931
20211003T005222.745Z,9.4633,3.40011,97.188,31.2707,1484.931
20211003T005223.794Z,9.4633,3.4001,97.187,31.2707,1484.93
20211003T005224.746Z,9.4632,3.40009,97.187,31.2706,1484.93
20211003T005225.758Z,9.4632,3.40009,97.188,31.2706,1484.93
20211003T005226.745Z,9.4633,3.40009,97.188,31.2705,1484.93
20211003T005227.813Z,9.4632,3.40009,97.188,31.2706,1484.93
20211003T005228.746Z,9.4632,3.40011,97.187,31.2708,1484.93
20211003T005229.748Z,9.4634,3.40013,97.188,31.2708,1484.931
20211003T005230.763Z,9.4633,3.40011,97.187,31.2707,1484.931
20211003T005231.759Z,9.4634,3.40011,97.188,31.2707,1484.931
20211003T005232.744Z,9.4634,3.4001,97.188,31.2706,1484.931
20211003T005233.835Z,9.4633,3.40008,97.188,31.2704,1484.93
20211003T005234.750Z,9.4633,3.40006,97.187,31.2701,1484.93
20211003T005235.750Z,9.4633,3.40006,97.187,31.2702,1484.93
20211003T005236.746Z,9.4633,3.40006,97.188,31.2702,1484.93
20211003T005237.762Z,9.4633,3.40005,97.187,31.2701,1484.93
20211003T005238.746Z,9.4633,3.40004,97.188,31.27,1484.93
20211003T005239.816Z,9.4633,3.40006,97.187,31.2702,1484.93
20211003T005240.745Z,9.4633,3.40006,97.189,31.2702,1484.93
20211003T005241.751Z,9.4633,3.40008,97.188,31.2703,1484.93
20211003T005242.746Z,9.4634,3.40009,97.188,31.2704,1484.931
20211003T005243.830Z,9.4634,3.4001,97.187,31.2705,1484.931
20211003T005244.744Z,9.4634,3.40011,97.187,31.2706,1484.931
20211003T005245.807Z,9.4634,3.40011,97.187,31.2706,1484.931
20211003T005246.744Z,9.4634,3.40011,97.186,31.2706,1484.931
20211003T005247.828Z,9.4634,3.40009,97.187,31.2705,1484.93
20211003T005248.746Z,9.4633,3.4001,97.188,31.2706,1484.93
20211003T005249.790Z,9.4634,3.40011,97.187,31.2706,1484.931
20211003T005250.745Z,9.4634,3.40007,97.187,31.2702,1484.93
20211003T005251.791Z,9.4633,3.40008,97.187,31.2704,1484.93
20211003T005252.746Z,9.4633,3.40009,97.186,31.2705,1484.93
20211003T005253.816Z,9.4633,3.4001,97.187,31.2706,1484.93
20211003T005254.746Z,9.4633,3.40011,97.188,31.2707,1484.93
20211003T005255.848Z,9.4633,3.40011,97.187,31.2707,1484.931
20211003T005256.745Z,9.4633,3.40011,97.186,31.2707,1484.931
20211003T005257.750Z,9.4633,3.40012,97.186,31.2708,1484.931
20211003T005258.745Z,9.4633,3.40011,97.186,31.2707,1484.93
20211003T005259.760Z,9.4633,3.4001,97.186,31.2706,1484.93
20211003T005300.744Z,9.4633,3.40011,97.185,31.2707,1484.93
20211003T005301.752Z,9.4633,3.4001,97.186,31.2706,1484.93
20211003T005302.745Z,9.4633,3.40008,97.186,31.2704,1484.93
20211003T005303.814Z,9.4633,3.40008,97.187,31.2705,1484.93
20211003T005304.745Z,9.4633,3.4001,97.185,31.2706,1484.93
20211003T005305.753Z,9.4633,3.4001,97.186,31.2706,1484.93
20211003T005306.745Z,9.4634,3.4001,97.186,31.2706,1484.93
20211003T005307.839Z,9.4634,3.4001,97.185,31.2705,1484.931
20211003T005308.745Z,9.4634,3.40008,97.186,31.2703,1484.93
20211003T005309.844Z,9.4633,3.40008,97.185,31.2704,1484.93
20211003T005310.745Z,9.4632,3.40006,97.186,31.2703,1484.93
20211003T005311.773Z,9.4633,3.40007,97.185,31.2703,1484.93
20211003T005312.744Z,9.4632,3.40006,97.185,31.2703,1484.93
20211003T005313.751Z,9.4633,3.40006,97.186,31.2703,1484.93
20211003T005314.746Z,9.4633,3.40006,97.185,31.2702,1484.93
20211003T005315.767Z,9.4633,3.40006,97.186,31.2702,1484.93
20211003T005316.750Z,9.4632,3.40005,97.186,31.2702,1484.929
20211003T005317.761Z,9.4633,3.40003,97.185,31.2699,1484.929
20211003T005318.744Z,9.4633,3.40004,97.185,31.2701,1484.93
20211003T005319.764Z,9.4633,3.40005,97.186,31.2701,1484.93
20211003T005320.753Z,9.4634,3.40009,97.185,31.2704,1484.93
20211003T005321.785Z,9.4634,3.40008,97.186,31.2703,1484.93
20211003T005322.746Z,9.4634,3.40007,97.185,31.2703,1484.93
20211003T005323.748Z,9.4634,3.40008,97.184,31.2703,1484.93
20211003T005324.757Z,9.4634,3.40008,97.185,31.2703,1484.93
20211003T005325.771Z,9.4634,3.40009,97.185,31.2704,1484.93
20211003T005326.745Z,9.4634,3.40009,97.184,31.2705,1484.93
20211003T005327.809Z,9.4634,3.40009,97.184,31.2705,1484.93
20211003T005328.765Z,9.4633,3.4001,97.185,31.2706,1484.93
20211003T005329.776Z,9.4634,3.4001,97.184,31.2705,1484.93
20211003T005330.745Z,9.4634,3.40009,97.184,31.2704,1484.93
20211003T005331.793Z,9.4633,3.40006,97.184,31.2702,1484.93
20211003T005332.745Z,9.4633,3.40006,97.184,31.2702,1484.93
20211003T005333.746Z,9.4633,3.40007,97.185,31.2703,1484.93
20211003T005334.745Z,9.4633,3.40008,97.183,31.2705,1484.93
20211003T005335.776Z,9.4633,3.40007,97.184,31.2702,1484.93
20211003T005336.745Z,9.4633,3.40003,97.184,31.27,1484.929
20211003T005337.754Z,9.4632,3.4,97.183,31.2696,1484.929
20211003T005338.745Z,9.4631,3.39993,97.184,31.2691,1484.928
20211003T005339.839Z,9.463,3.39994,97.183,31.2692,1484.927
20211003T005340.745Z,9.463,3.39991,97.184,31.269,1484.927
20211003T005341.816Z,9.463,3.39991,97.183,31.2689,1484.927
20211003T005342.746Z,9.463,3.39992,97.183,31.2691,1484.927
20211003T005343.775Z,9.463,3.39992,97.183,31.269,1484.927
20211003T005344.745Z,9.463,3.39991,97.183,31.2689,1484.927
20211003T005345.777Z,9.4629,3.3999,97.183,31.2689,1484.927
20211003T005346.745Z,9.4629,3.39989,97.184,31.2688,1484.927
20211003T005347.780Z,9.4629,3.39989,97.183,31.2688,1484.927
20211003T005348.745Z,9.4629,3.3999,97.183,31.2689,1484.927
20211003T005349.752Z,9.4629,3.39989,97.182,31.2688,1484.927
20211003T005350.745Z,9.4629,3.39989,97.183,31.2688,1484.927
20211003T005351.751Z,9.4629,3.39989,97.183,31.2688,1484.927
20211003T005352.745Z,9.4629,3.39989,97.182,31.2688,1484.927
20211003T005353.749Z,9.463,3.39989,97.182,31.2687,1484.927
20211003T005354.745Z,9.463,3.3999,97.182,31.2688,1484.927
20211003T005355.754Z,9.4629,3.39991,97.183,31.269,1484.927
20211003T005356.745Z,9.463,3.39997,97.182,31.2696,1484.928
20211003T005357.769Z,9.463,3.39998,97.182,31.2696,1484.928
20211003T005358.744Z,9.4632,3.4,97.182,31.2697,1484.929
20211003T005359.750Z,9.4632,3.39998,97.182,31.2695,1484.928
20211003T005400.745Z,9.4631,3.39996,97.182,31.2693,1484.928
20211003T005401.798Z,9.4631,3.39994,97.182,31.2691,1484.928
20211003T005402.749Z,9.4631,3.39992,97.181,31.2689,1484.927
20211003T005403.781Z,9.4631,3.3999,97.183,31.2688,1484.927
20211003T005404.745Z,9.463,3.39991,97.181,31.2689,1484.927
20211003T005405.770Z,9.463,3.3999,97.183,31.2689,1484.927
20211003T005406.746Z,9.463,3.39989,97.181,31.2688,1484.927
20211003T005407.787Z,9.463,3.39988,97.182,31.2686,1484.927
20211003T005408.758Z,9.4631,3.39988,97.181,31.2685,1484.927
20211003T005409.776Z,9.4631,3.3999,97.181,31.2687,1484.927
20211003T005410.747Z,9.4631,3.39997,97.181,31.2694,1484.928
20211003T005411.751Z,9.4631,3.40003,97.181,31.2701,1484.929
20211003T005412.745Z,9.4632,3.40001,97.181,31.2698,1484.929
20211003T005413.782Z,9.4631,3.40003,97.181,31.2701,1484.929
20211003T005414.745Z,9.4632,3.40002,97.181,31.2698,1484.929
20211003T005415.770Z,9.4632,3.40001,97.181,31.2698,1484.929
20211003T005416.745Z,9.4631,3.39996,97.18,31.2693,1484.928
20211003T005417.772Z,9.463,3.39993,97.181,31.2691,1484.927
20211003T005418.747Z,9.463,3.3999,97.181,31.2689,1484.927
20211003T005419.774Z,9.463,3.39988,97.181,31.2686,1484.927
20211003T005420.745Z,9.463,3.39988,97.181,31.2686,1484.927
20211003T005421.749Z,9.463,3.39988,97.181,31.2687,1484.927
20211003T005422.744Z,9.463,3.3999,97.18,31.2689,1484.927
20211003T005423.796Z,9.4631,3.39996,97.181,31.2694,1484.928
20211003T005424.744Z,9.463,3.4,97.18,31.2698,1484.928
20211003T005425.801Z,9.4632,3.40004,97.181,31.2701,1484.929
20211003T005426.745Z,9.4633,3.40006,97.18,31.2702,1484.93
20211003T005427.772Z,9.4633,3.40001,97.181,31.2698,1484.929
20211003T005428.744Z,9.4633,3.39998,97.18,31.2694,1484.929
20211003T005429.755Z,9.4632,3.39993,97.18,31.2689,1484.928
20211003T005430.744Z,9.4631,3.39992,97.181,31.269,1484.928
20211003T005431.752Z,9.4632,3.39997,97.18,31.2694,1484.928
20211003T005432.758Z,9.4632,3.39995,97.179,31.2692,1484.928
20211003T005433.751Z,9.4631,3.39996,97.18,31.2694,1484.928
20211003T005434.745Z,9.4632,3.40001,97.18,31.2697,1484.929
20211003T005435.776Z,9.4632,3.40004,97.18,31.2701,1484.929
20211003T005436.746Z,9.4633,3.4001,97.18,31.2706,1484.93
20211003T005437.756Z,9.4633,3.40014,97.18,31.271,1484.931
20211003T005438.746Z,9.4635,3.40015,97.179,31.271,1484.931
20211003T005439.803Z,9.4634,3.40011,97.18,31.2706,1484.931
20211003T005440.746Z,9.4634,3.40008,97.18,31.2703,1484.93
20211003T005441.756Z,9.4633,3.40007,97.179,31.2702,1484.93
20211003T005442.745Z,9.4634,3.40009,97.18,31.2705,1484.93
20211003T005443.825Z,9.4633,3.40007,97.18,31.2702,1484.93
20211003T005444.746Z,9.4634,3.39996,97.18,31.2691,1484.929
20211003T005445.772Z,9.4633,3.39989,97.18,31.2684,1484.928
20211003T005446.744Z,9.4633,3.39986,97.18,31.2682,1484.927
20211003T005447.750Z,9.4633,3.39983,97.18,31.2679,1484.927
20211003T005448.750Z,9.4633,3.39983,97.179,31.2679,1484.927
20211003T005449.769Z,9.4634,3.3998,97.179,31.2674,1484.927
20211003T005450.745Z,9.4634,3.3998,97.179,31.2675,1484.927
20211003T005451.774Z,9.4633,3.3998,97.179,31.2675,1484.927
20211003T005452.747Z,9.4634,3.39978,97.179,31.2673,1484.926
20211003T005453.748Z,9.4633,3.39978,97.179,31.2673,1484.926
20211003T005454.745Z,9.4634,3.39979,97.179,31.2674,1484.926
20211003T005455.799Z,9.4634,3.39977,97.179,31.2671,1484.927
20211003T005456.760Z,9.4635,3.39977,97.18,31.2671,1484.927
20211003T005457.792Z,9.4635,3.39977,97.179,31.267,1484.927
20211003T005458.745Z,9.4636,3.39977,97.178,31.267,1484.927
20211003T005459.750Z,9.4636,3.39976,97.179,31.2669,1484.927
20211003T005500.746Z,9.4636,3.39975,97.179,31.2668,1484.927
20211003T005501.799Z,9.4636,3.39975,97.178,31.2668,1484.927
20211003T005502.746Z,9.4636,3.39975,97.178,31.2668,1484.927
20211003T005503.751Z,9.4637,3.39975,97.177,31.2667,1484.927
20211003T005504.746Z,9.4637,3.39974,97.178,31.2665,1484.927
20211003T005505.753Z,9.4637,3.39974,97.178,31.2665,1484.927
20211003T005506.746Z,9.4639,3.39973,97.178,31.2663,1484.927
20211003T005507.793Z,9.4639,3.39974,97.177,31.2664,1484.927
20211003T005508.744Z,9.464,3.39973,97.178,31.2663,1484.927
20211003T005509.776Z,9.464,3.39973,97.177,31.2662,1484.927
20211003T005510.746Z,9.464,3.39973,97.177,31.2662,1484.927
20211003T005511.773Z,9.464,3.39971,97.178,31.266,1484.927
20211003T005512.745Z,9.4641,3.3997,97.177,31.2659,1484.927
20211003T005513.770Z,9.464,3.3997,97.178,31.2658,1484.927
20211003T005514.745Z,9.4641,3.39969,97.177,31.2657,1484.927
20211003T005515.748Z,9.4641,3.39969,97.176,31.2657,1484.927
20211003T005516.745Z,9.4643,3.39967,97.178,31.2654,1484.927
20211003T005517.776Z,9.4643,3.39967,97.177,31.2654,1484.927
20211003T005518.745Z,9.4644,3.39966,97.177,31.2652,1484.927
20211003T005519.766Z,9.4644,3.39965,97.177,31.2651,1484.927
20211003T005520.745Z,9.4645,3.39965,97.177,31.265,1484.928
20211003T005521.773Z,9.4645,3.39966,97.177,31.265,1484.928
20211003T005522.746Z,9.4646,3.39966,97.177,31.265,1484.928
20211003T005523.785Z,9.4645,3.39967,97.177,31.2652,1484.928
20211003T005524.745Z,9.4644,3.39969,97.175,31.2654,1484.928
20211003T005525.798Z,9.4643,3.39969,97.176,31.2655,1484.928
20211003T005526.745Z,9.4642,3.39971,97.176,31.2659,1484.927
20211003T005527.793Z,9.464,3.39981,97.176,31.267,1484.928
20211003T005528.745Z,9.464,3.39993,97.176,31.2682,1484.93
20211003T005529.814Z,9.4638,3.4,97.176,31.2691,1484.93
20211003T005530.749Z,9.4637,3.40003,97.176,31.2695,1484.93
20211003T005531.751Z,9.4637,3.40005,97.175,31.2698,1484.93
20211003T005532.746Z,9.4636,3.40008,97.176,31.2702,1484.931
20211003T005533.794Z,9.4637,3.40005,97.174,31.2698,1484.93
20211003T005534.749Z,9.4637,3.40003,97.175,31.2696,1484.93
20211003T005535.771Z,9.4637,3.40001,97.175,31.2693,1484.93
20211003T005536.746Z,9.4637,3.40007,97.175,31.2699,1484.931
20211003T005537.750Z,9.4636,3.40011,97.176,31.2704,1484.931
20211003T005538.747Z,9.4637,3.40014,97.175,31.2708,1484.932
20211003T005539.813Z,9.4636,3.40017,97.175,31.2711,1484.932
20211003T005540.745Z,9.4636,3.40017,97.174,31.2711,1484.932
20211003T005541.840Z,9.4636,3.40016,97.175,31.271,1484.932
20211003T005542.746Z,9.4636,3.40018,97.175,31.2712,1484.932
20211003T005543.805Z,9.4636,3.40018,97.174,31.2712,1484.932
20211003T005544.745Z,9.4635,3.40018,97.174,31.2713,1484.932
20211003T005545.778Z,9.4634,3.40018,97.174,31.2713,1484.932
20211003T005546.745Z,9.4634,3.40016,97.175,31.2711,1484.931
20211003T005547.778Z,9.4635,3.40017,97.174,31.2712,1484.931
20211003T005548.745Z,9.4634,3.40015,97.174,31.271,1484.931
20211003T005549.809Z,9.4634,3.40009,97.173,31.2705,1484.93
20211003T005550.745Z,9.4633,3.40003,97.175,31.2699,1484.929
20211003T005551.752Z,9.4633,3.4,97.172,31.2696,1484.929
20211003T005552.745Z,9.4633,3.40001,97.172,31.2697,1484.929
20211003T005553.805Z,9.4633,3.39997,97.174,31.2693,1484.929
20211003T005554.745Z,9.4633,3.39995,97.174,31.2691,1484.928
20211003T005555.752Z,9.4632,3.39993,97.173,31.2689,1484.928
20211003T005556.745Z,9.4632,3.39994,97.173,31.2691,1484.928
20211003T005557.751Z,9.4632,3.39993,97.173,31.269,1484.928
20211003T005558.745Z,9.4632,3.39994,97.173,31.2691,1484.928
20211003T005559.816Z,9.4632,3.39995,97.173,31.2692,1484.928
20211003T005600.745Z,9.4632,3.39995,97.173,31.2692,1484.928
20211003T005601.749Z,9.4632,3.39993,97.174,31.269,1484.928
20211003T005602.745Z,9.4631,3.39992,97.174,31.2689,1484.927
20211003T005603.752Z,9.463,3.3999,97.173,31.2689,1484.927
20211003T005604.746Z,9.463,3.3999,97.173,31.2688,1484.927
20211003T005605.753Z,9.463,3.3999,97.174,31.2689,1484.927
20211003T005606.744Z,9.463,3.39992,97.173,31.269,1484.927
20211003T005607.804Z,9.463,3.39991,97.172,31.269,1484.927
20211003T005608.745Z,9.463,3.39994,97.172,31.2692,1484.927
20211003T005609.785Z,9.463,3.39994,97.173,31.2693,1484.927
20211003T005610.758Z,9.463,3.39993,97.173,31.2692,1484.927
20211003T005611.751Z,9.463,3.39995,97.173,31.2694,1484.927
20211003T005612.744Z,9.463,3.39994,97.173,31.2693,1484.927
20211003T005613.753Z,9.463,3.39997,97.173,31.2695,1484.928
20211003T005614.744Z,9.4631,3.39999,97.172,31.2696,1484.928
20211003T005615.813Z,9.4631,3.39999,97.172,31.2697,1484.928
20211003T005616.748Z,9.4631,3.4,97.172,31.2697,1484.928
20211003T005617.750Z,9.4631,3.40003,97.171,31.27,1484.929
20211003T005618.745Z,9.463,3.40002,97.173,31.2701,1484.928
20211003T005619.837Z,9.463,3.40002,97.171,31.27,1484.928
20211003T005620.745Z,9.463,3.40002,97.172,31.2701,1484.928
20211003T005621.747Z,9.4631,3.40002,97.172,31.27,1484.928
20211003T005622.745Z,9.4631,3.40002,97.172,31.27,1484.929
20211003T005623.772Z,9.4631,3.40003,97.172,31.2701,1484.929
20211003T005624.747Z,9.4632,3.40003,97.172,31.2701,1484.929
20211003T005625.771Z,9.4632,3.40005,97.172,31.2702,1484.929
20211003T005626.747Z,9.4633,3.40004,97.171,31.2701,1484.929
20211003T005627.757Z,9.4632,3.40004,97.172,31.2701,1484.929
20211003T005628.746Z,9.4632,3.40004,97.172,31.2701,1484.929
20211003T005629.765Z,9.4632,3.40005,97.173,31.2702,1484.929
20211003T005630.745Z,9.4632,3.40004,97.171,31.2701,1484.929
20211003T005631.845Z,9.4632,3.40005,97.172,31.2702,1484.929
20211003T005632.745Z,9.4632,3.40005,97.171,31.2702,1484.929
20211003T005633.840Z,9.4632,3.40005,97.172,31.2702,1484.929
20211003T005634.759Z,9.4631,3.40004,97.172,31.2701,1484.929
20211003T005635.751Z,9.4632,3.40005,97.171,31.2702,1484.929
20211003T005636.745Z,9.4632,3.40006,97.172,31.2703,1484.929
20211003T005637.752Z,9.4632,3.40006,97.171,31.2703,1484.929
20211003T005638.745Z,9.4633,3.40006,97.171,31.2702,1484.929
20211003T005639.793Z,9.4633,3.40007,97.171,31.2703,1484.93
20211003T005640.746Z,9.4633,3.40007,97.171,31.2703,1484.93
20211003T005641.870Z,9.4633,3.40007,97.171,31.2703,1484.93
20211003T005642.745Z,9.4633,3.40007,97.171,31.2703,1484.93
20211003T005643.758Z,9.4632,3.40007,97.17,31.2704,1484.929
20211003T005644.744Z,9.4633,3.40008,97.172,31.2704,1484.93
20211003T005645.794Z,9.4633,3.40008,97.17,31.2705,1484.93
20211003T005646.745Z,9.4632,3.40008,97.171,31.2705,1484.929
20211003T005647.768Z,9.4632,3.40008,97.171,31.2705,1484.93
20211003T005648.745Z,9.4632,3.40008,97.17,31.2705,1484.929
20211003T005649.780Z,9.4632,3.40008,97.171,31.2704,1484.929
20211003T005650.746Z,9.4632,3.40007,97.17,31.2704,1484.929
20211003T005651.786Z,9.4632,3.40007,97.17,31.2704,1484.929
20211003T005652.746Z,9.4631,3.40006,97.17,31.2704,1484.929
20211003T005653.757Z,9.4631,3.40005,97.17,31.2703,1484.929
20211003T005654.746Z,9.463,3.40005,97.171,31.2704,1484.929
20211003T005655.791Z,9.4631,3.40003,97.17,31.2701,1484.929
20211003T005656.746Z,9.4631,3.4,97.169,31.2698,1484.928
20211003T005657.795Z,9.463,3.39999,97.17,31.2697,1484.928
20211003T005658.760Z,9.4631,3.39998,97.169,31.2696,1484.928
20211003T005659.749Z,9.463,3.39999,97.17,31.2697,1484.928
20211003T005700.746Z,9.463,3.39997,97.17,31.2696,1484.928
20211003T005701.826Z,9.463,3.39999,97.17,31.2697,1484.928
20211003T005702.749Z,9.4631,3.40001,97.17,31.2699,1484.928
20211003T005703.790Z,9.4631,3.40003,97.168,31.2701,1484.928
20211003T005704.745Z,9.4631,3.40003,97.17,31.2701,1484.929
20211003T005705.819Z,9.4631,3.40003,97.169,31.2701,1484.928
20211003T005706.746Z,9.4631,3.40002,97.169,31.27,1484.928
20211003T005707.794Z,9.463,3.40002,97.168,31.2701,1484.928
20211003T005708.745Z,9.463,3.40004,97.169,31.2703,1484.928
20211003T005709.795Z,9.4631,3.40005,97.17,31.2703,1484.929
20211003T005710.746Z,9.4632,3.40006,97.169,31.2702,1484.929
20211003T005711.773Z,9.4631,3.40005,97.167,31.2703,1484.929
20211003T005712.744Z,9.463,3.40004,97.168,31.2702,1484.928
20211003T005713.770Z,9.463,3.40001,97.168,31.2699,1484.928
20211003T005714.746Z,9.463,3.40002,97.168,31.2701,1484.928
20211003T005715.765Z,9.463,3.40001,97.168,31.2699,1484.928
20211003T005716.745Z,9.4631,3.40005,97.167,31.2703,1484.929
20211003T005717.823Z,9.4631,3.40008,97.168,31.2706,1484.929
20211003T005718.744Z,9.4631,3.40008,97.168,31.2706,1484.929
20211003T005719.824Z,9.4631,3.40007,97.168,31.2704,1484.929
20211003T005720.746Z,9.463,3.40004,97.168,31.2703,1484.928
20211003T005721.820Z,9.463,3.40003,97.168,31.2701,1484.928
20211003T005722.746Z,9.463,3.40002,97.168,31.2701,1484.928
20211003T005723.769Z,9.4631,3.4,97.167,31.2698,1484.928
20211003T005724.745Z,9.463,3.4,97.168,31.2698,1484.928
20211003T005725.781Z,9.463,3.4,97.167,31.2698,1484.928
20211003T005726.746Z,9.463,3.39998,97.167,31.2697,1484.928
20211003T005727.777Z,9.463,3.39998,97.167,31.2697,1484.928
20211003T005728.746Z,9.4629,3.39998,97.167,31.2698,1484.927
20211003T005729.807Z,9.4629,3.39999,97.167,31.2698,1484.927
20211003T005730.744Z,9.463,3.39998,97.167,31.2697,1484.928
20211003T005731.807Z,9.463,3.4,97.167,31.2698,1484.928
20211003T005732.745Z,9.4631,3.4,97.166,31.2698,1484.928
20211003T005733.767Z,9.463,3.40003,97.166,31.2702,1484.928
20211003T005734.745Z,9.4632,3.40007,97.165,31.2704,1484.929
20211003T005735.784Z,9.4632,3.40007,97.167,31.2705,1484.929
20211003T005736.745Z,9.4631,3.40003,97.166,31.2701,1484.929
20211003T005737.779Z,9.463,3.4,97.166,31.2698,1484.928
20211003T005738.744Z,9.463,3.39999,97.166,31.2697,1484.928
20211003T005739.753Z,9.4631,3.39997,97.166,31.2695,1484.928
20211003T005740.746Z,9.463,3.39996,97.165,31.2695,1484.927
20211003T005741.766Z,9.463,3.39995,97.166,31.2694,1484.927
20211003T005742.745Z,9.463,3.39994,97.165,31.2693,1484.927
20211003T005743.775Z,9.463,3.39993,97.165,31.2692,1484.927
20211003T005744.749Z,9.463,3.39994,97.166,31.2692,1484.927
20211003T005745.817Z,9.463,3.3999,97.165,31.2688,1484.927
20211003T005746.745Z,9.4629,3.39989,97.166,31.2688,1484.926
20211003T005747.770Z,9.463,3.39988,97.165,31.2687,1484.926
20211003T005748.749Z,9.463,3.39988,97.165,31.2686,1484.926
20211003T005749.777Z,9.463,3.39987,97.165,31.2686,1484.926
20211003T005750.745Z,9.4629,3.3999,97.165,31.2689,1484.927
20211003T005751.746Z,9.463,3.39991,97.164,31.269,1484.927
20211003T005752.747Z,9.463,3.39993,97.165,31.2692,1484.927
20211003T005753.842Z,9.463,3.39992,97.165,31.269,1484.927
20211003T005754.745Z,9.463,3.39992,97.166,31.269,1484.927
20211003T005755.759Z,9.463,3.39992,97.166,31.2691,1484.927
20211003T005756.746Z,9.463,3.39993,97.165,31.2691,1484.927
20211003T005757.841Z,9.463,3.39992,97.164,31.2691,1484.927
20211003T005758.744Z,9.463,3.39993,97.166,31.2691,1484.927
20211003T005759.777Z,9.463,3.39994,97.164,31.2692,1484.927
20211003T005800.745Z,9.4629,3.39994,97.164,31.2693,1484.927
20211003T005801.835Z,9.463,3.39994,97.164,31.2693,1484.927
20211003T005802.744Z,9.463,3.39997,97.164,31.2696,1484.927
20211003T005803.760Z,9.463,3.39997,97.164,31.2696,1484.928
20211003T005804.745Z,9.4631,3.39998,97.165,31.2696,1484.928
20211003T005805.787Z,9.4631,3.39998,97.163,31.2696,1484.928
20211003T005806.745Z,9.4631,3.4,97.164,31.2697,1484.928
20211003T005807.752Z,9.4631,3.40003,97.164,31.2701,1484.928
20211003T005808.745Z,9.4631,3.40003,97.164,31.2701,1484.929
20211003T005809.761Z,9.4631,3.40001,97.163,31.2698,1484.928
20211003T005810.745Z,9.4631,3.40002,97.164,31.2699,1484.928
20211003T005811.779Z,9.4631,3.40001,97.163,31.2699,1484.928
20211003T005812.759Z,9.4631,3.39999,97.163,31.2697,1484.928
20211003T005813.749Z,9.463,3.39999,97.163,31.2698,1484.928
20211003T005814.744Z,9.4631,3.39998,97.163,31.2695,1484.928
20211003T005815.748Z,9.463,3.39997,97.163,31.2696,1484.927
20211003T005816.745Z,9.463,3.4,97.162,31.2699,1484.928
20211003T005817.795Z,9.463,3.39999,97.161,31.2698,1484.928
20211003T005818.746Z,9.463,3.39999,97.162,31.2697,1484.928
20211003T005819.760Z,9.463,3.39996,97.163,31.2695,1484.927
20211003T005820.745Z,9.463,3.39995,97.163,31.2694,1484.927
20211003T005821.823Z,9.4629,3.39994,97.162,31.2693,1484.927
20211003T005822.745Z,9.463,3.39995,97.162,31.2694,1484.927
20211003T005823.764Z,9.463,3.39992,97.161,31.2691,1484.927
20211003T005824.744Z,9.4629,3.39994,97.162,31.2693,1484.927
20211003T005825.759Z,9.4629,3.39993,97.161,31.2693,1484.927
20211003T005826.744Z,9.4629,3.39993,97.162,31.2692,1484.927
20211003T005827.791Z,9.463,3.39992,97.162,31.2691,1484.927
20211003T005828.744Z,9.4629,3.39993,97.162,31.2692,1484.927
20211003T005829.762Z,9.4629,3.39994,97.162,31.2694,1484.927
20211003T005830.748Z,9.4629,3.39995,97.162,31.2695,1484.927
20211003T005831.766Z,9.463,3.39995,97.162,31.2694,1484.927
20211003T005832.744Z,9.463,3.39996,97.161,31.2695,1484.927
20211003T005833.840Z,9.463,3.39996,97.16,31.2696,1484.927
20211003T005834.745Z,9.463,3.39997,97.161,31.2697,1484.927
20211003T005835.768Z,9.4629,3.39998,97.161,31.2697,1484.927
20211003T005836.758Z,9.463,3.4,97.162,31.2698,1484.928
20211003T005837.750Z,9.463,3.40004,97.161,31.2702,1484.928
20211003T005838.746Z,9.4631,3.40007,97.16,31.2704,1484.929
20211003T005839.756Z,9.4632,3.40007,97.16,31.2704,1484.929
20211003T005840.744Z,9.4631,3.40005,97.161,31.2702,1484.929
20211003T005841.749Z,9.4631,3.40001,97.16,31.2699,1484.928
20211003T005842.746Z,9.463,3.4,97.161,31.2698,1484.928
20211003T005843.747Z,9.4631,3.39999,97.16,31.2697,1484.928
20211003T005844.745Z,9.463,3.39998,97.16,31.2696,1484.928
20211003T005845.758Z,9.4631,3.39999,97.16,31.2697,1484.928
20211003T005846.745Z,9.4631,3.39998,97.159,31.2695,1484.928
20211003T005847.755Z,9.463,3.39998,97.161,31.2696,1484.928
20211003T005848.745Z,9.4631,3.39998,97.16,31.2696,1484.928
20211003T005849.783Z,9.463,3.39999,97.159,31.2697,1484.928
20211003T005850.745Z,9.4631,3.39999,97.159,31.2696,1484.928
20211003T005851.819Z,9.4632,3.39998,97.16,31.2695,1484.928
20211003T005852.745Z,9.4631,3.40001,97.16,31.2698,1484.928
20211003T005853.759Z,9.4632,3.4,97.16,31.2697,1484.928
20211003T005854.744Z,9.4631,3.40001,97.16,31.2699,1484.928
20211003T005855.757Z,9.4631,3.4,97.16,31.2697,1484.928
20211003T005856.745Z,9.4632,3.4,97.16,31.2697,1484.928
20211003T005857.765Z,9.4631,3.4,97.16,31.2698,1484.928
20211003T005858.745Z,9.463,3.40003,97.16,31.2701,1484.928
20211003T005859.821Z,9.4631,3.40005,97.16,31.2703,1484.929
20211003T005900.759Z,9.4632,3.40008,97.16,31.2705,1484.929
20211003T005901.748Z,9.4632,3.4001,97.159,31.2707,1484.93
20211003T005902.745Z,9.4633,3.40009,97.16,31.2705,1484.93
20211003T005903.750Z,9.4632,3.40012,97.159,31.2709,1484.93
20211003T005904.744Z,9.4633,3.40013,97.159,31.2709,1484.93
20211003T005905.786Z,9.4634,3.40013,97.159,31.2708,1484.93
20211003T005906.746Z,9.4633,3.40012,97.16,31.2709,1484.93
20211003T005907.778Z,9.4633,3.40011,97.16,31.2707,1484.93
20211003T005908.745Z,9.4633,3.40008,97.159,31.2704,1484.93
20211003T005909.805Z,9.4633,3.40003,97.158,31.2699,1484.929
20211003T005910.744Z,9.4631,3.40002,97.159,31.2699,1484.928
20211003T005911.757Z,9.4631,3.40001,97.158,31.2699,1484.928
20211003T005912.745Z,9.463,3.40002,97.159,31.2701,1484.928
20211003T005913.788Z,9.463,3.40003,97.158,31.2701,1484.928
20211003T005914.745Z,9.4631,3.40002,97.158,31.27,1484.928
20211003T005915.773Z,9.4631,3.40002,97.158,31.2699,1484.928
20211003T005916.749Z,9.4632,3.40004,97.159,31.2701,1484.929
20211003T005917.753Z,9.4632,3.40002,97.158,31.27,1484.929
20211003T005918.744Z,9.4632,3.40003,97.158,31.27,1484.929
20211003T005919.773Z,9.4631,3.40002,97.158,31.27,1484.928
20211003T005920.746Z,9.4631,3.40003,97.158,31.2701,1484.928
20211003T005921.766Z,9.4632,3.40005,97.157,31.2702,1484.929
20211003T005922.744Z,9.4632,3.40004,97.157,31.2702,1484.929
20211003T005923.801Z,9.4632,3.4,97.157,31.2697,1484.928
20211003T005924.747Z,9.4633,3.40001,97.157,31.2697,1484.929
20211003T005925.849Z,9.4632,3.40003,97.156,31.2701,1484.929
20211003T005926.744Z,9.4632,3.40003,97.156,31.2699,1484.929
20211003T005927.778Z,9.4632,3.40001,97.158,31.2698,1484.928
20211003T005928.745Z,9.4632,3.39998,97.157,31.2695,1484.928
20211003T005929.810Z,9.4632,3.39996,97.156,31.2694,1484.928
20211003T005930.745Z,9.4631,3.39993,97.157,31.269,1484.927
20211003T005931.765Z,9.4632,3.39992,97.157,31.2689,1484.927
20211003T005932.745Z,9.4632,3.39991,97.157,31.2688,1484.927
20211003T005933.823Z,9.4633,3.39991,97.156,31.2687,1484.927
20211003T005934.746Z,9.4633,3.3999,97.156,31.2686,1484.927
20211003T005935.826Z,9.4633,3.39992,97.156,31.2688,1484.927
20211003T005936.746Z,9.4632,3.39992,97.156,31.2689,1484.927
20211003T005937.752Z,9.4632,3.39992,97.156,31.2689,1484.927
20211003T005938.746Z,9.4632,3.39991,97.156,31.2687,1484.927
20211003T005939.788Z,9.4632,3.39992,97.157,31.2688,1484.927
20211003T005940.746Z,9.4633,3.39992,97.157,31.2689,1484.928
20211003T005941.950Z,9.4633,3.39992,97.157,31.2688,1484.927
20211003T005942.746Z,9.4632,3.39993,97.157,31.269,1484.927
20211003T005943.785Z,9.4632,3.39992,97.157,31.2688,1484.927
20211003T005944.746Z,9.4632,3.39991,97.156,31.2688,1484.927
20211003T005945.752Z,9.4633,3.3999,97.156,31.2686,1484.927
20211003T005946.745Z,9.4633,3.39991,97.156,31.2687,1484.927
20211003T005947.777Z,9.4632,3.39992,97.156,31.2689,1484.927
20211003T005948.745Z,9.4631,3.39993,97.155,31.269,1484.927
20211003T005949.849Z,9.4632,3.39994,97.155,31.2691,1484.927
20211003T005950.745Z,9.4632,3.39994,97.156,31.2691,1484.927
20211003T005951.777Z,9.4631,3.39993,97.156,31.269,1484.927
20211003T005952.745Z,9.4631,3.39994,97.156,31.2692,1484.927
20211003T005953.816Z,9.463,3.39995,97.156,31.2694,1484.927
20211003T005954.746Z,9.4631,3.39996,97.155,31.2694,1484.927
20211003T005955.755Z,9.4631,3.39994,97.155,31.2692,1484.927
20211003T005956.745Z,9.4631,3.39994,97.156,31.2692,1484.927
20211003T005957.843Z,9.4632,3.39995,97.155,31.2692,1484.927
20211003T005958.744Z,9.463,3.39994,97.155,31.2693,1484.927
20211003T005959.821Z,9.4631,3.39993,97.155,31.2691,1484.927
20211003T010000.744Z,9.4631,3.39992,97.156,31.2689,1484.927
20211003T010001.810Z,9.4632,3.39989,97.155,31.2686,1484.927
20211003T010002.749Z,9.4632,3.39988,97.155,31.2685,1484.927
20211003T010003.751Z,9.4633,3.39988,97.155,31.2683,1484.927
20211003T010004.745Z,9.4633,3.39989,97.155,31.2685,1484.927
20211003T010005.766Z,9.4632,3.39991,97.155,31.2687,1484.927
20211003T010006.747Z,9.4631,3.39991,97.154,31.2689,1484.927
20211003T010007.777Z,9.4631,3.39993,97.154,31.269,1484.927
20211003T010008.746Z,9.4632,3.39991,97.155,31.2688,1484.927
20211003T010009.756Z,9.4632,3.39989,97.155,31.2685,1484.927
20211003T010010.747Z,9.4632,3.39988,97.154,31.2685,1484.927
20211003T010011.748Z,9.4633,3.39984,97.154,31.268,1484.927
20211003T010012.745Z,9.4634,3.39981,97.154,31.2676,1484.927
20211003T010013.772Z,9.4637,3.3998,97.154,31.2672,1484.927
20211003T010014.745Z,9.4637,3.39983,97.155,31.2675,1484.927
20211003T010015.816Z,9.4636,3.39981,97.155,31.2674,1484.927
20211003T010016.745Z,9.4637,3.3998,97.154,31.2672,1484.927
20211003T010017.747Z,9.4637,3.39981,97.154,31.2673,1484.927
20211003T010018.745Z,9.4637,3.39981,97.153,31.2674,1484.927
20211003T010019.833Z,9.4636,3.39983,97.153,31.2676,1484.927
20211003T010020.746Z,9.4634,3.39983,97.153,31.2678,1484.927
20211003T010021.754Z,9.4634,3.39986,97.154,31.2681,1484.927
20211003T010022.745Z,9.4634,3.39986,97.154,31.2681,1484.927
20211003T010023.798Z,9.4633,3.39986,97.154,31.2683,1484.927
20211003T010024.745Z,9.4632,3.39988,97.154,31.2684,1484.927
20211003T010025.847Z,9.4633,3.39986,97.153,31.2682,1484.927
20211003T010026.744Z,9.4633,3.39987,97.153,31.2683,1484.927
20211003T010027.749Z,9.4632,3.39988,97.152,31.2685,1484.927
20211003T010028.745Z,9.4631,3.39989,97.154,31.2687,1484.927
20211003T010029.846Z,9.4632,3.39991,97.153,31.2688,1484.927
20211003T010030.745Z,9.4631,3.39991,97.154,31.2689,1484.927
20211003T010031.843Z,9.4631,3.3999,97.153,31.2687,1484.927
20211003T010032.745Z,9.4632,3.39991,97.153,31.2688,1484.927
20211003T010033.764Z,9.4631,3.39992,97.154,31.2689,1484.927
20211003T010034.744Z,9.463,3.39992,97.153,31.269,1484.927
20211003T010035.767Z,9.463,3.39992,97.153,31.2691,1484.927
20211003T010036.745Z,9.463,3.39994,97.153,31.2692,1484.927
20211003T010037.765Z,9.463,3.39994,97.153,31.2693,1484.927
20211003T010038.759Z,9.463,3.39994,97.153,31.2693,1484.927
20211003T010039.763Z,9.463,3.39994,97.154,31.2692,1484.927
20211003T010040.745Z,9.463,3.39993,97.152,31.2691,1484.927
20211003T010041.752Z,9.4629,3.39993,97.152,31.2693,1484.927
20211003T010042.744Z,9.463,3.39993,97.152,31.2692,1484.927
20211003T010043.758Z,9.463,3.39992,97.153,31.2691,1484.927
20211003T010044.748Z,9.463,3.39992,97.153,31.2691,1484.927
20211003T010045.775Z,9.463,3.3999,97.153,31.2689,1484.926
20211003T010046.745Z,9.463,3.3999,97.152,31.2688,1484.926
20211003T010047.834Z,9.463,3.3999,97.153,31.2688,1484.927
20211003T010048.749Z,9.463,3.3999,97.152,31.2689,1484.927
20211003T010049.782Z,9.463,3.39991,97.152,31.2689,1484.927
20211003T010050.745Z,9.463,3.39991,97.152,31.2689,1484.927
20211003T010051.782Z,9.463,3.3999,97.152,31.2689,1484.927
20211003T010052.746Z,9.463,3.39991,97.152,31.269,1484.927
20211003T010053.755Z,9.4631,3.39992,97.153,31.269,1484.927
20211003T010054.746Z,9.463,3.39991,97.152,31.2689,1484.927
20211003T010055.755Z,9.463,3.39992,97.152,31.269,1484.927
20211003T010056.746Z,9.4631,3.39992,97.151,31.269,1484.927
20211003T010057.750Z,9.4631,3.39993,97.152,31.2691,1484.927
20211003T010058.746Z,9.4631,3.39995,97.151,31.2693,1484.927
20211003T010059.750Z,9.4631,3.39994,97.151,31.2691,1484.927
20211003T010100.746Z,9.4631,3.39993,97.151,31.2691,1484.927
20211003T010101.792Z,9.4631,3.39992,97.151,31.269,1484.927
20211003T010102.759Z,9.4632,3.39992,97.151,31.2688,1484.927
20211003T010103.812Z,9.4632,3.3999,97.15,31.2687,1484.927
20211003T010104.744Z,9.4632,3.3999,97.151,31.2687,1484.927
20211003T010105.768Z,9.4632,3.3999,97.152,31.2687,1484.927
20211003T010106.745Z,9.4632,3.3999,97.15,31.2687,1484.927
20211003T010107.810Z,9.4632,3.3999,97.151,31.2686,1484.927
20211003T010108.744Z,9.4632,3.39989,97.15,31.2685,1484.927
20211003T010109.753Z,9.4632,3.39991,97.152,31.2687,1484.927
20211003T010110.745Z,9.4632,3.39993,97.151,31.269,1484.927
20211003T010111.749Z,9.4632,3.39993,97.15,31.269,1484.927
20211003T010112.745Z,9.4632,3.39992,97.151,31.2689,1484.927
20211003T010113.802Z,9.4631,3.39992,97.151,31.2689,1484.927
20211003T010114.744Z,9.4631,3.39992,97.15,31.269,1484.927
20211003T010115.748Z,9.4631,3.39993,97.151,31.2691,1484.927
20211003T010116.745Z,9.4631,3.39993,97.15,31.2691,1484.927
20211003T010117.759Z,9.4631,3.39993,97.15,31.2691,1484.927
20211003T010118.746Z,9.4631,3.39992,97.15,31.269,1484.927
20211003T010119.748Z,9.463,3.39992,97.15,31.2691,1484.927
20211003T010120.745Z,9.463,3.39992,97.15,31.2691,1484.927
20211003T010121.798Z,9.4631,3.3999,97.15,31.2688,1484.927
20211003T010122.749Z,9.4632,3.3999,97.15,31.2687,1484.927
20211003T010123.818Z,9.4633,3.39992,97.151,31.2688,1484.927
20211003T010124.744Z,9.4632,3.3999,97.15,31.2687,1484.927
20211003T010125.770Z,9.4632,3.39992,97.15,31.2689,1484.927
20211003T010126.758Z,9.4633,3.39991,97.149,31.2687,1484.927
20211003T010127.850Z,9.4632,3.39989,97.15,31.2686,1484.927
20211003T010128.746Z,9.4633,3.39989,97.15,31.2685,1484.927
20211003T010129.802Z,9.4633,3.39988,97.15,31.2683,1484.927
20211003T010130.765Z,9.4634,3.3999,97.149,31.2685,1484.927
20211003T010131.771Z,9.4633,3.39991,97.15,31.2687,1484.927
20211003T010132.746Z,9.4633,3.3999,97.15,31.2686,1484.927
20211003T010133.775Z,9.4633,3.3999,97.15,31.2686,1484.927
20211003T010134.768Z,9.4632,3.39989,97.15,31.2686,1484.927
20211003T010135.763Z,9.4632,3.39988,97.149,31.2685,1484.927
20211003T010136.745Z,9.4631,3.39988,97.149,31.2685,1484.927
20211003T010137.789Z,9.4631,3.3999,97.149,31.2687,1484.927
20211003T010138.747Z,9.4631,3.39989,97.149,31.2686,1484.927
20211003T010139.753Z,9.4631,3.39989,97.148,31.2687,1484.927
20211003T010140.743Z,9.4631,3.3999,97.149,31.2688,1484.927
20211003T010141.771Z,9.463,3.39991,97.149,31.269,1484.926
20211003T010142.745Z,9.463,3.39992,97.149,31.2691,1484.927
20211003T010143.811Z,9.463,3.39992,97.15,31.269,1484.927
20211003T010144.745Z,9.4631,3.39992,97.149,31.269,1484.927
20211003T010145.799Z,9.4631,3.39988,97.148,31.2686,1484.926
20211003T010146.745Z,9.4635,3.39985,97.149,31.2679,1484.927
20211003T010147.841Z,9.4636,3.39983,97.149,31.2677,1484.927
20211003T010148.745Z,9.4636,3.39981,97.149,31.2675,1484.927
20211003T010149.748Z,9.4636,3.39981,97.149,31.2674,1484.927
20211003T010150.744Z,9.4636,3.39983,97.148,31.2677,1484.927
20211003T010151.770Z,9.4637,3.39977,97.149,31.2669,1484.927
20211003T010152.746Z,9.4642,3.39966,97.149,31.2654,1484.927
20211003T010153.785Z,9.4648,3.39966,97.148,31.2649,1484.928
20211003T010154.745Z,9.4648,3.39965,97.148,31.2648,1484.928
20211003T010155.784Z,9.4647,3.39968,97.148,31.2651,1484.928
20211003T010156.753Z,9.4646,3.39971,97.149,31.2655,1484.928
20211003T010157.779Z,9.4643,3.39972,97.148,31.2659,1484.928
20211003T010158.757Z,9.4643,3.3997,97.147,31.2657,1484.927
20211003T010159.766Z,9.4644,3.39968,97.148,31.2654,1484.927
20211003T010200.758Z,9.4645,3.39969,97.148,31.2654,1484.928
20211003T010201.797Z,9.4645,3.39967,97.147,31.2652,1484.928
20211003T010202.757Z,9.4645,3.39969,97.147,31.2654,1484.928
20211003T010203.761Z,9.4644,3.39972,97.148,31.2658,1484.928
20211003T010204.757Z,9.4641,3.39975,97.148,31.2663,1484.927
20211003T010205.847Z,9.464,3.39978,97.147,31.2668,1484.927
20211003T010206.757Z,9.4639,3.3998,97.147,31.2671,1484.927
20211003T010207.808Z,9.4637,3.39981,97.148,31.2673,1484.927
20211003T010208.757Z,9.4637,3.39979,97.148,31.2671,1484.927
20211003T010209.785Z,9.4637,3.3998,97.147,31.2672,1484.927
20211003T010210.757Z,9.4636,3.39979,97.149,31.2672,1484.927
20211003T010211.761Z,9.4636,3.39978,97.147,31.2672,1484.926
20211003T010212.757Z,9.4636,3.39981,97.148,31.2674,1484.927
20211003T010213.829Z,9.4636,3.39982,97.148,31.2675,1484.927
20211003T010214.757Z,9.4636,3.39983,97.147,31.2676,1484.927
20211003T010215.808Z,9.4637,3.39982,97.147,31.2674,1484.927
20211003T010216.761Z,9.4637,3.39982,97.148,31.2675,1484.927
20211003T010217.761Z,9.4636,3.39986,97.147,31.2679,1484.927
20211003T010218.758Z,9.4635,3.39985,97.147,31.2679,1484.927
20211003T010219.793Z,9.4634,3.39983,97.147,31.2678,1484.926
20211003T010220.759Z,9.4634,3.39986,97.146,31.2681,1484.927
20211003T010221.774Z,9.4633,3.39984,97.147,31.268,1484.926
20211003T010222.758Z,9.4632,3.39986,97.147,31.2683,1484.926
20211003T010223.763Z,9.4632,3.39986,97.147,31.2683,1484.927
20211003T010224.760Z,9.4631,3.39988,97.147,31.2685,1484.926
20211003T010225.790Z,9.4632,3.39987,97.146,31.2683,1484.927
20211003T010226.758Z,9.4632,3.39985,97.147,31.2682,1484.926
20211003T010227.767Z,9.4633,3.39984,97.146,31.268,1484.926
20211003T010228.758Z,9.4635,3.3998,97.146,31.2674,1484.926
20211003T010229.760Z,9.4636,3.39983,97.146,31.2676,1484.927
20211003T010230.757Z,9.4636,3.39982,97.145,31.2676,1484.927
20211003T010231.795Z,9.4636,3.3998,97.147,31.2672,1484.927
20211003T010232.758Z,9.4639,3.39975,97.147,31.2666,1484.927
20211003T010233.765Z,9.4644,3.39966,97.146,31.2652,1484.927
20211003T010234.756Z,9.4649,3.39962,97.147,31.2643,1484.928
20211003T010235.762Z,9.4654,3.3996,97.146,31.2638,1484.929
20211003T010236.758Z,9.4649,3.39965,97.146,31.2646,1484.928
20211003T010237.765Z,9.4649,3.39964,97.147,31.2645,1484.928
20211003T010238.758Z,9.4649,3.3996,97.145,31.2641,1484.928
20211003T010239.764Z,9.4651,3.39959,97.146,31.2639,1484.928
20211003T010240.770Z,9.4649,3.39964,97.146,31.2645,1484.928
20211003T010241.813Z,9.4645,3.39968,97.146,31.2652,1484.928
20211003T010242.757Z,9.4644,3.39971,97.146,31.2656,1484.928
20211003T010243.761Z,9.4643,3.39971,97.147,31.2658,1484.927
20211003T010244.757Z,9.464,3.39975,97.146,31.2664,1484.927
20211003T010245.767Z,9.4638,3.39978,97.147,31.2669,1484.927
20211003T010246.758Z,9.4638,3.39981,97.146,31.2672,1484.927
20211003T010247.776Z,9.4638,3.39983,97.145,31.2674,1484.927
20211003T010248.758Z,9.4636,3.39984,97.145,31.2678,1484.927
20211003T010249.769Z,9.4634,3.39985,97.146,31.268,1484.927
20211003T010250.758Z,9.4634,3.39986,97.146,31.2681,1484.927
20211003T010251.810Z,9.4633,3.39986,97.145,31.2682,1484.927
20211003T010252.759Z,9.4634,3.39986,97.146,31.2681,1484.927
20211003T010253.789Z,9.4634,3.39984,97.145,31.2679,1484.927
20211003T010254.759Z,9.4634,3.39985,97.145,31.2681,1484.927
20211003T010255.769Z,9.4633,3.39986,97.146,31.2682,1484.927
20211003T010256.758Z,9.4633,3.39988,97.146,31.2684,1484.927
20211003T010257.762Z,9.4631,3.3999,97.145,31.2688,1484.927
20211003T010258.762Z,9.4632,3.39991,97.145,31.2688,1484.927
20211003T010259.788Z,9.4631,3.39992,97.145,31.2689,1484.927
20211003T010300.757Z,9.4631,3.39994,97.144,31.2692,1484.927
20211003T010301.811Z,9.4631,3.39994,97.145,31.2692,1484.927
20211003T010302.761Z,9.463,3.39994,97.146,31.2692,1484.927
20211003T010303.764Z,9.463,3.39994,97.145,31.2692,1484.927
20211003T010304.771Z,9.4631,3.39993,97.144,31.2691,1484.927
20211003T010305.762Z,9.463,3.39992,97.144,31.2691,1484.927
20211003T010306.759Z,9.463,3.39993,97.144,31.2692,1484.927
20211003T010307.761Z,9.463,3.39992,97.144,31.2691,1484.927
20211003T010308.758Z,9.463,3.39992,97.144,31.269,1484.927
20211003T010309.826Z,9.463,3.39992,97.145,31.269,1484.927
20211003T010310.759Z,9.463,3.39992,97.144,31.269,1484.927
20211003T010311.821Z,9.4631,3.39992,97.145,31.269,1484.927
20211003T010312.758Z,9.4631,3.39992,97.144,31.269,1484.927
20211003T010313.791Z,9.463,3.39991,97.144,31.2689,1484.927
20211003T010314.758Z,9.463,3.39991,97.143,31.2689,1484.927
20211003T010315.790Z,9.4631,3.39991,97.144,31.2689,1484.927
20211003T010316.758Z,9.4631,3.39992,97.144,31.269,1484.927
20211003T010317.841Z,9.4631,3.39992,97.144,31.269,1484.927
20211003T010318.760Z,9.463,3.39992,97.143,31.2691,1484.927
20211003T010319.794Z,9.4631,3.39991,97.143,31.2689,1484.927
20211003T010320.757Z,9.4631,3.39991,97.143,31.2689,1484.927
20211003T010321.775Z,9.4631,3.3999,97.142,31.2688,1484.927
20211003T010322.758Z,9.4632,3.39988,97.143,31.2685,1484.927
20211003T010323.811Z,9.4632,3.39989,97.142,31.2686,1484.927
20211003T010324.756Z,9.4631,3.39991,97.143,31.2688,1484.927
20211003T010325.817Z,9.4632,3.39989,97.142,31.2686,1484.927
20211003T010326.756Z,9.4632,3.39988,97.143,31.2685,1484.927
20211003T010327.773Z,9.4631,3.39989,97.143,31.2686,1484.927
20211003T010328.771Z,9.4631,3.39989,97.142,31.2687,1484.926
20211003T010329.780Z,9.4631,3.3999,97.143,31.2688,1484.927
20211003T010330.758Z,9.463,3.3999,97.142,31.2689,1484.926
20211003T010331.786Z,9.463,3.3999,97.142,31.2688,1484.926
20211003T010332.756Z,9.4629,3.39989,97.143,31.2688,1484.926
20211003T010333.762Z,9.4629,3.3999,97.143,31.2689,1484.926
20211003T010334.756Z,9.463,3.39989,97.143,31.2688,1484.926
20211003T010335.768Z,9.463,3.39989,97.143,31.2687,1484.926
20211003T010336.757Z,9.463,3.39989,97.142,31.2687,1484.926
20211003T010337.766Z,9.4631,3.39986,97.143,31.2684,1484.926
20211003T010338.758Z,9.463,3.39988,97.142,31.2686,1484.926
20211003T010339.765Z,9.4631,3.39987,97.142,31.2685,1484.926
20211003T010340.756Z,9.4632,3.39981,97.142,31.2678,1484.926
20211003T010341.767Z,9.4634,3.39982,97.142,31.2677,1484.927
20211003T010342.758Z,9.4635,3.39984,97.142,31.2679,1484.927
20211003T010343.792Z,9.4633,3.39988,97.142,31.2684,1484.927
20211003T010344.762Z,9.4631,3.39989,97.142,31.2686,1484.927
20211003T010345.825Z,9.4631,3.39991,97.142,31.2688,1484.927
20211003T010346.758Z,9.4631,3.39989,97.142,31.2687,1484.927
20211003T010347.821Z,9.4632,3.39986,97.143,31.2683,1484.926
20211003T010348.762Z,9.4633,3.39985,97.142,31.2682,1484.927
20211003T010349.802Z,9.4633,3.39984,97.142,31.2679,1484.927
20211003T010350.758Z,9.4634,3.39982,97.142,31.2677,1484.926
20211003T010351.767Z,9.4633,3.39984,97.142,31.268,1484.927
20211003T010352.760Z,9.4632,3.39985,97.141,31.2682,1484.926
20211003T010353.788Z,9.4633,3.39985,97.142,31.2682,1484.927
20211003T010354.758Z,9.4633,3.39984,97.142,31.268,1484.926
20211003T010355.763Z,9.4632,3.39985,97.142,31.2683,1484.926
20211003T010356.758Z,9.4632,3.39985,97.141,31.2683,1484.926
20211003T010357.839Z,9.4632,3.39985,97.141,31.2681,1484.926
20211003T010358.757Z,9.4632,3.39984,97.141,31.268,1484.926
20211003T010359.805Z,9.4632,3.39983,97.141,31.268,1484.926
20211003T010400.758Z,9.4633,3.39984,97.141,31.268,1484.927
20211003T010401.836Z,9.4632,3.39984,97.141,31.268,1484.926
20211003T010402.758Z,9.4632,3.39984,97.141,31.268,1484.926
20211003T010403.876Z,9.4633,3.39984,97.142,31.2679,1484.926
20211003T010404.757Z,9.4633,3.39983,97.141,31.268,1484.926
20211003T010405.796Z,9.4633,3.39984,97.143,31.268,1484.927
20211003T010406.758Z,9.4633,3.39985,97.14,31.2681,1484.926
20211003T010407.839Z,9.4633,3.39986,97.141,31.2682,1484.927
20211003T010408.757Z,9.4632,3.39987,97.141,31.2683,1484.927
20211003T010409.860Z,9.4632,3.39988,97.141,31.2684,1484.927
20211003T010410.757Z,9.4631,3.39988,97.141,31.2685,1484.927
20211003T010411.780Z,9.4632,3.39989,97.14,31.2685,1484.927
20211003T010412.757Z,9.4632,3.3999,97.141,31.2687,1484.927
20211003T010413.793Z,9.4631,3.39992,97.142,31.269,1484.927
20211003T010414.759Z,9.4631,3.39992,97.141,31.2689,1484.927
20211003T010415.777Z,9.463,3.39991,97.141,31.269,1484.927
20211003T010416.758Z,9.4631,3.39991,97.141,31.2688,1484.927
20211003T010417.776Z,9.463,3.39991,97.141,31.269,1484.927
20211003T010418.758Z,9.463,3.39992,97.141,31.2691,1484.927
20211003T010419.768Z,9.4631,3.39994,97.141,31.2692,1484.927
20211003T010420.758Z,9.4631,3.39996,97.141,31.2694,1484.927
20211003T010421.788Z,9.4631,3.39997,97.141,31.2695,1484.927
20211003T010422.758Z,9.4631,3.39997,97.141,31.2695,1484.927
20211003T010423.768Z,9.4631,3.39996,97.141,31.2694,1484.927
20211003T010424.758Z,9.463,3.39995,97.141,31.2694,1484.927
20211003T010425.763Z,9.4631,3.39994,97.141,31.2692,1484.927
20211003T010426.757Z,9.463,3.39995,97.14,31.2694,1484.927
20211003T010427.777Z,9.463,3.39996,97.141,31.2695,1484.927
20211003T010428.758Z,9.463,3.39995,97.141,31.2694,1484.927
20211003T010429.761Z,9.463,3.39996,97.141,31.2695,1484.927
20211003T010430.763Z,9.4629,3.39994,97.139,31.2694,1484.927
20211003T010431.857Z,9.4628,3.39996,97.141,31.2696,1484.927
20211003T010432.757Z,9.4629,3.39995,97.14,31.2695,1484.927
20211003T010433.766Z,9.4628,3.39995,97.14,31.2696,1484.926
20211003T010434.759Z,9.4629,3.39996,97.14,31.2696,1484.927
20211003T010435.767Z,9.4628,3.39994,97.14,31.2694,1484.926
20211003T010436.759Z,9.4629,3.39993,97.14,31.2693,1484.926
20211003T010437.763Z,9.463,3.3999,97.139,31.2688,1484.926
20211003T010438.760Z,9.4631,3.39989,97.14,31.2686,1484.926
20211003T010439.786Z,9.4631,3.39987,97.139,31.2684,1484.926
20211003T010440.759Z,9.4631,3.39985,97.139,31.2682,1484.926
20211003T010441.780Z,9.4633,3.39983,97.141,31.2679,1484.926
20211003T010442.774Z,9.4634,3.39979,97.14,31.2673,1484.926
20211003T010443.773Z,9.4638,3.39976,97.14,31.2667,1484.927
20211003T010444.757Z,9.4638,3.39979,97.14,31.2671,1484.927
20211003T010445.770Z,9.4637,3.3998,97.14,31.2672,1484.927
20211003T010446.758Z,9.4638,3.39981,97.139,31.2672,1484.927
20211003T010447.772Z,9.4637,3.39981,97.138,31.2674,1484.927
20211003T010448.758Z,9.4637,3.39983,97.138,31.2676,1484.927
20211003T010449.777Z,9.4634,3.39982,97.14,31.2677,1484.926
20211003T010450.758Z,9.4635,3.39983,97.139,31.2677,1484.927
20211003T010451.775Z,9.4635,3.39981,97.139,31.2675,1484.926
20211003T010452.758Z,9.4636,3.3998,97.138,31.2674,1484.927
20211003T010453.780Z,9.4636,3.39983,97.139,31.2676,1484.927
20211003T010454.758Z,9.4636,3.39985,97.138,31.2679,1484.927
20211003T010455.829Z,9.4635,3.39989,97.138,31.2684,1484.927
20211003T010456.758Z,9.4634,3.39993,97.139,31.2688,1484.928
20211003T010457.779Z,9.4633,3.39996,97.139,31.2692,1484.928
20211003T010458.757Z,9.4634,3.39999,97.138,31.2694,1484.928
20211003T010459.821Z,9.4634,3.39999,97.138,31.2694,1484.928
20211003T010500.759Z,9.4633,3.4,97.138,31.2696,1484.928
20211003T010501.767Z,9.4633,3.39999,97.139,31.2696,1484.928
20211003T010502.758Z,9.4633,3.39993,97.138,31.2689,1484.927
20211003T010503.763Z,9.4634,3.39993,97.137,31.2688,1484.928
20211003T010504.759Z,9.4634,3.3999,97.138,31.2685,1484.927
20211003T010505.764Z,9.4635,3.39992,97.138,31.2686,1484.928
20211003T010506.772Z,9.4634,3.39993,97.139,31.2688,1484.928
20211003T010507.823Z,9.4634,3.39993,97.137,31.2688,1484.928
20211003T010508.759Z,9.4634,3.39995,97.139,31.269,1484.928
20211003T010509.849Z,9.4633,3.39996,97.137,31.2692,1484.928
20211003T010510.758Z,9.4632,3.39995,97.137,31.2693,1484.927
20211003T010511.773Z,9.4631,3.39998,97.139,31.2696,1484.928
20211003T010512.759Z,9.4632,3.39998,97.137,31.2695,1484.928
20211003T010513.760Z,9.4632,3.39997,97.137,31.2694,1484.927
20211003T010514.756Z,9.4632,3.39997,97.137,31.2695,1484.928
20211003T010515.781Z,9.4632,3.39998,97.136,31.2695,1484.928
20211003T010516.761Z,9.4633,3.39996,97.137,31.2692,1484.928
20211003T010517.769Z,9.4633,3.39995,97.137,31.2692,1484.927
20211003T010518.757Z,9.4632,3.39996,97.137,31.2693,1484.927
20211003T010519.809Z,9.4631,3.39996,97.137,31.2695,1484.927
20211003T010520.759Z,9.463,3.39998,97.137,31.2696,1484.927
20211003T010521.771Z,9.4632,3.39997,97.136,31.2695,1484.928
20211003T010522.758Z,9.4631,3.39996,97.137,31.2695,1484.927
20211003T010523.795Z,9.4631,3.39996,97.137,31.2694,1484.927
20211003T010524.760Z,9.4632,3.39998,97.136,31.2695,1484.928
20211003T010525.773Z,9.4631,3.39998,97.137,31.2695,1484.927
20211003T010526.758Z,9.463,3.39998,97.136,31.2697,1484.927
20211003T010527.769Z,9.463,3.39994,97.136,31.2692,1484.927
20211003T010528.758Z,9.463,3.39994,97.137,31.2692,1484.927
20211003T010529.791Z,9.463,3.39993,97.136,31.2692,1484.927
20211003T010530.772Z,9.463,3.39993,97.136,31.2692,1484.927
20211003T010531.814Z,9.4631,3.39991,97.136,31.2688,1484.927
20211003T010532.758Z,9.4631,3.3999,97.136,31.2688,1484.927
20211003T010533.767Z,9.4631,3.39989,97.136,31.2687,1484.927
20211003T010534.758Z,9.4631,3.3999,97.136,31.2687,1484.927
20211003T010535.763Z,9.4631,3.39989,97.137,31.2687,1484.926
20211003T010536.758Z,9.4631,3.39989,97.136,31.2686,1484.926
20211003T010537.853Z,9.4631,3.39988,97.136,31.2685,1484.926
20211003T010538.759Z,9.4631,3.39986,97.136,31.2683,1484.926
20211003T010539.761Z,9.4632,3.39987,97.136,31.2684,1484.926
20211003T010540.757Z,9.4631,3.39986,97.136,31.2684,1484.926
20211003T010541.780Z,9.4632,3.39986,97.136,31.2683,1484.926
20211003T010542.757Z,9.4632,3.39986,97.136,31.2683,1484.926
20211003T010543.895Z,9.4632,3.39986,97.136,31.2683,1484.926
20211003T010544.758Z,9.4632,3.39986,97.135,31.2684,1484.926
20211003T010545.889Z,9.4631,3.39986,97.136,31.2683,1484.926
20211003T010546.756Z,9.4631,3.39986,97.136,31.2684,1484.926
20211003T010547.793Z,9.4631,3.39987,97.136,31.2685,1484.926
20211003T010548.757Z,9.4632,3.39987,97.134,31.2684,1484.926
20211003T010549.853Z,9.4632,3.39988,97.136,31.2685,1484.926
20211003T010550.758Z,9.463,3.39989,97.136,31.2687,1484.926
20211003T010551.798Z,9.463,3.39989,97.134,31.2687,1484.926
20211003T010552.758Z,9.463,3.39988,97.137,31.2687,1484.926
20211003T010553.892Z,9.4631,3.39989,97.136,31.2686,1484.926
20211003T010554.758Z,9.4631,3.39988,97.136,31.2686,1484.926
20211003T010555.805Z,9.463,3.39989,97.135,31.2688,1484.926
20211003T010556.758Z,9.4631,3.3999,97.135,31.2688,1484.927
20211003T010557.772Z,9.463,3.3999,97.135,31.2689,1484.926
20211003T010558.762Z,9.4631,3.3999,97.136,31.2688,1484.927
20211003T010559.845Z,9.4631,3.39991,97.135,31.2689,1484.927
20211003T010600.758Z,9.463,3.39992,97.135,31.2691,1484.927
20211003T010601.760Z,9.4631,3.39993,97.135,31.2691,1484.927
20211003T010602.762Z,9.463,3.39995,97.135,31.2693,1484.927
20211003T010603.800Z,9.463,3.39997,97.136,31.2695,1484.927
20211003T010604.758Z,9.4631,3.39998,97.136,31.2696,1484.927
20211003T010605.813Z,9.4633,3.39999,97.135,31.2695,1484.928
20211003T010606.760Z,9.4632,3.39997,97.135,31.2694,1484.927
20211003T010607.782Z,9.4632,3.39996,97.135,31.2693,1484.927
20211003T010608.757Z,9.4631,3.39998,97.135,31.2695,1484.927
20211003T010609.779Z,9.4631,3.39998,97.136,31.2695,1484.927
20211003T010610.759Z,9.4632,3.4,97.135,31.2696,1484.928
20211003T010611.829Z,9.4631,3.39998,97.136,31.2695,1484.927
20211003T010612.757Z,9.4631,3.39998,97.135,31.2695,1484.927
20211003T010613.781Z,9.4631,3.39997,97.135,31.2696,1484.927
20211003T010614.758Z,9.463,3.39996,97.133,31.2695,1484.927
20211003T010615.803Z,9.463,3.39996,97.134,31.2695,1484.927
20211003T010616.758Z,9.4629,3.39995,97.134,31.2694,1484.927
20211003T010617.779Z,9.4629,3.39995,97.135,31.2694,1484.927
20211003T010618.758Z,9.463,3.39994,97.134,31.2693,1484.927
20211003T010619.792Z,9.4629,3.39993,97.135,31.2693,1484.926
20211003T010620.757Z,9.4628,3.39994,97.134,31.2694,1484.926
20211003T010621.854Z,9.4629,3.39993,97.134,31.2693,1484.926
20211003T010622.758Z,9.4629,3.39993,97.134,31.2693,1484.926
20211003T010623.766Z,9.4628,3.39993,97.133,31.2693,1484.926
20211003T010624.759Z,9.4628,3.39994,97.133,31.2695,1484.926
20211003T010625.786Z,9.4629,3.39993,97.133,31.2693,1484.926
20211003T010626.759Z,9.4629,3.39994,97.134,31.2693,1484.927
20211003T010627.762Z,9.4628,3.39994,97.133,31.2694,1484.926
20211003T010628.757Z,9.4629,3.39993,97.134,31.2693,1484.926
20211003T010629.793Z,9.4629,3.39993,97.134,31.2693,1484.926
20211003T010630.758Z,9.463,3.39994,97.133,31.2693,1484.927
20211003T010631.824Z,9.4629,3.39995,97.134,31.2694,1484.927
20211003T010632.758Z,9.463,3.39996,97.133,31.2695,1484.927
20211003T010633.852Z,9.4629,3.39995,97.133,31.2694,1484.927
20211003T010634.759Z,9.4629,3.39996,97.133,31.2696,1484.927
20211003T010635.762Z,9.463,3.39993,97.133,31.2692,1484.927
20211003T010636.758Z,9.4629,3.39991,97.132,31.2691,1484.926
20211003T010637.805Z,9.463,3.39992,97.132,31.2691,1484.926
20211003T010638.758Z,9.463,3.39993,97.134,31.2692,1484.927
20211003T010639.759Z,9.463,3.39992,97.134,31.269,1484.927
20211003T010640.757Z,9.463,3.39991,97.133,31.2689,1484.926
20211003T010641.759Z,9.463,3.39991,97.133,31.2689,1484.926
20211003T010642.757Z,9.4629,3.3999,97.133,31.2689,1484.926
20211003T010643.802Z,9.4629,3.3999,97.133,31.2689,1484.926
20211003T010644.777Z,9.463,3.3999,97.133,31.2689,1484.926
20211003T010645.778Z,9.4629,3.3999,97.133,31.2689,1484.926
20211003T010646.757Z,9.463,3.3999,97.133,31.2689,1484.926
20211003T010647.775Z,9.4629,3.39988,97.133,31.2687,1484.926
20211003T010648.759Z,9.463,3.39986,97.132,31.2685,1484.926
20211003T010649.806Z,9.463,3.39986,97.133,31.2685,1484.926
20211003T010650.759Z,9.463,3.39985,97.133,31.2684,1484.926
20211003T010651.799Z,9.4631,3.39985,97.132,31.2683,1484.926
20211003T010652.760Z,9.463,3.39984,97.132,31.2683,1484.925
20211003T010653.769Z,9.463,3.39984,97.132,31.2683,1484.925
20211003T010654.757Z,9.463,3.39983,97.132,31.2682,1484.925
20211003T010655.830Z,9.463,3.39982,97.131,31.268,1484.925
20211003T010656.759Z,9.4631,3.39982,97.131,31.2679,1484.925
20211003T010657.763Z,9.4631,3.39983,97.131,31.2681,1484.926
20211003T010658.759Z,9.463,3.39984,97.131,31.2683,1484.925
20211003T010659.807Z,9.463,3.39985,97.131,31.2684,1484.926
20211003T010700.759Z,9.4629,3.39986,97.131,31.2685,1484.925
20211003T010701.769Z,9.463,3.39989,97.132,31.2687,1484.926
20211003T010702.756Z,9.463,3.3999,97.131,31.2688,1484.926
20211003T010703.801Z,9.463,3.3999,97.131,31.2688,1484.926
20211003T010704.757Z,9.4629,3.3999,97.131,31.2689,1484.926
20211003T010705.816Z,9.463,3.3999,97.131,31.2689,1484.926
20211003T010706.756Z,9.463,3.39991,97.131,31.269,1484.926
20211003T010707.813Z,9.463,3.3999,97.13,31.2689,1484.926
20211003T010708.771Z,9.463,3.3999,97.131,31.2688,1484.926
20211003T010709.800Z,9.463,3.39989,97.131,31.2688,1484.926
20211003T010710.757Z,9.463,3.39992,97.132,31.269,1484.926
20211003T010711.798Z,9.463,3.39993,97.131,31.2691,1484.927
20211003T010712.757Z,9.4631,3.39995,97.131,31.2693,1484.927
20211003T010713.803Z,9.463,3.39996,97.131,31.2695,1484.927
20211003T010714.758Z,9.4631,3.39997,97.13,31.2695,1484.927
20211003T010715.761Z,9.463,3.4,97.13,31.2699,1484.927
20211003T010716.758Z,9.4631,3.4,97.13,31.2698,1484.928
20211003T010717.851Z,9.463,3.40004,97.13,31.2702,1484.928
20211003T010718.757Z,9.4631,3.4,97.131,31.2698,1484.927
20211003T010719.791Z,9.463,3.39996,97.13,31.2695,1484.927
20211003T010720.758Z,9.463,3.39992,97.13,31.2691,1484.926
20211003T010721.762Z,9.463,3.39989,97.13,31.2688,1484.926
20211003T010722.759Z,9.463,3.39987,97.13,31.2686,1484.926
20211003T010723.790Z,9.4628,3.39986,97.13,31.2686,1484.925
20211003T010724.758Z,9.4629,3.39988,97.13,31.2687,1484.926
20211003T010725.761Z,9.4629,3.39986,97.13,31.2685,1484.925
20211003T010726.757Z,9.463,3.39986,97.129,31.2685,1484.926
20211003T010727.801Z,9.4629,3.39985,97.13,31.2684,1484.925
20211003T010728.758Z,9.4629,3.39985,97.129,31.2684,1484.925
20211003T010729.773Z,9.4628,3.39985,97.129,31.2686,1484.925
20211003T010730.761Z,9.4628,3.39984,97.129,31.2684,1484.925
20211003T010731.768Z,9.4629,3.39983,97.129,31.2683,1484.925
20211003T010732.771Z,9.4628,3.39984,97.128,31.2685,1484.925
20211003T010733.805Z,9.4628,3.39985,97.128,31.2685,1484.925
20211003T010734.758Z,9.4628,3.39985,97.129,31.2685,1484.925
20211003T010735.813Z,9.4628,3.39984,97.13,31.2684,1484.925
20211003T010736.757Z,9.4628,3.39983,97.129,31.2683,1484.925
20211003T010737.830Z,9.4628,3.39985,97.129,31.2685,1484.925
20211003T010738.760Z,9.4627,3.39985,97.129,31.2686,1484.925
20211003T010739.809Z,9.4628,3.39984,97.129,31.2685,1484.925
20211003T010740.757Z,9.4628,3.39985,97.128,31.2685,1484.925
20211003T010741.798Z,9.4628,3.39985,97.129,31.2686,1484.925
20211003T010742.757Z,9.4628,3.39985,97.129,31.2686,1484.925
20211003T010743.762Z,9.4628,3.39985,97.129,31.2686,1484.925
20211003T010744.758Z,9.4628,3.39986,97.129,31.2687,1484.925
20211003T010745.777Z,9.4628,3.39986,97.128,31.2686,1484.925
20211003T010746.757Z,9.4628,3.39986,97.129,31.2687,1484.925
20211003T010747.766Z,9.4628,3.39986,97.128,31.2687,1484.925
20211003T010748.757Z,9.4628,3.39986,97.128,31.2687,1484.925
20211003T010749.850Z,9.4628,3.39985,97.128,31.2686,1484.925
20211003T010750.758Z,9.4628,3.39985,97.128,31.2685,1484.925
20211003T010751.826Z,9.4628,3.39985,97.127,31.2686,1484.925
20211003T010752.758Z,9.4628,3.39986,97.128,31.2686,1484.925
20211003T010753.767Z,9.4628,3.39987,97.127,31.2687,1484.925
20211003T010754.758Z,9.4628,3.39985,97.128,31.2685,1484.925
20211003T010755.829Z,9.4628,3.39984,97.128,31.2685,1484.925
20211003T010756.759Z,9.4628,3.39981,97.128,31.2681,1484.925
20211003T010757.895Z,9.4629,3.39979,97.128,31.2678,1484.925
20211003T010758.758Z,9.4629,3.3998,97.128,31.2679,1484.925
20211003T010759.815Z,9.4629,3.3998,97.128,31.2679,1484.925
20211003T010800.756Z,9.4629,3.39983,97.128,31.2682,1484.925
20211003T010801.817Z,9.4629,3.39983,97.128,31.2683,1484.925
20211003T010802.757Z,9.4629,3.39987,97.127,31.2687,1484.925
20211003T010803.840Z,9.4629,3.39987,97.127,31.2686,1484.926
20211003T010804.758Z,9.4629,3.39989,97.127,31.2688,1484.926
20211003T010805.779Z,9.4629,3.39988,97.127,31.2687,1484.926
20211003T010806.757Z,9.4629,3.39989,97.128,31.2688,1484.926
20211003T010807.760Z,9.4629,3.39989,97.126,31.2688,1484.926
20211003T010808.757Z,9.463,3.39989,97.127,31.2688,1484.926
20211003T010809.775Z,9.463,3.3999,97.127,31.2689,1484.926
20211003T010810.758Z,9.463,3.3999,97.127,31.2688,1484.926
20211003T010811.846Z,9.463,3.39989,97.128,31.2687,1484.926
20211003T010812.761Z,9.463,3.39988,97.127,31.2687,1484.926
20211003T010813.773Z,9.4629,3.39988,97.127,31.2687,1484.926
20211003T010814.757Z,9.4629,3.39986,97.126,31.2686,1484.926
20211003T010815.763Z,9.463,3.39986,97.127,31.2685,1484.926
20211003T010816.763Z,9.463,3.39987,97.127,31.2686,1484.926
20211003T010817.785Z,9.463,3.39986,97.127,31.2685,1484.926
20211003T010818.758Z,9.4629,3.39986,97.127,31.2686,1484.925
20211003T010819.779Z,9.4629,3.39986,97.126,31.2685,1484.925
20211003T010820.760Z,9.4629,3.39985,97.127,31.2685,1484.925
20211003T010821.801Z,9.4629,3.39985,97.126,31.2684,1484.925
20211003T010822.758Z,9.4628,3.39984,97.126,31.2685,1484.925
20211003T010823.793Z,9.4629,3.39984,97.127,31.2683,1484.925
20211003T010824.758Z,9.4629,3.39986,97.126,31.2686,1484.925
20211003T010825.794Z,9.4629,3.39988,97.127,31.2687,1484.926
20211003T010826.758Z,9.4628,3.39987,97.126,31.2687,1484.925
20211003T010827.807Z,9.4628,3.39989,97.126,31.2689,1484.925
20211003T010828.757Z,9.4628,3.3999,97.127,31.269,1484.926
20211003T010829.786Z,9.4628,3.39989,97.126,31.269,1484.926
20211003T010830.757Z,9.4628,3.39989,97.127,31.2689,1484.925
20211003T010831.759Z,9.4629,3.39989,97.126,31.2688,1484.926
20211003T010832.757Z,9.4629,3.39986,97.127,31.2685,1484.925
20211003T010833.765Z,9.4628,3.39985,97.126,31.2685,1484.925
20211003T010834.758Z,9.4629,3.39984,97.126,31.2683,1484.925
20211003T010835.801Z,9.4629,3.39983,97.126,31.2683,1484.925
20211003T010836.757Z,9.4629,3.39984,97.125,31.2684,1484.925
20211003T010837.799Z,9.463,3.39985,97.125,31.2684,1484.925
20211003T010838.757Z,9.4629,3.39984,97.126,31.2683,1484.925
20211003T010839.789Z,9.4628,3.39983,97.126,31.2683,1484.925
20211003T010840.757Z,9.4629,3.39982,97.125,31.2682,1484.925
20211003T010841.810Z,9.4629,3.39983,97.126,31.2682,1484.925
20211003T010842.758Z,9.4628,3.39982,97.126,31.2682,1484.925
20211003T010843.829Z,9.4628,3.39982,97.125,31.2682,1484.925
20211003T010844.757Z,9.4628,3.39982,97.125,31.2682,1484.924
20211003T010845.777Z,9.4628,3.39982,97.125,31.2682,1484.924
20211003T010846.757Z,9.4628,3.39982,97.125,31.2682,1484.924
20211003T010847.767Z,9.4628,3.39984,97.126,31.2684,1484.925
20211003T010848.759Z,9.4628,3.39984,97.125,31.2684,1484.925
20211003T010849.780Z,9.4628,3.39984,97.125,31.2684,1484.925
20211003T010850.758Z,9.4628,3.39984,97.125,31.2685,1484.925
20211003T010851.797Z,9.4628,3.39986,97.125,31.2686,1484.925
20211003T010852.756Z,9.4628,3.39986,97.125,31.2687,1484.925
20211003T010853.815Z,9.4628,3.39985,97.126,31.2686,1484.925
20211003T010854.756Z,9.4627,3.39986,97.126,31.2688,1484.925
20211003T010855.802Z,9.4626,3.39987,97.126,31.2689,1484.925
20211003T010856.756Z,9.4626,3.39986,97.125,31.2688,1484.925
20211003T010857.764Z,9.4626,3.39985,97.125,31.2687,1484.925
20211003T010858.761Z,9.4627,3.39984,97.124,31.2685,1484.925
20211003T010859.850Z,9.4626,3.39984,97.125,31.2686,1484.924
20211003T010900.757Z,9.4626,3.39985,97.125,31.2687,1484.925
20211003T010901.815Z,9.4626,3.39983,97.125,31.2685,1484.924
20211003T010902.757Z,9.4626,3.39984,97.124,31.2685,1484.924
20211003T010903.790Z,9.4626,3.39985,97.125,31.2687,1484.924
20211003T010904.756Z,9.4626,3.39985,97.124,31.2687,1484.925
20211003T010905.791Z,9.4626,3.39985,97.124,31.2687,1484.924
20211003T010906.760Z,9.4626,3.39985,97.124,31.2687,1484.924
20211003T010907.824Z,9.4626,3.39986,97.124,31.2688,1484.925
20211003T010908.757Z,9.4626,3.39988,97.124,31.269,1484.925
20211003T010909.794Z,9.4627,3.39988,97.124,31.2689,1484.925
20211003T010910.773Z,9.4626,3.39987,97.123,31.2689,1484.925
20211003T010911.812Z,9.4626,3.39986,97.123,31.2688,1484.925
20211003T010912.758Z,9.4627,3.39985,97.124,31.2687,1484.925
20211003T010913.761Z,9.4626,3.39984,97.123,31.2686,1484.924
20211003T010914.758Z,9.4627,3.39985,97.124,31.2686,1484.925
20211003T010915.770Z,9.4628,3.39985,97.124,31.2685,1484.925
20211003T010916.757Z,9.4627,3.39985,97.124,31.2686,1484.925
20211003T010917.819Z,9.4628,3.39983,97.123,31.2683,1484.925
20211003T010918.756Z,9.4627,3.39983,97.124,31.2684,1484.924
20211003T010919.765Z,9.4627,3.39982,97.123,31.2683,1484.924
20211003T010920.757Z,9.4627,3.39984,97.123,31.2685,1484.925
20211003T010921.803Z,9.4628,3.39985,97.123,31.2686,1484.925
20211003T010922.757Z,9.4628,3.39986,97.124,31.2686,1484.925
20211003T010923.826Z,9.4628,3.39986,97.123,31.2687,1484.925
20211003T010924.758Z,9.4628,3.39985,97.123,31.2686,1484.925
20211003T010925.802Z,9.4628,3.39984,97.123,31.2684,1484.925
20211003T010926.756Z,9.4628,3.39984,97.123,31.2684,1484.925
20211003T010927.765Z,9.4629,3.39983,97.122,31.2683,1484.925
20211003T010928.758Z,9.4629,3.39985,97.122,31.2684,1484.925
20211003T010929.772Z,9.4629,3.39985,97.123,31.2685,1484.925
20211003T010930.758Z,9.4629,3.39986,97.122,31.2685,1484.925
20211003T010931.765Z,9.4629,3.39989,97.122,31.2688,1484.926
20211003T010932.763Z,9.4629,3.39989,97.123,31.2688,1484.926
20211003T010933.836Z,9.4628,3.39989,97.123,31.2689,1484.925
20211003T010934.771Z,9.4628,3.39987,97.122,31.2687,1484.925
20211003T010935.858Z,9.4629,3.39984,97.122,31.2684,1484.925
20211003T010936.770Z,9.463,3.39982,97.123,31.2681,1484.925
20211003T010937.793Z,9.4631,3.39982,97.123,31.268,1484.925
20211003T010938.758Z,9.463,3.39979,97.122,31.2677,1484.925
20211003T010939.841Z,9.463,3.39981,97.123,31.2679,1484.925
20211003T010940.773Z,9.463,3.39979,97.122,31.2678,1484.925
20211003T010941.805Z,9.463,3.39979,97.123,31.2677,1484.925
20211003T010942.758Z,9.463,3.3998,97.122,31.2678,1484.925
20211003T010943.781Z,9.4629,3.39981,97.123,31.268,1484.925
20211003T010944.781Z,9.463,3.39982,97.122,31.2681,1484.925
20211003T010945.837Z,9.463,3.39982,97.122,31.268,1484.925
20211003T010946.756Z,9.463,3.39982,97.121,31.2681,1484.925
20211003T010947.769Z,9.4631,3.39981,97.122,31.2679,1484.925
20211003T010948.759Z,9.4631,3.39981,97.122,31.2679,1484.925
20211003T010949.769Z,9.4631,3.39982,97.122,31.268,1484.925
20211003T010950.757Z,9.4631,3.39982,97.122,31.268,1484.925
20211003T010951.844Z,9.4631,3.39981,97.121,31.2679,1484.925
20211003T010952.759Z,9.463,3.39981,97.121,31.268,1484.925
20211003T010953.773Z,9.4631,3.39979,97.122,31.2677,1484.925
20211003T010954.757Z,9.4631,3.39978,97.122,31.2676,1484.925
20211003T010955.805Z,9.4631,3.39979,97.123,31.2676,1484.925
20211003T010956.758Z,9.4631,3.39981,97.122,31.2678,1484.925
20211003T010957.777Z,9.463,3.39982,97.121,31.268,1484.925
20211003T010958.756Z,9.4629,3.39982,97.121,31.2682,1484.925
20211003T010959.785Z,9.4629,3.39983,97.121,31.2683,1484.925
20211003T011000.757Z,9.4629,3.39985,97.121,31.2684,1484.925
20211003T011001.792Z,9.4628,3.39985,97.122,31.2686,1484.925
20211003T011002.758Z,9.4628,3.39984,97.122,31.2684,1484.925
20211003T011003.796Z,9.4628,3.39983,97.121,31.2683,1484.925
20211003T011004.756Z,9.4629,3.39983,97.121,31.2682,1484.925
20211003T011005.763Z,9.4628,3.39983,97.121,31.2683,1484.925
20211003T011006.758Z,9.4628,3.39984,97.122,31.2684,1484.925
20211003T011007.770Z,9.4628,3.39985,97.121,31.2685,1484.925
20211003T011008.758Z,9.4628,3.39985,97.121,31.2686,1484.925
20211003T011009.804Z,9.4628,3.39985,97.121,31.2685,1484.925
20211003T011010.758Z,9.4627,3.39987,97.121,31.2688,1484.925
20211003T011011.832Z,9.4628,3.39985,97.121,31.2685,1484.925
20211003T011012.758Z,9.4628,3.39985,97.121,31.2685,1484.925
20211003T011013.805Z,9.4628,3.39984,97.121,31.2684,1484.925
20211003T011014.757Z,9.4628,3.39984,97.121,31.2684,1484.925
20211003T011015.774Z,9.4627,3.39985,97.121,31.2686,1484.925
20211003T011016.757Z,9.4626,3.39986,97.12,31.2688,1484.925
20211003T011017.767Z,9.4627,3.39989,97.121,31.269,1484.925
20211003T011018.757Z,9.4626,3.39987,97.12,31.2689,1484.925
20211003T011019.821Z,9.4626,3.39987,97.12,31.2689,1484.925
20211003T011020.757Z,9.4626,3.39986,97.12,31.2689,1484.924
20211003T011021.803Z,9.4626,3.39985,97.12,31.2688,1484.924
20211003T011022.757Z,9.4626,3.39986,97.12,31.2688,1484.924
20211003T011023.860Z,9.4626,3.39985,97.12,31.2687,1484.924
20211003T011024.756Z,9.4626,3.39984,97.12,31.2686,1484.924
20211003T011025.793Z,9.4626,3.39985,97.12,31.2687,1484.924
20211003T011026.757Z,9.4627,3.39983,97.12,31.2685,1484.924
20211003T011027.792Z,9.4627,3.39983,97.12,31.2684,1484.924
20211003T011028.757Z,9.4628,3.39984,97.12,31.2684,1484.925
20211003T011029.775Z,9.4626,3.39983,97.12,31.2684,1484.924
20211003T011030.762Z,9.4627,3.39983,97.12,31.2684,1484.924
20211003T011031.808Z,9.4628,3.39984,97.12,31.2685,1484.925
20211003T011032.758Z,9.4626,3.39985,97.119,31.2687,1484.924
20211003T011033.762Z,9.4627,3.39983,97.12,31.2685,1484.924
20211003T011034.759Z,9.4626,3.39984,97.119,31.2686,1484.924
20211003T011035.764Z,9.4626,3.39985,97.119,31.2687,1484.925
20211003T011036.758Z,9.4626,3.39983,97.119,31.2685,1484.924
20211003T011037.762Z,9.4626,3.39984,97.12,31.2685,1484.924
20211003T011038.760Z,9.4627,3.39985,97.12,31.2686,1484.925
20211003T011039.832Z,9.4627,3.39985,97.119,31.2686,1484.925
20211003T011040.757Z,9.4628,3.39988,97.119,31.2688,1484.925
20211003T011041.758Z,9.4627,3.39987,97.119,31.2688,1484.925
20211003T011042.757Z,9.4627,3.39987,97.119,31.2688,1484.925
20211003T011043.809Z,9.4626,3.39988,97.119,31.2689,1484.925
20211003T011044.758Z,9.4626,3.39988,97.119,31.2689,1484.925
20211003T011045.855Z,9.4627,3.39988,97.118,31.2689,1484.925
20211003T011046.757Z,9.4627,3.39986,97.12,31.2687,1484.925
20211003T011047.773Z,9.4627,3.39985,97.12,31.2686,1484.925
20211003T011048.756Z,9.4627,3.39984,97.118,31.2685,1484.924
20211003T011049.844Z,9.4628,3.39988,97.119,31.2688,1484.925
20211003T011050.757Z,9.4628,3.3999,97.119,31.269,1484.926
20211003T011051.837Z,9.4629,3.39991,97.118,31.269,1484.926
20211003T011052.756Z,9.4629,3.39992,97.118,31.2691,1484.926
20211003T011053.763Z,9.4629,3.39993,97.118,31.2693,1484.926
20211003T011054.757Z,9.4628,3.39993,97.119,31.2694,1484.926
20211003T011055.820Z,9.4627,3.39994,97.118,31.2695,1484.926
20211003T011056.758Z,9.4626,3.39994,97.118,31.2696,1484.926
20211003T011057.759Z,9.4626,3.39992,97.119,31.2695,1484.925
20211003T011058.758Z,9.4626,3.39991,97.118,31.2693,1484.925
20211003T011059.761Z,9.4626,3.39991,97.119,31.2694,1484.925
20211003T011100.759Z,9.4626,3.39991,97.118,31.2694,1484.925
20211003T011101.767Z,9.4626,3.39993,97.119,31.2695,1484.926
20211003T011102.757Z,9.4626,3.39995,97.119,31.2697,1484.926
20211003T011103.849Z,9.4626,3.39993,97.118,31.2695,1484.925
20211003T011104.758Z,9.4626,3.39994,97.118,31.2697,1484.925
20211003T011105.817Z,9.4625,3.39993,97.118,31.2696,1484.925
20211003T011106.758Z,9.4626,3.39994,97.118,31.2697,1484.925
20211003T011107.821Z,9.4626,3.39996,97.118,31.2698,1484.926
20211003T011108.758Z,9.4626,3.39996,97.117,31.2698,1484.926
20211003T011109.773Z,9.4626,3.39996,97.118,31.2698,1484.926
20211003T011110.757Z,9.4626,3.39994,97.118,31.2697,1484.925
20211003T011111.854Z,9.4626,3.39993,97.118,31.2695,1484.925
20211003T011112.775Z,9.4626,3.39993,97.117,31.2696,1484.925
20211003T011113.761Z,9.4626,3.39994,97.117,31.2697,1484.925
20211003T011114.756Z,9.4626,3.39994,97.117,31.2697,1484.925
20211003T011115.789Z,9.4626,3.39994,97.118,31.2697,1484.925
20211003T011116.762Z,9.4626,3.39995,97.117,31.2697,1484.925
20211003T011117.764Z,9.4626,3.39994,97.118,31.2696,1484.926
20211003T011118.756Z,9.4627,3.39996,97.117,31.2697,1484.926
20211003T011119.813Z,9.4628,3.39997,97.117,31.2697,1484.926
20211003T011120.760Z,9.4628,3.39998,97.117,31.2699,1484.926
20211003T011121.783Z,9.4628,3.39998,97.117,31.2698,1484.926
20211003T011122.756Z,9.4627,3.39999,97.117,31.27,1484.926
20211003T011123.788Z,9.4628,3.39999,97.116,31.27,1484.927
20211003T011124.759Z,9.4629,3.4,97.116,31.2699,1484.927
20211003T011125.832Z,9.4628,3.39999,97.116,31.2699,1484.927
20211003T011126.757Z,9.4628,3.39998,97.117,31.2698,1484.926
20211003T011127.768Z,9.4628,3.39998,97.118,31.2699,1484.926
20211003T011128.757Z,9.4628,3.39997,97.116,31.2697,1484.926
20211003T011129.797Z,9.4628,3.39996,97.116,31.2697,1484.926
20211003T011130.758Z,9.4628,3.39996,97.116,31.2697,1484.926
20211003T011131.792Z,9.4628,3.39996,97.116,31.2696,1484.926
20211003T011132.758Z,9.4629,3.39996,97.117,31.2696,1484.926
20211003T011133.789Z,9.4628,3.39998,97.118,31.2698,1484.926
20211003T011134.758Z,9.4628,3.39998,97.117,31.2698,1484.926
20211003T011135.767Z,9.4628,3.39998,97.117,31.2698,1484.926
20211003T011136.770Z,9.4629,3.39996,97.116,31.2696,1484.926
20211003T011137.787Z,9.463,3.39998,97.116,31.2697,1484.927
20211003T011138.756Z,9.463,3.39997,97.116,31.2696,1484.927
20211003T011139.758Z,9.463,3.39998,97.116,31.2697,1484.927
20211003T011140.756Z,9.4629,3.39996,97.117,31.2696,1484.926
20211003T011141.834Z,9.4629,3.39998,97.116,31.2697,1484.927
20211003T011142.756Z,9.4629,3.39998,97.116,31.2698,1484.927
20211003T011143.766Z,9.4629,3.39999,97.117,31.2699,1484.927
20211003T011144.758Z,9.4629,3.4,97.117,31.27,1484.927
20211003T011145.927Z,9.4629,3.39999,97.116,31.2698,1484.927
20211003T011146.758Z,9.4628,3.39997,97.116,31.2698,1484.926
20211003T011147.813Z,9.463,3.39998,97.117,31.2697,1484.927
20211003T011148.756Z,9.4629,3.39997,97.116,31.2696,1484.927
20211003T011149.779Z,9.463,3.39996,97.115,31.2695,1484.927
20211003T011150.757Z,9.463,3.39996,97.115,31.2695,1484.927
20211003T011151.762Z,9.463,3.39997,97.115,31.2696,1484.927
20211003T011152.757Z,9.4631,3.39997,97.116,31.2695,1484.927
20211003T011153.797Z,9.4631,3.39996,97.115,31.2694,1484.927
20211003T011154.758Z,9.4632,3.39994,97.116,31.2692,1484.927
20211003T011155.785Z,9.4633,3.39994,97.115,31.2691,1484.927
20211003T011156.757Z,9.4632,3.39994,97.115,31.2691,1484.927
20211003T011157.794Z,9.4633,3.39994,97.116,31.2691,1484.927
20211003T011158.763Z,9.4633,3.39996,97.116,31.2692,1484.927
20211003T011159.850Z,9.4633,3.39995,97.115,31.2692,1484.927
20211003T011200.772Z,9.4633,3.39995,97.116,31.2691,1484.927
20211003T011201.762Z,9.4632,3.39996,97.115,31.2693,1484.927
20211003T011202.756Z,9.4632,3.39997,97.114,31.2694,1484.927
20211003T011203.768Z,9.4632,3.39998,97.115,31.2694,1484.927
20211003T011204.758Z,9.4631,3.39999,97.114,31.2697,1484.927
20211003T011205.766Z,9.463,3.39999,97.115,31.2697,1484.927
20211003T011206.760Z,9.4631,3.4,97.115,31.2698,1484.927
20211003T011207.809Z,9.463,3.39998,97.115,31.2697,1484.927
20211003T011208.756Z,9.463,3.39999,97.114,31.2698,1484.927
20211003T011209.820Z,9.463,3.39997,97.114,31.2696,1484.927
20211003T011210.758Z,9.463,3.39998,97.115,31.2697,1484.927
20211003T011211.762Z,9.4631,3.39999,97.114,31.2697,1484.927
20211003T011212.757Z,9.4631,3.4,97.115,31.2698,1484.927
20211003T011213.765Z,9.463,3.4,97.114,31.2698,1484.927
20211003T011214.756Z,9.463,3.39999,97.114,31.2697,1484.927
20211003T011215.769Z,9.463,3.4,97.114,31.2698,1484.927
20211003T011216.756Z,9.463,3.4,97.113,31.2699,1484.927
20211003T011217.760Z,9.4629,3.4,97.113,31.2699,1484.927
20211003T011218.756Z,9.4629,3.40002,97.113,31.2701,1484.927
20211003T011219.773Z,9.463,3.40002,97.114,31.2701,1484.927
20211003T011220.757Z,9.463,3.4,97.114,31.2699,1484.927
20211003T011221.806Z,9.463,3.40002,97.113,31.2701,1484.927
20211003T011222.756Z,9.463,3.40001,97.115,31.27,1484.927
20211003T011223.803Z,9.463,3.40002,97.113,31.2701,1484.927
20211003T011224.757Z,9.463,3.40002,97.113,31.2701,1484.927
20211003T011225.794Z,9.463,3.40002,97.113,31.2701,1484.927
20211003T011226.757Z,9.4631,3.40004,97.114,31.2702,1484.928
20211003T011227.815Z,9.4631,3.40004,97.113,31.2702,1484.928
20211003T011228.757Z,9.4632,3.40003,97.113,31.2701,1484.928
20211003T011229.797Z,9.4631,3.40003,97.113,31.2701,1484.928
20211003T011230.756Z,9.4631,3.40002,97.113,31.2701,1484.928
20211003T011231.829Z,9.4631,3.40002,97.113,31.27,1484.927
20211003T011232.758Z,9.463,3.40001,97.113,31.2699,1484.927
20211003T011233.835Z,9.463,3.39999,97.112,31.2698,1484.927
20211003T011234.756Z,9.4629,3.4,97.112,31.27,1484.927
20211003T011235.761Z,9.4629,3.39999,97.112,31.2698,1484.927
20211003T011236.756Z,9.463,3.39998,97.112,31.2697,1484.927
20211003T011237.768Z,9.4629,3.39998,97.113,31.2698,1484.927
20211003T011238.758Z,9.4629,3.39998,97.111,31.2698,1484.927
20211003T011239.767Z,9.4629,3.39998,97.112,31.2698,1484.927
20211003T011240.757Z,9.4628,3.39997,97.112,31.2697,1484.926
20211003T011241.771Z,9.4628,3.39997,97.113,31.2698,1484.926
20211003T011242.757Z,9.4628,3.39998,97.113,31.2698,1484.926
20211003T011243.829Z,9.4629,3.39998,97.111,31.2697,1484.927
20211003T011244.762Z,9.4629,3.39997,97.111,31.2697,1484.927
20211003T011245.811Z,9.4629,3.39999,97.112,31.2698,1484.927
20211003T011246.757Z,9.4629,3.39999,97.112,31.2698,1484.927
20211003T011247.795Z,9.4629,3.4,97.111,31.2699,1484.927
20211003T011248.759Z,9.4629,3.39999,97.111,31.2698,1484.927
20211003T011249.854Z,9.4629,3.39998,97.112,31.2698,1484.927
20211003T011250.757Z,9.4629,3.4,97.111,31.27,1484.927
20211003T011251.763Z,9.4629,3.40001,97.112,31.27,1484.927
20211003T011252.759Z,9.463,3.40001,97.111,31.27,1484.927
20211003T011253.795Z,9.463,3.40001,97.112,31.27,1484.927
20211003T011254.757Z,9.463,3.40002,97.111,31.2701,1484.927
20211003T011255.762Z,9.463,3.40002,97.111,31.2701,1484.927
20211003T011256.757Z,9.463,3.40001,97.11,31.2701,1484.927
20211003T011257.768Z,9.463,3.40002,97.111,31.2701,1484.927
20211003T011258.756Z,9.463,3.40001,97.111,31.27,1484.927
20211003T011259.818Z,9.4629,3.39999,97.111,31.2699,1484.927
20211003T011300.758Z,9.4629,3.4,97.11,31.27,1484.927
20211003T011301.770Z,9.4629,3.4,97.111,31.2699,1484.927
20211003T011302.756Z,9.4628,3.39999,97.11,31.27,1484.927
20211003T011303.828Z,9.4628,3.4,97.111,31.27,1484.927
20211003T011304.757Z,9.4629,3.39999,97.111,31.2699,1484.927
20211003T011305.852Z,9.4629,3.39999,97.111,31.2699,1484.927
20211003T011306.757Z,9.4628,3.4,97.111,31.2701,1484.927
20211003T011307.777Z,9.4628,3.39999,97.111,31.27,1484.927
20211003T011308.756Z,9.4628,3.39999,97.11,31.27,1484.926
20211003T011309.855Z,9.4629,3.39999,97.11,31.2699,1484.927
20211003T011310.756Z,9.4629,3.39999,97.11,31.2698,1484.927
20211003T011311.765Z,9.4628,3.39998,97.11,31.2698,1484.926
20211003T011312.757Z,9.4628,3.39998,97.11,31.2699,1484.926
20211003T011313.772Z,9.4628,3.39998,97.111,31.2698,1484.926
20211003T011314.771Z,9.4627,3.39998,97.11,31.27,1484.926
20211003T011315.817Z,9.4628,3.39998,97.11,31.2699,1484.926
20211003T011316.757Z,9.4629,3.39999,97.109,31.2699,1484.927
20211003T011317.781Z,9.4628,3.39999,97.109,31.27,1484.926
20211003T011318.757Z,9.4628,3.4,97.11,31.27,1484.927
20211003T011319.770Z,9.4629,3.39999,97.11,31.2699,1484.927
20211003T011320.758Z,9.4629,3.39999,97.11,31.2699,1484.927
20211003T011321.778Z,9.4628,3.39999,97.109,31.2699,1484.926
20211003T011322.757Z,9.4628,3.39999,97.111,31.2699,1484.926
20211003T011323.857Z,9.4626,3.39998,97.109,31.27,1484.926
20211003T011324.756Z,9.4627,3.4,97.109,31.2701,1484.926
20211003T011325.771Z,9.4627,3.39999,97.11,31.27,1484.926
20211003T011326.761Z,9.4629,3.4,97.11,31.27,1484.927
20211003T011327.768Z,9.4628,3.40002,97.109,31.2702,1484.927
20211003T011328.756Z,9.4629,3.40003,97.109,31.2703,1484.927
20211003T011329.759Z,9.463,3.40004,97.109,31.2704,1484.927
20211003T011330.761Z,9.463,3.40004,97.109,31.2703,1484.927
20211003T011331.798Z,9.463,3.40004,97.109,31.2704,1484.927
20211003T011332.756Z,9.4631,3.40003,97.11,31.2702,1484.928
20211003T011333.818Z,9.463,3.40003,97.109,31.2702,1484.927
20211003T011334.759Z,9.463,3.40002,97.109,31.2701,1484.927
20211003T011335.795Z,9.4631,3.40004,97.11,31.2702,1484.928
20211003T011336.757Z,9.4631,3.40004,97.109,31.2702,1484.928
20211003T011337.799Z,9.4631,3.40003,97.109,31.2701,1484.928
20211003T011338.772Z,9.463,3.40003,97.109,31.2702,1484.927
20211003T011339.874Z,9.463,3.40004,97.108,31.2703,1484.928
20211003T011340.756Z,9.4631,3.40004,97.109,31.2703,1484.928
20211003T011341.762Z,9.463,3.40002,97.109,31.2701,1484.927
20211003T011342.758Z,9.4629,3.40001,97.109,31.2701,1484.927
20211003T011343.806Z,9.4628,3.40001,97.108,31.2701,1484.927
20211003T011344.758Z,9.4628,3.39999,97.108,31.27,1484.926
20211003T011345.768Z,9.4628,3.4,97.108,31.27,1484.926
20211003T011346.757Z,9.4627,3.39999,97.109,31.2701,1484.926
20211003T011347.794Z,9.4628,3.4,97.109,31.27,1484.926
20211003T011348.757Z,9.4628,3.39999,97.108,31.2699,1484.926
20211003T011349.771Z,9.4627,3.4,97.108,31.2701,1484.926
20211003T011350.757Z,9.4628,3.40001,97.108,31.2702,1484.927
20211003T011351.772Z,9.4627,3.40001,97.109,31.2702,1484.926
20211003T011352.757Z,9.4628,3.40001,97.108,31.2702,1484.927
20211003T011353.801Z,9.4629,3.40002,97.108,31.2702,1484.927
20211003T011354.758Z,9.4628,3.40003,97.107,31.2703,1484.927
20211003T011355.762Z,9.4629,3.40002,97.108,31.2702,1484.927
20211003T011356.756Z,9.4629,3.40002,97.109,31.2702,1484.927
20211003T011357.787Z,9.4629,3.4,97.107,31.2699,1484.927
20211003T011358.756Z,9.4629,3.40003,97.109,31.2703,1484.927
20211003T011359.765Z,9.4629,3.40003,97.107,31.2703,1484.927
20211003T011400.756Z,9.463,3.40002,97.107,31.2701,1484.927
20211003T011401.781Z,9.4629,3.40002,97.108,31.2702,1484.927
20211003T011402.770Z,9.4628,3.40001,97.107,31.2702,1484.927
20211003T011403.795Z,9.4629,3.40001,97.107,31.2701,1484.927
20211003T011404.756Z,9.4628,3.40003,97.107,31.2703,1484.927
20211003T011405.763Z,9.4629,3.40002,97.107,31.2702,1484.927
20211003T011406.757Z,9.4629,3.40003,97.107,31.2703,1484.927
20211003T011407.763Z,9.4629,3.40005,97.107,31.2705,1484.927
20211003T011408.756Z,9.463,3.40005,97.107,31.2704,1484.928
20211003T011409.775Z,9.463,3.40004,97.107,31.2704,1484.927
20211003T011410.757Z,9.4628,3.40002,97.108,31.2703,1484.927
20211003T011411.807Z,9.4628,3.4,97.107,31.27,1484.926
20211003T011412.763Z,9.4627,3.4,97.108,31.2702,1484.926
20211003T011413.758Z,9.4626,3.40001,97.106,31.2703,1484.926
20211003T011414.758Z,9.4627,3.4,97.106,31.2701,1484.926
20211003T011415.770Z,9.4627,3.4,97.107,31.2701,1484.926
20211003T011416.763Z,9.4626,3.40002,97.106,31.2704,1484.926
20211003T011417.851Z,9.4627,3.40001,97.106,31.2703,1484.926
20211003T011418.757Z,9.4628,3.4,97.105,31.2701,1484.927
20211003T011419.799Z,9.4626,3.40002,97.107,31.2704,1484.926
20211003T011420.760Z,9.4628,3.40002,97.107,31.2703,1484.927
20211003T011421.817Z,9.4628,3.40002,97.107,31.2703,1484.927
20211003T011422.756Z,9.4628,3.40004,97.106,31.2704,1484.927
20211003T011423.843Z,9.4628,3.40005,97.107,31.2706,1484.927
20211003T011424.759Z,9.4629,3.40006,97.106,31.2706,1484.927
20211003T011425.785Z,9.4629,3.40006,97.107,31.2706,1484.928
20211003T011426.757Z,9.463,3.40008,97.107,31.2707,1484.928
20211003T011427.868Z,9.4631,3.40009,97.106,31.2707,1484.928
20211003T011428.757Z,9.4631,3.4001,97.106,31.2708,1484.929
20211003T011429.818Z,9.4632,3.40009,97.106,31.2706,1484.929
20211003T011430.756Z,9.4633,3.4001,97.106,31.2707,1484.929
20211003T011431.758Z,9.4632,3.40011,97.105,31.2709,1484.929
20211003T011432.757Z,9.4632,3.40012,97.105,31.271,1484.929
20211003T011433.818Z,9.4633,3.40014,97.105,31.2711,1484.93
20211003T011434.756Z,9.4634,3.40016,97.105,31.2712,1484.93
20211003T011435.788Z,9.4636,3.40019,97.104,31.2713,1484.931
20211003T011436.758Z,9.4636,3.40021,97.105,31.2715,1484.931
20211003T011437.919Z,9.4638,3.40022,97.105,31.2714,1484.932
20211003T011438.757Z,9.4638,3.40022,97.106,31.2715,1484.932
20211003T011439.816Z,9.4639,3.40023,97.105,31.2715,1484.932
20211003T011440.757Z,9.4639,3.40023,97.104,31.2714,1484.932
20211003T011441.838Z,9.4639,3.40024,97.105,31.2716,1484.932
20211003T011442.757Z,9.4639,3.40025,97.104,31.2716,1484.932
20211003T011443.779Z,9.464,3.40023,97.105,31.2714,1484.932
20211003T011444.757Z,9.4638,3.4002,97.105,31.2712,1484.932
20211003T011445.762Z,9.4637,3.40017,97.105,31.271,1484.931
20211003T011446.756Z,9.4634,3.40014,97.105,31.2709,1484.93
20211003T011447.848Z,9.4634,3.40012,97.104,31.2708,1484.93
20211003T011448.757Z,9.4633,3.4001,97.104,31.2707,1484.929
20211003T011449.779Z,9.4631,3.40008,97.104,31.2706,1484.928
20211003T011450.756Z,9.463,3.40008,97.104,31.2707,1484.928
20211003T011451.776Z,9.463,3.40008,97.104,31.2707,1484.928
20211003T011452.757Z,9.4631,3.40007,97.104,31.2706,1484.928
20211003T011453.775Z,9.463,3.40009,97.104,31.2708,1484.928
20211003T011454.757Z,9.463,3.4001,97.104,31.2708,1484.928
20211003T011455.851Z,9.4631,3.4001,97.104,31.2708,1484.929
20211003T011456.757Z,9.4632,3.40012,97.103,31.271,1484.929
20211003T011457.770Z,9.4633,3.40014,97.104,31.2711,1484.929
20211003T011458.762Z,9.4633,3.40014,97.104,31.2711,1484.929
20211003T011459.807Z,9.4633,3.40014,97.102,31.2711,1484.929
20211003T011500.757Z,9.4633,3.40014,97.104,31.271,1484.93
20211003T011501.769Z,9.4633,3.40011,97.104,31.2708,1484.929
20211003T011502.757Z,9.4633,3.40013,97.104,31.271,1484.929
20211003T011503.770Z,9.4633,3.40013,97.103,31.2709,1484.929
20211003T011504.759Z,9.4633,3.40015,97.103,31.2711,1484.93
20211003T011505.782Z,9.4634,3.40016,97.103,31.2712,1484.93
20211003T011506.760Z,9.4634,3.40014,97.103,31.271,1484.93
20211003T011507.849Z,9.4634,3.40015,97.102,31.271,1484.93
20211003T011508.757Z,9.4634,3.40014,97.104,31.2709,1484.93
20211003T011509.766Z,9.4633,3.40012,97.104,31.2709,1484.929
20211003T011510.757Z,9.4633,3.40013,97.103,31.271,1484.929
20211003T011511.758Z,9.4633,3.40012,97.103,31.2708,1484.929
20211003T011512.759Z,9.4632,3.40012,97.104,31.2709,1484.929
20211003T011513.834Z,9.4632,3.40011,97.103,31.2708,1484.929
20211003T011514.757Z,9.4632,3.4001,97.104,31.2707,1484.929
20211003T011515.790Z,9.4632,3.40009,97.104,31.2706,1484.929
20211003T011516.771Z,9.463,3.4001,97.103,31.2709,1484.928
20211003T011517.761Z,9.4632,3.40011,97.103,31.2709,1484.929
20211003T011518.756Z,9.4633,3.40012,97.103,31.2709,1484.929
20211003T011519.813Z,9.4633,3.40012,97.103,31.2709,1484.929
20211003T011520.756Z,9.4633,3.40013,97.102,31.271,1484.929
20211003T011521.772Z,9.4634,3.40015,97.103,31.2711,1484.93
20211003T011522.756Z,9.4634,3.40015,97.102,31.2711,1484.93
20211003T011523.767Z,9.4635,3.40016,97.103,31.2711,1484.93
20211003T011524.757Z,9.4636,3.40018,97.103,31.2712,1484.931
20211003T011525.782Z,9.4637,3.40018,97.102,31.2712,1484.931
20211003T011526.757Z,9.4636,3.40019,97.103,31.2713,1484.931
20211003T011527.767Z,9.4636,3.40021,97.103,31.2715,1484.931
20211003T011528.757Z,9.4637,3.40021,97.103,31.2714,1484.932
20211003T011529.760Z,9.4637,3.40021,97.103,31.2714,1484.932
20211003T011530.757Z,9.4638,3.40023,97.103,31.2715,1484.932
20211003T011531.802Z,9.4639,3.40022,97.102,31.2714,1484.932
20211003T011532.757Z,9.4639,3.40023,97.102,31.2714,1484.932
20211003T011533.795Z,9.4638,3.40022,97.103,31.2714,1484.932
20211003T011534.757Z,9.4638,3.40023,97.101,31.2716,1484.932
20211003T011535.759Z,9.4639,3.40023,97.102,31.2715,1484.932
20211003T011536.757Z,9.4639,3.40023,97.102,31.2714,1484.932
20211003T011537.797Z,9.4639,3.40025,97.102,31.2717,1484.932
20211003T011538.758Z,9.464,3.40026,97.103,31.2717,1484.933
20211003T011539.829Z,9.464,3.40025,97.102,31.2716,1484.933
20211003T011540.771Z,9.464,3.40026,97.102,31.2717,1484.933
20211003T011541.758Z,9.4641,3.40028,97.102,31.2718,1484.933
20211003T011542.757Z,9.4641,3.4003,97.102,31.272,1484.934
20211003T011543.812Z,9.4642,3.40031,97.102,31.272,1484.934
20211003T011544.762Z,9.4643,3.40032,97.102,31.272,1484.934
20211003T011545.763Z,9.4643,3.40032,97.102,31.272,1484.934
20211003T011546.756Z,9.4643,3.40031,97.101,31.272,1484.934
20211003T011547.767Z,9.4642,3.4003,97.101,31.2719,1484.934
20211003T011548.758Z,9.4641,3.40028,97.101,31.2717,1484.933
20211003T011549.780Z,9.4641,3.40025,97.101,31.2715,1484.933
20211003T011550.756Z,9.464,3.40024,97.102,31.2714,1484.932
20211003T011551.784Z,9.4639,3.40022,97.101,31.2713,1484.932
20211003T011552.758Z,9.4637,3.40018,97.101,31.2712,1484.931
20211003T011553.852Z,9.4636,3.40018,97.101,31.2712,1484.931
20211003T011554.756Z,9.4635,3.40015,97.102,31.271,1484.93
20211003T011555.824Z,9.4634,3.40014,97.101,31.271,1484.93
20211003T011556.757Z,9.4633,3.40012,97.101,31.2709,1484.929
20211003T011557.848Z,9.4633,3.40012,97.101,31.2709,1484.929
20211003T011558.757Z,9.4633,3.40012,97.101,31.2709,1484.929
20211003T011559.821Z,9.4632,3.40012,97.101,31.2709,1484.929
20211003T011600.758Z,9.4633,3.40014,97.101,31.2711,1484.929
20211003T011601.759Z,9.4633,3.40017,97.101,31.2713,1484.93
20211003T011602.757Z,9.4634,3.4002,97.101,31.2715,1484.931
20211003T011603.860Z,9.4636,3.40022,97.101,31.2716,1484.931
20211003T011604.773Z,9.4637,3.40022,97.101,31.2715,1484.932
20211003T011605.828Z,9.4637,3.40025,97.1,31.2718,1484.932
20211003T011606.757Z,9.4638,3.40025,97.101,31.2718,1484.932
20211003T011607.806Z,9.4639,3.40027,97.101,31.2719,1484.933
20211003T011608.757Z,9.464,3.40028,97.1,31.2719,1484.933
20211003T011609.802Z,9.464,3.40028,97.1,31.2719,1484.933
20211003T011610.756Z,9.464,3.40029,97.1,31.272,1484.933
20211003T011611.848Z,9.4639,3.40027,97.1,31.2719,1484.933
20211003T011612.757Z,9.4639,3.40027,97.1,31.2719,1484.933
20211003T011613.792Z,9.464,3.40027,97.1,31.2718,1484.933
20211003T011614.756Z,9.464,3.40027,97.1,31.2718,1484.933
20211003T011615.781Z,9.4639,3.40027,97.101,31.2719,1484.933
20211003T011616.756Z,9.4639,3.40028,97.1,31.2719,1484.933
20211003T011617.775Z,9.464,3.40026,97.099,31.2717,1484.932
20211003T011618.757Z,9.4638,3.40024,97.1,31.2717,1484.932
20211003T011619.771Z,9.4638,3.40022,97.1,31.2714,1484.932
20211003T011620.757Z,9.4637,3.40021,97.101,31.2714,1484.931
20211003T011621.855Z,9.4637,3.40021,97.101,31.2714,1484.931
20211003T011622.757Z,9.4638,3.40018,97.1,31.2711,1484.931
20211003T011623.761Z,9.4637,3.40019,97.1,31.2713,1484.931
20211003T011624.758Z,9.4636,3.40018,97.099,31.2712,1484.931
20211003T011625.784Z,9.4634,3.4002,97.099,31.2715,1484.93
20211003T011626.762Z,9.4634,3.4002,97.099,31.2716,1484.931
20211003T011627.801Z,9.4634,3.40017,97.099,31.2713,1484.93
20211003T011628.757Z,9.4633,3.40017,97.099,31.2713,1484.93
20211003T011629.868Z,9.4634,3.40019,97.099,31.2714,1484.93
20211003T011630.762Z,9.4636,3.40018,97.099,31.2712,1484.931
20211003T011631.803Z,9.4637,3.40021,97.099,31.2714,1484.931
20211003T011632.757Z,9.4638,3.4002,97.099,31.2712,1484.931
20211003T011633.774Z,9.4638,3.40019,97.098,31.2712,1484.931
20211003T011634.761Z,9.4639,3.40019,97.099,31.2711,1484.932
20211003T011635.760Z,9.464,3.40021,97.098,31.2711,1484.932
20211003T011636.757Z,9.4639,3.40018,97.099,31.2709,1484.931
20211003T011637.773Z,9.4636,3.40014,97.098,31.2708,1484.93
20211003T011638.758Z,9.4634,3.40013,97.097,31.2709,1484.93
20211003T011639.759Z,9.4634,3.40013,97.1,31.2708,1484.93
20211003T011640.757Z,9.4634,3.40014,97.098,31.271,1484.93
20211003T011641.878Z,9.4636,3.40016,97.098,31.271,1484.93
20211003T011642.756Z,9.4638,3.40019,97.098,31.2712,1484.931
20211003T011643.766Z,9.4639,3.4002,97.097,31.2711,1484.932
20211003T011644.757Z,9.464,3.4002,97.098,31.271,1484.932
20211003T011645.759Z,9.4639,3.40021,97.098,31.2713,1484.932
20211003T011646.757Z,9.464,3.40023,97.097,31.2714,1484.932
20211003T011647.831Z,9.464,3.40024,97.097,31.2715,1484.932
20211003T011648.757Z,9.464,3.40023,97.099,31.2714,1484.932
20211003T011649.767Z,9.4641,3.40024,97.098,31.2714,1484.933
20211003T011650.758Z,9.464,3.40024,97.097,31.2714,1484.932
20211003T011651.850Z,9.464,3.40022,97.097,31.2713,1484.932
20211003T011652.757Z,9.464,3.40023,97.097,31.2714,1484.932
20211003T011653.806Z,9.464,3.40022,97.097,31.2713,1484.932
20211003T011654.757Z,9.464,3.40023,97.096,31.2714,1484.932
20211003T011655.774Z,9.464,3.40025,97.097,31.2717,1484.932
20211003T011656.757Z,9.464,3.40028,97.097,31.2718,1484.933
20211003T011657.900Z,9.464,3.40028,97.097,31.2718,1484.933
20211003T011658.757Z,9.464,3.40028,97.097,31.2719,1484.933
20211003T011659.770Z,9.464,3.40029,97.097,31.272,1484.933
20211003T011700.758Z,9.464,3.4003,97.097,31.2721,1484.933
20211003T011701.779Z,9.4639,3.4003,97.097,31.2721,1484.933
20211003T011702.756Z,9.4639,3.4003,97.096,31.2722,1484.933
20211003T011703.783Z,9.4639,3.40029,97.096,31.2721,1484.933
20211003T011704.756Z,9.4639,3.4003,97.096,31.2721,1484.933
20211003T011705.787Z,9.4639,3.4003,97.097,31.2721,1484.933
20211003T011706.756Z,9.464,3.4003,97.097,31.2721,1484.933
20211003T011707.770Z,9.4639,3.4003,97.096,31.2721,1484.933
20211003T011708.757Z,9.464,3.4003,97.096,31.2721,1484.933
20211003T011709.764Z,9.464,3.40031,97.097,31.2722,1484.933
20211003T011710.757Z,9.464,3.4003,97.096,31.2721,1484.933
20211003T011711.763Z,9.464,3.4003,97.096,31.2721,1484.933
20211003T011712.761Z,9.4639,3.4003,97.095,31.2721,1484.933
20211003T011713.765Z,9.464,3.4003,97.096,31.2721,1484.933
20211003T011714.757Z,9.4639,3.40028,97.096,31.272,1484.933
20211003T011715.802Z,9.4639,3.40026,97.096,31.2717,1484.932
20211003T011716.757Z,9.4639,3.40028,97.095,31.272,1484.933
20211003T011717.771Z,9.4639,3.40029,97.097,31.2721,1484.933
20211003T011718.757Z,9.464,3.40029,97.096,31.272,1484.933
20211003T011719.859Z,9.4639,3.40029,97.096,31.2721,1484.933
20211003T011720.759Z,9.464,3.40029,97.095,31.272,1484.933
20211003T011721.831Z,9.4639,3.4003,97.096,31.2721,1484.933
20211003T011722.757Z,9.4639,3.4003,97.096,31.2722,1484.933
20211003T011723.854Z,9.4639,3.4003,97.096,31.2721,1484.933
20211003T011724.758Z,9.4639,3.4003,97.095,31.2722,1484.933
20211003T011725.769Z,9.4639,3.40031,97.096,31.2722,1484.933
20211003T011726.757Z,9.4639,3.40031,97.096,31.2723,1484.933
20211003T011727.763Z,9.4638,3.4003,97.096,31.2722,1484.933
20211003T011728.758Z,9.4639,3.40031,97.096,31.2723,1484.933
20211003T011729.788Z,9.4639,3.40031,97.095,31.2723,1484.933
20211003T011730.758Z,9.4638,3.4003,97.095,31.2722,1484.933
20211003T011731.846Z,9.4639,3.40031,97.095,31.2723,1484.933
20211003T011732.757Z,9.4639,3.40031,97.095,31.2723,1484.933
20211003T011733.856Z,9.4639,3.40031,97.094,31.2723,1484.933
20211003T011734.762Z,9.4638,3.40032,97.094,31.2725,1484.933
20211003T011735.766Z,9.4638,3.40032,97.095,31.2725,1484.933
20211003T011736.757Z,9.4639,3.40032,97.095,31.2724,1484.933
20211003T011737.806Z,9.4639,3.40032,97.095,31.2723,1484.933
20211003T011738.769Z,9.4639,3.40033,97.095,31.2725,1484.933
20211003T011739.795Z,9.4638,3.40032,97.094,31.2724,1484.933
20211003T011740.757Z,9.4638,3.40032,97.095,31.2724,1484.933
20211003T011741.794Z,9.4637,3.40031,97.095,31.2725,1484.933
20211003T011742.776Z,9.4638,3.40032,97.094,31.2725,1484.933
20211003T011743.803Z,9.4637,3.40032,97.094,31.2726,1484.933
20211003T011744.758Z,9.4637,3.40032,97.093,31.2726,1484.933
20211003T011745.770Z,9.4638,3.40031,97.095,31.2724,1484.933
20211003T011746.765Z,9.4637,3.40031,97.094,31.2725,1484.933
20211003T011747.796Z,9.4638,3.40032,97.094,31.2725,1484.933
20211003T011748.757Z,9.4638,3.40032,97.094,31.2725,1484.933
20211003T011749.821Z,9.4638,3.40033,97.094,31.2726,1484.933
20211003T011750.757Z,9.4638,3.40032,97.094,31.2725,1484.933
20211003T011751.807Z,9.4638,3.40032,97.094,31.2725,1484.933
20211003T011752.757Z,9.4637,3.40032,97.093,31.2726,1484.933
20211003T011753.787Z,9.4637,3.40032,97.094,31.2726,1484.933
20211003T011754.758Z,9.4637,3.40032,97.094,31.2726,1484.932
20211003T011755.823Z,9.4637,3.40032,97.094,31.2726,1484.932
20211003T011756.757Z,9.4637,3.40032,97.093,31.2725,1484.933
20211003T011757.775Z,9.4637,3.40032,97.093,31.2725,1484.933
20211003T011758.761Z,9.4638,3.40032,97.093,31.2725,1484.933
20211003T011759.762Z,9.4638,3.40032,97.093,31.2724,1484.933
20211003T011800.757Z,9.4638,3.40032,97.093,31.2725,1484.933
20211003T011801.762Z,9.4638,3.40031,97.093,31.2724,1484.933
20211003T011802.758Z,9.4637,3.40031,97.093,31.2724,1484.932
20211003T011803.785Z,9.4638,3.40031,97.093,31.2724,1484.933
20211003T011804.756Z,9.4638,3.40031,97.093,31.2724,1484.933
20211003T011805.803Z,9.4637,3.40031,97.093,31.2724,1484.932
20211003T011806.772Z,9.4638,3.40031,97.093,31.2723,1484.933
20211003T011807.790Z,9.4638,3.4003,97.093,31.2723,1484.932
20211003T011808.758Z,9.4638,3.40032,97.093,31.2725,1484.933
20211003T011809.768Z,9.4638,3.40031,97.093,31.2724,1484.933
20211003T011810.757Z,9.4638,3.40031,97.093,31.2724,1484.933
20211003T011811.779Z,9.4639,3.40031,97.092,31.2723,1484.933
20211003T011812.758Z,9.4639,3.40031,97.092,31.2723,1484.933
20211003T011813.777Z,9.4639,3.40032,97.092,31.2724,1484.933
20211003T011814.757Z,9.4638,3.40031,97.092,31.2724,1484.933
20211003T011815.802Z,9.4639,3.40031,97.092,31.2723,1484.933
20211003T011816.757Z,9.4639,3.40031,97.092,31.2723,1484.933
20211003T011817.764Z,9.4639,3.40031,97.092,31.2723,1484.933
20211003T011818.757Z,9.4639,3.40032,97.093,31.2724,1484.933
20211003T011819.766Z,9.464,3.40033,97.092,31.2724,1484.933
20211003T011820.758Z,9.464,3.40033,97.093,31.2724,1484.933
20211003T011821.782Z,9.464,3.40032,97.092,31.2723,1484.933
20211003T011822.758Z,9.464,3.40032,97.092,31.2723,1484.933
20211003T011823.837Z,9.464,3.4003,97.091,31.2721,1484.933
20211003T011824.757Z,9.464,3.4003,97.091,31.2721,1484.933
20211003T011825.855Z,9.4639,3.40029,97.092,31.2721,1484.933
20211003T011826.757Z,9.4639,3.4003,97.092,31.2722,1484.933
20211003T011827.770Z,9.4639,3.40031,97.091,31.2723,1484.933
20211003T011828.757Z,9.4638,3.40031,97.091,31.2723,1484.933
20211003T011829.783Z,9.4638,3.4003,97.091,31.2723,1484.933
20211003T011830.756Z,9.4638,3.40031,97.092,31.2724,1484.933
20211003T011831.780Z,9.4638,3.40032,97.092,31.2724,1484.933
20211003T011832.757Z,9.4637,3.40033,97.091,31.2726,1484.933
20211003T011833.788Z,9.4638,3.40033,97.091,31.2726,1484.933
20211003T011834.757Z,9.4638,3.40033,97.091,31.2726,1484.933
20211003T011835.796Z,9.4638,3.40034,97.091,31.2726,1484.933
20211003T011836.757Z,9.4638,3.40033,97.091,31.2726,1484.933
20211003T011837.760Z,9.4638,3.40033,97.091,31.2726,1484.933
20211003T011838.758Z,9.4638,3.40034,97.091,31.2727,1484.933
20211003T011839.761Z,9.4637,3.40033,97.091,31.2726,1484.933
20211003T011840.761Z,9.4637,3.40034,97.091,31.2727,1484.933
20211003T011841.816Z,9.4637,3.40033,97.091,31.2726,1484.933
20211003T011842.758Z,9.4638,3.40033,97.09,31.2726,1484.933
20211003T011843.816Z,9.4637,3.40034,97.09,31.2728,1484.933
20211003T011844.762Z,9.4638,3.40034,97.09,31.2727,1484.933
20211003T011845.765Z,9.4638,3.40034,97.091,31.2727,1484.933
20211003T011846.757Z,9.4638,3.40033,97.09,31.2726,1484.933
20211003T011847.768Z,9.4638,3.40033,97.09,31.2726,1484.933
20211003T011848.759Z,9.4637,3.40033,97.089,31.2726,1484.933
20211003T011849.764Z,9.4638,3.40033,97.09,31.2726,1484.933
20211003T011850.757Z,9.4639,3.40033,97.09,31.2725,1484.933
20211003T011851.768Z,9.4638,3.40034,97.089,31.2726,1484.933
20211003T011852.758Z,9.4639,3.40033,97.09,31.2725,1484.933
20211003T011853.778Z,9.4638,3.40034,97.091,31.2727,1484.933
20211003T011854.756Z,9.4638,3.40035,97.09,31.2728,1484.933
20211003T011855.817Z,9.4638,3.40035,97.09,31.2727,1484.933
20211003T011856.757Z,9.4638,3.40034,97.09,31.2727,1484.933
20211003T011857.801Z,9.4638,3.40034,97.09,31.2727,1484.933
20211003T011858.756Z,9.4637,3.40034,97.089,31.2728,1484.933
20211003T011859.802Z,9.4637,3.40035,97.089,31.2729,1484.933
20211003T011900.757Z,9.4637,3.40034,97.089,31.2727,1484.933
20211003T011901.787Z,9.4637,3.40033,97.089,31.2727,1484.933
20211003T011902.757Z,9.4638,3.40033,97.09,31.2726,1484.933
20211003T011903.781Z,9.4637,3.40034,97.089,31.2727,1484.933
20211003T011904.757Z,9.4639,3.40033,97.09,31.2725,1484.933
20211003T011905.792Z,9.4639,3.40033,97.09,31.2725,1484.933
20211003T011906.757Z,9.464,3.40034,97.09,31.2725,1484.933
20211003T011907.805Z,9.464,3.40034,97.09,31.2725,1484.934
20211003T011908.757Z,9.4641,3.40034,97.089,31.2725,1484.934
20211003T011909.770Z,9.4642,3.40035,97.089,31.2724,1484.934
20211003T011910.758Z,9.4642,3.40034,97.089,31.2723,1484.934
20211003T011911.779Z,9.4641,3.40033,97.089,31.2723,1484.934
20211003T011912.758Z,9.4641,3.40032,97.088,31.2722,1484.933
20211003T011913.804Z,9.464,3.40033,97.088,31.2724,1484.933
20211003T011914.757Z,9.464,3.40034,97.089,31.2725,1484.933
20211003T011915.776Z,9.4639,3.40034,97.089,31.2726,1484.933
20211003T011916.757Z,9.4639,3.40034,97.088,31.2726,1484.933
20211003T011917.830Z,9.4638,3.40034,97.088,31.2727,1484.933
20211003T011918.758Z,9.4638,3.40034,97.089,31.2727,1484.933
20211003T011919.808Z,9.4638,3.40034,97.088,31.2727,1484.933
20211003T011920.756Z,9.4638,3.40034,97.088,31.2727,1484.933
20211003T011921.762Z,9.4638,3.40033,97.088,31.2726,1484.933
20211003T011922.756Z,9.4637,3.40034,97.088,31.2727,1484.933
20211003T011923.781Z,9.4637,3.40034,97.088,31.2728,1484.933
20211003T011924.756Z,9.4637,3.40033,97.088,31.2726,1484.933
20211003T011925.776Z,9.4637,3.40034,97.089,31.2728,1484.933
20211003T011926.762Z,9.4637,3.40034,97.088,31.2728,1484.933
20211003T011927.825Z,9.4637,3.40035,97.088,31.2728,1484.933
20211003T011928.757Z,9.4637,3.40034,97.089,31.2728,1484.933
20211003T011929.855Z,9.4637,3.40036,97.089,31.2729,1484.933
20211003T011930.761Z,9.4637,3.40035,97.088,31.2729,1484.933
20211003T011931.761Z,9.4637,3.40036,97.087,31.273,1484.933
20211003T011932.757Z,9.4637,3.40035,97.088,31.2729,1484.933
20211003T011933.765Z,9.4637,3.40036,97.088,31.273,1484.933
20211003T011934.760Z,9.4637,3.40037,97.087,31.2731,1484.933
20211003T011935.852Z,9.4637,3.40036,97.088,31.273,1484.933
20211003T011936.758Z,9.4636,3.40036,97.088,31.273,1484.933
20211003T011937.828Z,9.4636,3.40035,97.087,31.273,1484.933
20211003T011938.758Z,9.4637,3.40037,97.088,31.2731,1484.933
20211003T011939.789Z,9.4637,3.40036,97.087,31.273,1484.933
20211003T011940.758Z,9.4636,3.40036,97.088,31.2731,1484.933
20211003T011941.793Z,9.4636,3.40037,97.087,31.2731,1484.933
20211003T011942.758Z,9.4636,3.40036,97.088,31.273,1484.933
20211003T011943.806Z,9.4637,3.40036,97.087,31.273,1484.933
20211003T011944.771Z,9.4636,3.40037,97.088,31.2731,1484.933
20211003T011945.784Z,9.4637,3.40035,97.087,31.2729,1484.933
20211003T011946.757Z,9.4638,3.40033,97.088,31.2726,1484.933
20211003T011947.772Z,9.4638,3.40035,97.087,31.2728,1484.933
20211003T011948.757Z,9.4638,3.40034,97.088,31.2727,1484.933
20211003T011949.805Z,9.4638,3.40036,97.087,31.2729,1484.933
20211003T011950.756Z,9.4637,3.40038,97.087,31.2731,1484.933
20211003T011951.791Z,9.4637,3.40036,97.088,31.2729,1484.933
20211003T011952.757Z,9.4638,3.40034,97.086,31.2726,1484.933
20211003T011953.843Z,9.4638,3.40032,97.087,31.2725,1484.933
20211003T011954.757Z,9.4638,3.40031,97.088,31.2724,1484.933
20211003T011955.765Z,9.4638,3.4003,97.088,31.2723,1484.933
20211003T011956.757Z,9.4637,3.40029,97.087,31.2722,1484.932
20211003T011957.781Z,9.4635,3.40028,97.087,31.2723,1484.932
20211003T011958.758Z,9.4636,3.40029,97.087,31.2724,1484.932
20211003T011959.855Z,9.4634,3.4003,97.087,31.2726,1484.932
20211003T012000.758Z,9.4635,3.40031,97.087,31.2727,1484.932
20211003T012002.003Z,9.4636,3.40032,97.087,31.2727,1484.932
20211003T012002.756Z,9.4636,3.40033,97.087,31.2728,1484.932
20211003T012003.796Z,9.4637,3.40032,97.086,31.2726,1484.933
20211003T012004.758Z,9.4638,3.40032,97.087,31.2725,1484.933
20211003T012005.773Z,9.4637,3.40034,97.086,31.2727,1484.933
20211003T012006.757Z,9.4637,3.40034,97.087,31.2727,1484.933
20211003T012007.802Z,9.4638,3.40035,97.086,31.2728,1484.933
20211003T012008.771Z,9.4638,3.40036,97.086,31.2729,1484.933
20211003T012009.808Z,9.4637,3.40037,97.087,31.273,1484.933
20211003T012010.758Z,9.4637,3.40036,97.086,31.273,1484.933
20211003T012011.810Z,9.4637,3.40039,97.085,31.2732,1484.933
20211003T012012.763Z,9.4637,3.40038,97.086,31.2731,1484.933
20211003T012013.800Z,9.4637,3.40038,97.086,31.2732,1484.933
20211003T012014.756Z,9.4637,3.40038,97.085,31.2732,1484.933
20211003T012015.760Z,9.4637,3.40037,97.086,31.273,1484.933
20211003T012016.758Z,9.4637,3.40037,97.086,31.273,1484.933
20211003T012017.763Z,9.4637,3.40037,97.086,31.2731,1484.933
20211003T012018.757Z,9.4637,3.40038,97.085,31.2732,1484.933
20211003T012019.836Z,9.4637,3.40037,97.086,31.273,1484.933
20211003T012020.759Z,9.4638,3.40037,97.086,31.273,1484.933
20211003T012021.824Z,9.4637,3.40037,97.085,31.273,1484.933
20211003T012022.756Z,9.4637,3.40035,97.086,31.2728,1484.933
20211003T012023.783Z,9.4637,3.40037,97.086,31.2731,1484.933
20211003T012024.758Z,9.4637,3.40038,97.086,31.2731,1484.933
20211003T012025.819Z,9.4637,3.40037,97.086,31.2731,1484.933
20211003T012026.757Z,9.4637,3.40037,97.086,31.2731,1484.933
20211003T012027.843Z,9.4637,3.40037,97.085,31.2731,1484.933
20211003T012028.758Z,9.4637,3.40035,97.086,31.2729,1484.933
20211003T012029.800Z,9.4638,3.40036,97.085,31.2728,1484.933
20211003T012030.757Z,9.4638,3.40036,97.086,31.2728,1484.933
20211003T012031.766Z,9.464,3.40034,97.085,31.2725,1484.934
20211003T012032.770Z,9.464,3.40037,97.085,31.2728,1484.934
20211003T012033.772Z,9.464,3.40036,97.085,31.2727,1484.934
20211003T012034.757Z,9.464,3.40037,97.085,31.2728,1484.934
20211003T012035.765Z,9.4639,3.40038,97.085,31.2729,1484.934
20211003T012036.758Z,9.4639,3.40038,97.085,31.273,1484.934
20211003T012037.773Z,9.4639,3.40039,97.085,31.2731,1484.934
20211003T012038.758Z,9.4637,3.40038,97.085,31.2731,1484.933
20211003T012039.784Z,9.4638,3.40039,97.086,31.2731,1484.934
20211003T012040.756Z,9.4638,3.40037,97.086,31.273,1484.933
20211003T012041.780Z,9.4638,3.40038,97.085,31.2731,1484.933
20211003T012042.756Z,9.4638,3.40039,97.086,31.2732,1484.933
20211003T012043.770Z,9.4637,3.40037,97.085,31.273,1484.933
20211003T012044.757Z,9.4638,3.40036,97.085,31.2728,1484.933
20211003T012045.765Z,9.4638,3.40035,97.086,31.2727,1484.933
20211003T012046.757Z,9.4638,3.40035,97.086,31.2728,1484.933
20211003T012047.780Z,9.4638,3.40036,97.085,31.2729,1484.933
20211003T012048.757Z,9.4638,3.40036,97.085,31.2728,1484.933
20211003T012049.763Z,9.4638,3.40035,97.085,31.2728,1484.933
20211003T012050.757Z,9.4639,3.40036,97.084,31.2728,1484.933
20211003T012051.800Z,9.464,3.40036,97.086,31.2727,1484.934
20211003T012052.757Z,9.464,3.40034,97.085,31.2725,1484.934
20211003T012053.782Z,9.464,3.40034,97.085,31.2725,1484.933
20211003T012054.757Z,9.464,3.40034,97.085,31.2726,1484.933
20211003T012055.777Z,9.4641,3.40032,97.084,31.2723,1484.933
20211003T012056.757Z,9.4641,3.40033,97.085,31.2724,1484.934
20211003T012057.775Z,9.4641,3.40034,97.085,31.2725,1484.934
20211003T012058.762Z,9.464,3.40034,97.085,31.2724,1484.934
20211003T012059.798Z,9.4641,3.40034,97.085,31.2724,1484.934
20211003T012100.758Z,9.4642,3.40034,97.085,31.2724,1484.934
20211003T012101.762Z,9.4641,3.40035,97.085,31.2725,1484.934
20211003T012102.758Z,9.4641,3.40034,97.083,31.2725,1484.934
20211003T012103.813Z,9.4641,3.40034,97.085,31.2725,1484.934
20211003T012104.758Z,9.4641,3.40035,97.085,31.2725,1484.934
20211003T012105.760Z,9.4641,3.40034,97.085,31.2724,1484.934
20211003T012106.759Z,9.4641,3.40034,97.085,31.2724,1484.934
20211003T012107.765Z,9.4642,3.40034,97.084,31.2724,1484.934
20211003T012108.757Z,9.4642,3.40033,97.085,31.2723,1484.934
20211003T012109.763Z,9.4641,3.40032,97.085,31.2722,1484.934
20211003T012110.757Z,9.4641,3.40033,97.085,31.2723,1484.934
20211003T012111.850Z,9.4641,3.40031,97.084,31.2721,1484.933
20211003T012112.758Z,9.464,3.40032,97.084,31.2723,1484.933
20211003T012113.759Z,9.4639,3.40033,97.085,31.2724,1484.933
20211003T012114.757Z,9.464,3.40032,97.084,31.2724,1484.933
20211003T012115.853Z,9.4639,3.40033,97.084,31.2725,1484.933
20211003T012116.757Z,9.464,3.40033,97.084,31.2724,1484.933
20211003T012117.826Z,9.4639,3.40034,97.084,31.2726,1484.933
20211003T012118.757Z,9.4639,3.40033,97.084,31.2725,1484.933
20211003T012119.834Z,9.4639,3.40033,97.084,31.2725,1484.933
20211003T012120.757Z,9.4638,3.40033,97.084,31.2726,1484.933
20211003T012121.789Z,9.4638,3.40032,97.085,31.2725,1484.933
20211003T012122.758Z,9.4639,3.40033,97.085,31.2724,1484.933
20211003T012123.759Z,9.4639,3.40034,97.084,31.2725,1484.933
20211003T012124.757Z,9.464,3.40034,97.084,31.2726,1484.933
20211003T012125.803Z,9.4639,3.40036,97.084,31.2727,1484.933
20211003T012126.757Z,9.464,3.40035,97.084,31.2726,1484.934
20211003T012127.762Z,9.4639,3.40035,97.084,31.2727,1484.933
20211003T012128.758Z,9.4638,3.40035,97.084,31.2728,1484.933
20211003T012129.821Z,9.4638,3.40033,97.084,31.2726,1484.933
20211003T012130.757Z,9.4638,3.40035,97.084,31.2727,1484.933
20211003T012131.765Z,9.4638,3.40034,97.085,31.2726,1484.933
20211003T012132.757Z,9.4638,3.40033,97.083,31.2726,1484.933
20211003T012133.773Z,9.4638,3.40034,97.084,31.2727,1484.933
20211003T012134.758Z,9.4638,3.40033,97.083,31.2726,1484.933
20211003T012135.760Z,9.4637,3.40033,97.084,31.2727,1484.933
20211003T012136.757Z,9.4637,3.40034,97.083,31.2727,1484.933
20211003T012137.784Z,9.4637,3.40033,97.083,31.2727,1484.933
20211003T012138.757Z,9.4637,3.40034,97.084,31.2728,1484.932
20211003T012139.833Z,9.4637,3.40033,97.083,31.2727,1484.933
20211003T012140.761Z,9.4637,3.40034,97.083,31.2727,1484.933
20211003T012141.773Z,9.4638,3.40033,97.083,31.2726,1484.933
20211003T012142.757Z,9.4637,3.40033,97.083,31.2726,1484.933
20211003T012143.764Z,9.4638,3.40032,97.083,31.2725,1484.933
20211003T012144.762Z,9.4638,3.40032,97.083,31.2724,1484.933
20211003T012145.778Z,9.4638,3.4003,97.083,31.2722,1484.932
20211003T012146.770Z,9.4639,3.40031,97.082,31.2723,1484.933
20211003T012147.846Z,9.4639,3.40031,97.083,31.2722,1484.933
20211003T012148.760Z,9.4639,3.4003,97.083,31.2722,1484.933
20211003T012149.822Z,9.4639,3.4003,97.084,31.2721,1484.933
20211003T012150.758Z,9.4639,3.40031,97.082,31.2723,1484.933
20211003T012151.759Z,9.4638,3.4003,97.083,31.2723,1484.933
20211003T012152.759Z,9.4639,3.40029,97.084,31.2721,1484.932
20211003T012153.908Z,9.4638,3.40031,97.082,31.2724,1484.932
20211003T012154.758Z,9.4639,3.4003,97.083,31.2722,1484.933
20211003T012155.801Z,9.4638,3.4003,97.083,31.2723,1484.932
20211003T012156.757Z,9.4638,3.40029,97.082,31.2721,1484.932
20211003T012157.784Z,9.4639,3.40031,97.084,31.2723,1484.933
20211003T012158.757Z,9.4638,3.40031,97.082,31.2724,1484.932
20211003T012159.770Z,9.4638,3.40032,97.083,31.2725,1484.933
20211003T012200.757Z,9.4638,3.40032,97.084,31.2725,1484.933
20211003T012201.781Z,9.4638,3.40033,97.083,31.2726,1484.933
20211003T012202.758Z,9.4638,3.40033,97.084,31.2725,1484.933
20211003T012203.802Z,9.4638,3.40032,97.083,31.2725,1484.933
20211003T012204.757Z,9.4637,3.40032,97.081,31.2726,1484.932
20211003T012205.803Z,9.4637,3.40031,97.082,31.2724,1484.932
20211003T012206.756Z,9.4637,3.40031,97.082,31.2725,1484.932
20211003T012207.825Z,9.4638,3.40031,97.083,31.2724,1484.932
20211003T012208.757Z,9.4638,3.4003,97.083,31.2723,1484.932
20211003T012209.771Z,9.4638,3.40031,97.082,31.2724,1484.932
20211003T012210.770Z,9.4638,3.40031,97.082,31.2724,1484.932
20211003T012211.762Z,9.4638,3.40032,97.082,31.2725,1484.933
20211003T012212.757Z,9.4639,3.40032,97.082,31.2725,1484.933
20211003T012213.798Z,9.4637,3.40032,97.083,31.2725,1484.932
20211003T012214.757Z,9.4638,3.40033,97.082,31.2726,1484.933
20211003T012215.789Z,9.4638,3.40033,97.082,31.2726,1484.933
20211003T012216.757Z,9.4638,3.40033,97.082,31.2726,1484.933
20211003T012217.760Z,9.4637,3.40032,97.082,31.2726,1484.932
20211003T012218.757Z,9.4638,3.40033,97.081,31.2726,1484.933
20211003T012219.765Z,9.4638,3.40033,97.081,31.2726,1484.933
20211003T012220.756Z,9.4637,3.40033,97.081,31.2727,1484.933
20211003T012221.761Z,9.4637,3.40033,97.083,31.2726,1484.933
20211003T012222.756Z,9.4637,3.40033,97.081,31.2727,1484.933
20211003T012223.806Z,9.4638,3.40033,97.082,31.2726,1484.933
20211003T012224.757Z,9.4638,3.40033,97.081,31.2726,1484.933
20211003T012225.773Z,9.4637,3.40032,97.081,31.2726,1484.932
20211003T012226.762Z,9.4637,3.40034,97.082,31.2727,1484.933
20211003T012227.782Z,9.4638,3.40033,97.082,31.2726,1484.933
20211003T012228.757Z,9.4639,3.40034,97.081,31.2727,1484.933
20211003T012229.761Z,9.4637,3.40034,97.082,31.2728,1484.933
20211003T012230.757Z,9.4637,3.40033,97.081,31.2727,1484.932
20211003T012231.846Z,9.4637,3.40034,97.082,31.2727,1484.933
20211003T012232.757Z,9.4637,3.40035,97.081,31.2728,1484.933
20211003T012233.783Z,9.4637,3.40036,97.082,31.2729,1484.933
20211003T012234.774Z,9.4637,3.40035,97.081,31.2729,1484.933
20211003T012235.836Z,9.4637,3.40035,97.081,31.2729,1484.933
20211003T012236.757Z,9.4637,3.40034,97.081,31.2727,1484.933
20211003T012237.762Z,9.4637,3.40033,97.081,31.2727,1484.932
20211003T012238.758Z,9.4637,3.40034,97.081,31.2727,1484.933
20211003T012239.761Z,9.4637,3.40034,97.082,31.2727,1484.933
20211003T012240.756Z,9.4637,3.40034,97.081,31.2728,1484.932
20211003T012241.775Z,9.4637,3.40033,97.081,31.2726,1484.933
20211003T012242.758Z,9.4637,3.40032,97.081,31.2726,1484.932
20211003T012243.780Z,9.4637,3.40033,97.081,31.2727,1484.932
20211003T012244.756Z,9.4637,3.40036,97.08,31.273,1484.933
20211003T012245.763Z,9.4637,3.40036,97.08,31.2729,1484.933
20211003T012246.756Z,9.4637,3.40037,97.08,31.273,1484.933
20211003T012247.770Z,9.4637,3.40037,97.081,31.273,1484.933
20211003T012248.758Z,9.4638,3.40037,97.08,31.273,1484.933
20211003T012249.786Z,9.4637,3.40036,97.08,31.2729,1484.933
20211003T012250.758Z,9.4637,3.40035,97.08,31.2729,1484.933
20211003T012251.777Z,9.4637,3.40036,97.08,31.273,1484.933
20211003T012252.758Z,9.4637,3.40035,97.08,31.2729,1484.933
20211003T012253.760Z,9.4637,3.40035,97.08,31.2729,1484.933
20211003T012254.757Z,9.4637,3.40036,97.08,31.273,1484.933
20211003T012255.824Z,9.4637,3.40034,97.08,31.2728,1484.933
20211003T012256.758Z,9.4638,3.40033,97.08,31.2726,1484.933
20211003T012257.803Z,9.4637,3.40033,97.081,31.2727,1484.933
20211003T012258.757Z,9.4638,3.40034,97.08,31.2727,1484.933
20211003T012259.778Z,9.4638,3.40034,97.08,31.2727,1484.933
20211003T012300.756Z,9.4638,3.40034,97.08,31.2727,1484.933
20211003T012301.758Z,9.4638,3.40034,97.08,31.2727,1484.933
20211003T012302.757Z,9.4638,3.40034,97.08,31.2727,1484.933
20211003T012303.765Z,9.4638,3.40033,97.079,31.2726,1484.933
20211003T012304.758Z,9.4638,3.40034,97.079,31.2727,1484.933
20211003T012305.758Z,9.4638,3.40033,97.08,31.2726,1484.933
20211003T012306.757Z,9.4638,3.40033,97.079,31.2726,1484.933
20211003T012307.759Z,9.4638,3.40035,97.079,31.2728,1484.933
20211003T012308.757Z,9.4638,3.40034,97.079,31.2727,1484.933
20211003T012309.792Z,9.4638,3.40034,97.079,31.2726,1484.933
20211003T012310.757Z,9.4638,3.40034,97.079,31.2727,1484.933
20211003T012311.856Z,9.4637,3.40034,97.079,31.2728,1484.933
20211003T012312.761Z,9.4638,3.40034,97.079,31.2727,1484.933
20211003T012313.823Z,9.4638,3.40036,97.079,31.2728,1484.933
20211003T012314.758Z,9.4637,3.40033,97.08,31.2727,1484.933
20211003T012315.767Z,9.4637,3.40035,97.079,31.2728,1484.933
20211003T012316.759Z,9.4637,3.40034,97.08,31.2727,1484.933
20211003T012317.787Z,9.4637,3.40034,97.079,31.2728,1484.933
20211003T012318.757Z,9.4637,3.40033,97.079,31.2727,1484.932
20211003T012319.805Z,9.4637,3.40033,97.079,31.2726,1484.932
20211003T012320.759Z,9.4637,3.40034,97.078,31.2728,1484.932
20211003T012321.769Z,9.4637,3.40034,97.077,31.2728,1484.932
20211003T012322.758Z,9.4637,3.40036,97.079,31.2729,1484.933
20211003T012323.815Z,9.4637,3.40035,97.078,31.2728,1484.933
20211003T012324.757Z,9.4638,3.40034,97.078,31.2727,1484.933
20211003T012325.800Z,9.4637,3.40034,97.078,31.2728,1484.933
20211003T012326.757Z,9.4638,3.40035,97.077,31.2728,1484.933
20211003T012327.759Z,9.4637,3.40034,97.078,31.2728,1484.933
20211003T012328.757Z,9.4638,3.40034,97.078,31.2727,1484.933
20211003T012329.764Z,9.4638,3.40034,97.078,31.2727,1484.933
20211003T012330.757Z,9.4638,3.40034,97.077,31.2727,1484.933
20211003T012331.808Z,9.4638,3.40033,97.077,31.2726,1484.933
20211003T012332.757Z,9.4638,3.40034,97.077,31.2727,1484.933
20211003T012333.803Z,9.4637,3.40034,97.078,31.2728,1484.933
20211003T012334.757Z,9.4637,3.40034,97.077,31.2728,1484.933
20211003T012335.829Z,9.4637,3.40034,97.078,31.2728,1484.932
20211003T012336.757Z,9.4637,3.40035,97.076,31.2729,1484.933
20211003T012337.842Z,9.4638,3.40036,97.077,31.2729,1484.933
20211003T012338.757Z,9.4638,3.40036,97.078,31.2729,1484.933
20211003T012339.762Z,9.4639,3.40035,97.077,31.2727,1484.933
20211003T012340.758Z,9.4638,3.40034,97.077,31.2727,1484.933
20211003T012341.817Z,9.4638,3.40035,97.077,31.2728,1484.933
20211003T012342.758Z,9.4638,3.40034,97.077,31.2727,1484.933
20211003T012343.777Z,9.4637,3.40036,97.077,31.2729,1484.933
20211003T012344.758Z,9.4637,3.40034,97.077,31.2728,1484.933
20211003T012345.795Z,9.4637,3.40033,97.077,31.2727,1484.932
20211003T012346.757Z,9.4638,3.40035,97.077,31.2728,1484.933
20211003T012347.790Z,9.4638,3.40036,97.077,31.2729,1484.933
20211003T012348.771Z,9.4638,3.40036,97.076,31.2729,1484.933
20211003T012349.761Z,9.4638,3.40037,97.077,31.273,1484.933
20211003T012350.758Z,9.4638,3.40036,97.077,31.2729,1484.933
20211003T012351.780Z,9.4638,3.40036,97.077,31.2729,1484.933
20211003T012352.756Z,9.4638,3.40036,97.076,31.2729,1484.933
20211003T012353.766Z,9.4638,3.40036,97.076,31.2729,1484.933
20211003T012354.761Z,9.4638,3.40036,97.076,31.2729,1484.933
20211003T012355.776Z,9.4639,3.40036,97.076,31.2728,1484.933
20211003T012356.756Z,9.4638,3.40034,97.076,31.2727,1484.933
20211003T012357.777Z,9.4638,3.40034,97.076,31.2727,1484.933
20211003T012358.761Z,9.4637,3.40036,97.076,31.2729,1484.933
20211003T012359.785Z,9.4638,3.40036,97.076,31.2729,1484.933
20211003T012400.756Z,9.4638,3.40037,97.077,31.273,1484.933
20211003T012401.812Z,9.4638,3.40039,97.075,31.2732,1484.934
20211003T012402.759Z,9.4639,3.40041,97.076,31.2734,1484.934
20211003T012403.794Z,9.4639,3.40042,97.076,31.2734,1484.934
20211003T012404.758Z,9.4639,3.40042,97.076,31.2734,1484.934
20211003T012405.805Z,9.464,3.40042,97.075,31.2733,1484.934
20211003T012406.758Z,9.4638,3.4004,97.076,31.2733,1484.933
20211003T012407.806Z,9.4638,3.40037,97.075,31.273,1484.933
20211003T012408.758Z,9.4637,3.40036,97.075,31.273,1484.933
20211003T012409.831Z,9.4637,3.40033,97.075,31.2727,1484.932
20211003T012410.758Z,9.4636,3.40033,97.074,31.2728,1484.932
20211003T012411.762Z,9.4636,3.40031,97.075,31.2725,1484.932
20211003T012412.771Z,9.4636,3.4003,97.075,31.2725,1484.932
20211003T012413.770Z,9.4635,3.40032,97.076,31.2728,1484.932
20211003T012414.757Z,9.4636,3.40032,97.075,31.2727,1484.932
20211003T012415.767Z,9.4636,3.40034,97.075,31.2729,1484.932
20211003T012416.757Z,9.4637,3.40036,97.075,31.273,1484.933
20211003T012417.771Z,9.4636,3.40035,97.075,31.273,1484.932
20211003T012418.757Z,9.4636,3.40035,97.074,31.273,1484.932
20211003T012419.788Z,9.4636,3.40037,97.075,31.2731,1484.933
20211003T012420.756Z,9.4636,3.40034,97.074,31.2729,1484.932
20211003T012421.832Z,9.4636,3.40034,97.074,31.2729,1484.932
20211003T012422.758Z,9.4636,3.40033,97.073,31.2728,1484.932
20211003T012423.834Z,9.4635,3.40031,97.074,31.2726,1484.932
20211003T012424.757Z,9.4634,3.40029,97.074,31.2725,1484.931
20211003T012425.762Z,9.4633,3.40027,97.073,31.2723,1484.931
20211003T012426.757Z,9.4634,3.40026,97.074,31.2722,1484.931
20211003T012427.776Z,9.4634,3.40027,97.074,31.2722,1484.931
20211003T012428.756Z,9.4636,3.40027,97.074,31.2722,1484.931
20211003T012429.788Z,9.4636,3.40028,97.073,31.2722,1484.932
20211003T012430.756Z,9.4637,3.40028,97.073,31.2721,1484.932
20211003T012431.791Z,9.4637,3.40028,97.073,31.2722,1484.932
20211003T012432.756Z,9.4638,3.40028,97.073,31.2721,1484.932
20211003T012433.785Z,9.4638,3.40028,97.074,31.2721,1484.932
20211003T012434.756Z,9.4638,3.40029,97.073,31.2722,1484.932
20211003T012435.812Z,9.4637,3.40028,97.074,31.2721,1484.932
20211003T012436.771Z,9.4637,3.40028,97.073,31.2721,1484.932
20211003T012437.761Z,9.4638,3.40029,97.074,31.2722,1484.932
20211003T012438.756Z,9.4638,3.40031,97.073,31.2723,1484.932
20211003T012439.843Z,9.4639,3.4003,97.073,31.2722,1484.932
20211003T012440.762Z,9.4639,3.4003,97.073,31.2722,1484.933
20211003T012441.774Z,9.4638,3.40028,97.074,31.272,1484.932
20211003T012442.757Z,9.4637,3.40028,97.073,31.2722,1484.932
20211003T012443.763Z,9.4637,3.40028,97.073,31.2722,1484.932
20211003T012444.763Z,9.4636,3.40028,97.073,31.2722,1484.932
20211003T012445.791Z,9.4637,3.40029,97.074,31.2723,1484.932
20211003T012446.757Z,9.4637,3.40029,97.072,31.2723,1484.932
20211003T012447.761Z,9.4638,3.4003,97.073,31.2723,1484.932
20211003T012448.759Z,9.4638,3.40029,97.072,31.2722,1484.932
20211003T012449.785Z,9.4637,3.40028,97.073,31.2721,1484.932
20211003T012450.756Z,9.4637,3.40028,97.072,31.2721,1484.932
20211003T012451.840Z,9.4636,3.40027,97.072,31.2721,1484.932
20211003T012452.759Z,9.4636,3.40026,97.071,31.2721,1484.931
20211003T012453.767Z,9.4636,3.40026,97.071,31.272,1484.931
20211003T012454.757Z,9.4635,3.40024,97.072,31.272,1484.931
20211003T012455.890Z,9.4636,3.40023,97.071,31.2718,1484.931
20211003T012456.756Z,9.4636,3.40025,97.072,31.2719,1484.931
20211003T012457.764Z,9.4635,3.40023,97.071,31.2719,1484.931
20211003T012458.757Z,9.4635,3.40026,97.072,31.2721,1484.931
20211003T012459.794Z,9.4634,3.40026,97.071,31.2722,1484.931
20211003T012500.757Z,9.4634,3.40027,97.071,31.2722,1484.931
20211003T012501.772Z,9.4636,3.40028,97.071,31.2723,1484.931
20211003T012502.758Z,9.4635,3.40029,97.072,31.2724,1484.931
20211003T012503.764Z,9.4635,3.4003,97.071,31.2725,1484.931
20211003T012504.758Z,9.4636,3.4003,97.071,31.2725,1484.932
20211003T012505.830Z,9.4636,3.4003,97.071,31.2725,1484.932
20211003T012506.758Z,9.4636,3.40029,97.07,31.2723,1484.932
20211003T012507.836Z,9.4636,3.4003,97.071,31.2724,1484.932
20211003T012508.758Z,9.4637,3.4003,97.071,31.2724,1484.932
20211003T012509.823Z,9.4637,3.4003,97.071,31.2724,1484.932
20211003T012510.758Z,9.4637,3.4003,97.071,31.2724,1484.932
20211003T012511.792Z,9.4636,3.4003,97.072,31.2725,1484.932
20211003T012512.758Z,9.4637,3.4003,97.07,31.2724,1484.932
20211003T012513.792Z,9.4637,3.4003,97.07,31.2724,1484.932
20211003T012514.758Z,9.4637,3.40032,97.071,31.2726,1484.932
20211003T012515.794Z,9.4637,3.40031,97.07,31.2724,1484.932
20211003T012516.758Z,9.4637,3.4003,97.07,31.2723,1484.932
20211003T012517.783Z,9.4637,3.4003,97.07,31.2724,1484.932
20211003T012518.756Z,9.4638,3.40031,97.07,31.2724,1484.932
20211003T012519.855Z,9.4638,3.4003,97.069,31.2723,1484.932
20211003T012520.757Z,9.4638,3.4003,97.069,31.2723,1484.932
20211003T012521.764Z,9.4638,3.4003,97.069,31.2723,1484.932
20211003T012522.756Z,9.4637,3.40031,97.07,31.2724,1484.932
20211003T012523.825Z,9.4638,3.40031,97.069,31.2724,1484.932
20211003T012524.757Z,9.4637,3.40032,97.07,31.2726,1484.932
20211003T012525.816Z,9.4637,3.40032,97.068,31.2725,1484.932
20211003T012526.761Z,9.4637,3.40033,97.069,31.2726,1484.932
20211003T012527.779Z,9.4637,3.40032,97.069,31.2726,1484.932
20211003T012528.757Z,9.4637,3.40033,97.07,31.2727,1484.932
20211003T012529.791Z,9.4637,3.40033,97.07,31.2727,1484.932
20211003T012530.758Z,9.4637,3.40033,97.069,31.2727,1484.932
20211003T012531.836Z,9.4638,3.40033,97.069,31.2726,1484.932
20211003T012532.758Z,9.4638,3.40034,97.069,31.2726,1484.933
20211003T012533.789Z,9.4639,3.40032,97.069,31.2724,1484.933
20211003T012534.760Z,9.4638,3.40033,97.068,31.2725,1484.933
20211003T012535.827Z,9.4639,3.40032,97.068,31.2725,1484.933
20211003T012536.763Z,9.4639,3.40033,97.069,31.2725,1484.933
20211003T012537.765Z,9.464,3.40032,97.069,31.2724,1484.933
20211003T012538.758Z,9.4639,3.40032,97.068,31.2724,1484.933
20211003T012539.802Z,9.4639,3.40032,97.068,31.2723,1484.933
20211003T012540.769Z,9.464,3.40032,97.068,31.2724,1484.933
20211003T012541.760Z,9.4639,3.40033,97.068,31.2725,1484.933
20211003T012542.758Z,9.464,3.40033,97.068,31.2725,1484.933
20211003T012543.776Z,9.4639,3.40033,97.068,31.2725,1484.933
20211003T012544.773Z,9.4638,3.40034,97.068,31.2727,1484.933
20211003T012545.760Z,9.4639,3.40036,97.068,31.2727,1484.933
20211003T012546.758Z,9.464,3.40035,97.068,31.2727,1484.933
20211003T012547.786Z,9.464,3.40035,97.068,31.2726,1484.933
20211003T012548.779Z,9.464,3.40036,97.068,31.2727,1484.933
20211003T012549.780Z,9.464,3.40032,97.068,31.2724,1484.933
20211003T012550.758Z,9.464,3.40032,97.068,31.2723,1484.933
20211003T012551.830Z,9.464,3.40033,97.067,31.2724,1484.933
20211003T012552.756Z,9.4639,3.40035,97.067,31.2727,1484.933
20211003T012553.824Z,9.4639,3.40034,97.068,31.2726,1484.933
20211003T012554.756Z,9.464,3.40035,97.067,31.2726,1484.933
20211003T012555.849Z,9.464,3.40036,97.067,31.2727,1484.933
20211003T012556.757Z,9.464,3.40035,97.067,31.2726,1484.933
20211003T012557.849Z,9.464,3.40036,97.068,31.2727,1484.933
20211003T012558.757Z,9.4639,3.40036,97.067,31.2728,1484.933
20211003T012559.831Z,9.464,3.40036,97.067,31.2727,1484.933
20211003T012600.758Z,9.464,3.40037,97.067,31.2728,1484.934
20211003T012601.790Z,9.464,3.40038,97.067,31.2729,1484.934
20211003T012602.758Z,9.464,3.40039,97.067,31.273,1484.934
20211003T012603.824Z,9.464,3.40038,97.066,31.2729,1484.934
20211003T012604.758Z,9.464,3.40038,97.067,31.2729,1484.934
20211003T012605.765Z,9.464,3.40039,97.066,31.273,1484.934
20211003T012606.758Z,9.464,3.40038,97.067,31.2729,1484.934
20211003T012607.773Z,9.4639,3.40035,97.066,31.2727,1484.933
20211003T012608.757Z,9.464,3.40036,97.066,31.2727,1484.933
20211003T012609.791Z,9.464,3.40034,97.067,31.2725,1484.933
20211003T012610.758Z,9.4639,3.40035,97.066,31.2727,1484.933
20211003T012611.843Z,9.464,3.40037,97.066,31.2728,1484.933
20211003T012612.761Z,9.464,3.40036,97.066,31.2728,1484.933
20211003T012613.814Z,9.464,3.40036,97.066,31.2727,1484.933
20211003T012614.771Z,9.464,3.40037,97.066,31.2728,1484.933
20211003T012615.761Z,9.464,3.40037,97.066,31.2728,1484.934
20211003T012616.758Z,9.464,3.40037,97.066,31.2728,1484.934
20211003T012617.818Z,9.464,3.40037,97.066,31.2728,1484.933
20211003T012618.757Z,9.464,3.40037,97.066,31.2728,1484.933
20211003T012619.786Z,9.464,3.40037,97.065,31.2728,1484.934
20211003T012620.758Z,9.4639,3.40036,97.065,31.2728,1484.933
20211003T012621.805Z,9.4639,3.40038,97.065,31.2729,1484.933
20211003T012622.757Z,9.4639,3.40036,97.064,31.2728,1484.933
20211003T012623.832Z,9.4639,3.40037,97.065,31.2728,1484.933
20211003T012624.758Z,9.464,3.40037,97.065,31.2728,1484.934
20211003T012625.761Z,9.464,3.40038,97.065,31.273,1484.934
20211003T012626.757Z,9.4639,3.40038,97.064,31.273,1484.933
20211003T012627.848Z,9.464,3.40037,97.065,31.2728,1484.934
20211003T012628.758Z,9.464,3.40037,97.064,31.2729,1484.933
20211003T012629.781Z,9.464,3.40037,97.064,31.2728,1484.933
20211003T012630.758Z,9.4639,3.40038,97.064,31.2729,1484.933
20211003T012631.843Z,9.464,3.40038,97.064,31.2729,1484.934
20211003T012632.758Z,9.464,3.40038,97.065,31.2729,1484.934
20211003T012633.778Z,9.4641,3.40039,97.064,31.2729,1484.934
20211003T012634.757Z,9.464,3.40039,97.064,31.273,1484.934
20211003T012635.821Z,9.4641,3.40041,97.064,31.2731,1484.934
20211003T012636.757Z,9.4641,3.4004,97.063,31.273,1484.934
20211003T012637.776Z,9.4641,3.40039,97.064,31.2729,1484.934
20211003T012638.771Z,9.4642,3.4004,97.063,31.2729,1484.934
20211003T012639.794Z,9.4641,3.4004,97.063,31.2731,1484.934
20211003T012640.758Z,9.4642,3.4004,97.065,31.273,1484.934
20211003T012641.852Z,9.4642,3.40039,97.064,31.2729,1484.934
20211003T012642.757Z,9.4641,3.40038,97.064,31.2728,1484.934
20211003T012643.770Z,9.4641,3.40037,97.064,31.2727,1484.934
20211003T012644.758Z,9.4641,3.40038,97.063,31.2728,1484.934
20211003T012645.762Z,9.464,3.4004,97.063,31.2731,1484.934
20211003T012646.757Z,9.464,3.40039,97.063,31.273,1484.934
20211003T012647.778Z,9.464,3.40041,97.063,31.2732,1484.934
20211003T012648.757Z,9.4641,3.40041,97.063,31.2732,1484.934
20211003T012649.857Z,9.464,3.40042,97.063,31.2733,1484.934
20211003T012650.756Z,9.464,3.40042,97.063,31.2733,1484.934
20211003T012651.824Z,9.4641,3.4004,97.064,31.2731,1484.934
20211003T012652.758Z,9.4641,3.40038,97.063,31.2729,1484.934
20211003T012653.795Z,9.4641,3.40039,97.063,31.273,1484.934
20211003T012654.761Z,9.4641,3.40039,97.064,31.273,1484.934
20211003T012655.760Z,9.464,3.4004,97.063,31.2731,1484.934
20211003T012656.758Z,9.4641,3.4004,97.063,31.273,1484.934
20211003T012657.760Z,9.4641,3.4004,97.063,31.273,1484.934
20211003T012658.762Z,9.4641,3.4004,97.061,31.273,1484.934
20211003T012659.820Z,9.4641,3.40041,97.062,31.2731,1484.934
20211003T012700.757Z,9.4641,3.40043,97.062,31.2733,1484.935
20211003T012701.774Z,9.4642,3.40043,97.062,31.2732,1484.935
20211003T012702.760Z,9.4641,3.40041,97.062,31.2731,1484.934
20211003T012703.856Z,9.4641,3.40041,97.062,31.2732,1484.934
20211003T012704.757Z,9.4641,3.40042,97.062,31.2732,1484.934
20211003T012705.760Z,9.4641,3.40041,97.062,31.2732,1484.934
20211003T012706.758Z,9.4642,3.40041,97.062,31.273,1484.934
20211003T012707.849Z,9.4642,3.40042,97.062,31.2731,1484.934
20211003T012708.757Z,9.4641,3.4004,97.062,31.273,1484.934
20211003T012709.822Z,9.4642,3.40041,97.062,31.2731,1484.934
20211003T012710.757Z,9.4641,3.40041,97.061,31.2731,1484.934
20211003T012711.826Z,9.4641,3.4004,97.061,31.273,1484.934
20211003T012712.757Z,9.4641,3.40039,97.061,31.2729,1484.934
20211003T012713.786Z,9.4641,3.40043,97.061,31.2733,1484.935
20211003T012714.757Z,9.4642,3.40043,97.061,31.2733,1484.935
20211003T012715.857Z,9.4642,3.40045,97.061,31.2734,1484.935
20211003T012716.756Z,9.4642,3.40045,97.061,31.2735,1484.935
20211003T012717.846Z,9.4642,3.40046,97.061,31.2735,1484.935
20211003T012718.757Z,9.4642,3.40045,97.061,31.2735,1484.935
20211003T012719.778Z,9.4641,3.40044,97.061,31.2734,1484.935
20211003T012720.757Z,9.4642,3.40042,97.06,31.2732,1484.935
20211003T012721.763Z,9.4641,3.40043,97.061,31.2733,1484.934
20211003T012722.758Z,9.4641,3.40041,97.06,31.2731,1484.934
20211003T012723.769Z,9.4641,3.40042,97.061,31.2733,1484.934
20211003T012724.757Z,9.4641,3.40043,97.059,31.2733,1484.935
20211003T012725.794Z,9.4642,3.40045,97.06,31.2735,1484.935
20211003T012726.758Z,9.4641,3.40046,97.06,31.2736,1484.935
20211003T012727.774Z,9.4642,3.40047,97.06,31.2737,1484.935
20211003T012728.756Z,9.4642,3.40047,97.06,31.2737,1484.935
20211003T012729.771Z,9.4641,3.40046,97.059,31.2736,1484.935
20211003T012730.758Z,9.4641,3.40044,97.06,31.2735,1484.935
20211003T012731.854Z,9.4642,3.40045,97.06,31.2735,1484.935
20211003T012732.758Z,9.4642,3.40046,97.06,31.2736,1484.935
20211003T012733.855Z,9.4642,3.40046,97.06,31.2735,1484.935
20211003T012734.757Z,9.4641,3.40045,97.059,31.2735,1484.935
20211003T012735.770Z,9.4641,3.40046,97.061,31.2736,1484.935
20211003T012736.757Z,9.4641,3.40046,97.06,31.2736,1484.935
20211003T012737.800Z,9.4641,3.40046,97.06,31.2737,1484.935
20211003T012738.757Z,9.4641,3.40046,97.059,31.2736,1484.935
20211003T012739.762Z,9.4642,3.40046,97.058,31.2736,1484.935
20211003T012740.763Z,9.4641,3.40044,97.059,31.2734,1484.935
20211003T012741.789Z,9.4641,3.40043,97.059,31.2734,1484.935
20211003T012742.758Z,9.4641,3.40043,97.058,31.2734,1484.935
20211003T012743.830Z,9.4641,3.40044,97.059,31.2734,1484.935
20211003T012744.757Z,9.4641,3.40044,97.059,31.2734,1484.935
20211003T012745.799Z,9.4641,3.40044,97.058,31.2735,1484.935
20211003T012746.757Z,9.4641,3.40046,97.059,31.2737,1484.935
20211003T012747.773Z,9.4641,3.40046,97.059,31.2736,1484.935
20211003T012748.760Z,9.4641,3.40047,97.058,31.2737,1484.935
20211003T012749.810Z,9.4641,3.40047,97.059,31.2738,1484.935
20211003T012750.757Z,9.4641,3.40047,97.058,31.2737,1484.935
20211003T012751.810Z,9.4641,3.40047,97.057,31.2737,1484.935
20211003T012752.758Z,9.4641,3.40048,97.058,31.2738,1484.935
20211003T012753.855Z,9.4642,3.40047,97.058,31.2737,1484.935
20211003T012754.757Z,9.4642,3.40048,97.057,31.2738,1484.935
20211003T012755.772Z,9.4641,3.40049,97.057,31.2739,1484.935
20211003T012756.757Z,9.4642,3.40049,97.058,31.2738,1484.935
20211003T012757.777Z,9.4641,3.40048,97.058,31.2738,1484.935
20211003T012758.757Z,9.4642,3.40048,97.058,31.2737,1484.935
20211003T012759.799Z,9.4642,3.40048,97.058,31.2738,1484.935
20211003T012800.757Z,9.4642,3.40047,97.058,31.2737,1484.935
20211003T012801.789Z,9.4642,3.40046,97.057,31.2736,1484.935
20211003T012802.759Z,9.4642,3.40047,97.057,31.2736,1484.935
20211003T012803.760Z,9.4642,3.40048,97.057,31.2737,1484.935
20211003T012804.757Z,9.4642,3.40046,97.057,31.2736,1484.935
20211003T012805.863Z,9.4641,3.40046,97.057,31.2736,1484.935
20211003T012806.757Z,9.4642,3.40047,97.056,31.2737,1484.935
20211003T012807.815Z,9.4641,3.40045,97.057,31.2736,1484.935
20211003T012808.759Z,9.4641,3.40044,97.056,31.2735,1484.935
20211003T012809.763Z,9.4642,3.40046,97.058,31.2735,1484.935
20211003T012810.757Z,9.4641,3.40047,97.057,31.2738,1484.935
20211003T012811.762Z,9.4642,3.40046,97.056,31.2736,1484.935
20211003T012812.758Z,9.4642,3.40046,97.056,31.2736,1484.935
20211003T012813.789Z,9.4641,3.40045,97.056,31.2736,1484.935
20211003T012814.757Z,9.4641,3.40046,97.056,31.2737,1484.935
20211003T012815.796Z,9.4641,3.40047,97.057,31.2737,1484.935
20211003T012816.770Z,9.4641,3.40046,97.056,31.2737,1484.935
20211003T012817.805Z,9.4642,3.40046,97.056,31.2735,1484.935
20211003T012818.757Z,9.4642,3.40046,97.055,31.2736,1484.935
20211003T012819.817Z,9.4642,3.40046,97.056,31.2735,1484.935
20211003T012820.757Z,9.4641,3.40046,97.056,31.2736,1484.935
20211003T012821.763Z,9.4642,3.40046,97.055,31.2736,1484.935
20211003T012822.758Z,9.4642,3.40046,97.055,31.2736,1484.935
20211003T012823.834Z,9.4642,3.40047,97.055,31.2736,1484.935
20211003T012824.757Z,9.4642,3.40047,97.054,31.2737,1484.935
20211003T012825.794Z,9.4642,3.40048,97.055,31.2737,1484.935
20211003T012826.763Z,9.4642,3.40047,97.055,31.2737,1484.935
20211003T012827.794Z,9.4642,3.40047,97.055,31.2737,1484.935
20211003T012828.759Z,9.4642,3.40048,97.055,31.2738,1484.935
20211003T012829.771Z,9.4643,3.40047,97.054,31.2737,1484.935
20211003T012830.759Z,9.4642,3.40047,97.054,31.2737,1484.935
20211003T012831.813Z,9.4643,3.40047,97.054,31.2735,1484.935
20211003T012832.757Z,9.4642,3.40047,97.055,31.2737,1484.935
20211003T012833.769Z,9.4642,3.40047,97.055,31.2737,1484.935
20211003T012834.761Z,9.4642,3.40048,97.055,31.2738,1484.935
20211003T012835.808Z,9.4643,3.40048,97.053,31.2737,1484.935
20211003T012836.757Z,9.4642,3.40047,97.053,31.2737,1484.935
20211003T012837.827Z,9.4642,3.40048,97.054,31.2738,1484.935
20211003T012838.759Z,9.4642,3.40047,97.054,31.2737,1484.935
20211003T012839.771Z,9.4643,3.40049,97.054,31.2738,1484.936
20211003T012840.771Z,9.4643,3.40047,97.054,31.2736,1484.935
20211003T012841.788Z,9.4642,3.40049,97.054,31.2738,1484.935
20211003T012842.758Z,9.4642,3.40048,97.053,31.2737,1484.935
20211003T012843.785Z,9.4643,3.40048,97.053,31.2737,1484.935
20211003T012844.757Z,9.4643,3.40048,97.053,31.2737,1484.935
20211003T012845.838Z,9.4642,3.40048,97.053,31.2738,1484.935
20211003T012846.757Z,9.4643,3.40049,97.053,31.2738,1484.936
20211003T012847.769Z,9.4642,3.40048,97.053,31.2737,1484.935
20211003T012848.758Z,9.4643,3.40049,97.053,31.2738,1484.936
20211003T012849.882Z,9.4642,3.40048,97.053,31.2737,1484.935
20211003T012850.758Z,9.4643,3.40047,97.053,31.2736,1484.935
20211003T012851.768Z,9.4643,3.40049,97.053,31.2738,1484.936
20211003T012852.758Z,9.4643,3.40049,97.053,31.2738,1484.936
20211003T012853.776Z,9.4644,3.40049,97.053,31.2737,1484.936
20211003T012854.757Z,9.4643,3.40049,97.052,31.2738,1484.936
20211003T012855.792Z,9.4643,3.40049,97.052,31.2738,1484.936
20211003T012856.758Z,9.4643,3.40049,97.051,31.2737,1484.936
20211003T012857.784Z,9.4643,3.40048,97.052,31.2737,1484.935
20211003T012858.758Z,9.4643,3.40048,97.052,31.2737,1484.936
20211003T012859.770Z,9.4643,3.40049,97.052,31.2737,1484.936
20211003T012900.757Z,9.4643,3.40049,97.051,31.2738,1484.936
20211003T012901.765Z,9.4644,3.40049,97.052,31.2737,1484.936
20211003T012902.757Z,9.4644,3.4005,97.053,31.2738,1484.936
20211003T012903.995Z,9.4644,3.4005,97.053,31.2739,1484.936
20211003T012904.772Z,9.4644,3.4005,97.051,31.2738,1484.936
20211003T012905.787Z,9.4644,3.4005,97.052,31.2738,1484.936
20211003T012906.757Z,9.4644,3.4005,97.052,31.2739,1484.936
20211003T012907.761Z,9.4643,3.4005,97.051,31.2739,1484.936
20211003T012908.761Z,9.4643,3.40051,97.052,31.2739,1484.936
20211003T012909.761Z,9.4643,3.4005,97.052,31.2738,1484.936
20211003T012910.757Z,9.4643,3.4005,97.051,31.2739,1484.936
20211003T012911.759Z,9.4642,3.40049,97.052,31.2738,1484.935
20211003T012912.762Z,9.4642,3.4005,97.052,31.2739,1484.935
20211003T012913.838Z,9.4643,3.4005,97.051,31.2739,1484.936
20211003T012914.758Z,9.4643,3.40049,97.052,31.2738,1484.936
20211003T012915.854Z,9.4643,3.4005,97.051,31.2738,1484.936
20211003T012916.759Z,9.4643,3.4005,97.051,31.2739,1484.936
20211003T012917.872Z,9.4643,3.4005,97.051,31.2739,1484.936
20211003T012918.756Z,9.4642,3.40049,97.051,31.2739,1484.936
20211003T012919.847Z,9.4642,3.4005,97.05,31.2739,1484.936
20211003T012920.759Z,9.4642,3.4005,97.05,31.2739,1484.936
20211003T012921.789Z,9.4643,3.4005,97.051,31.2739,1484.936
20211003T012922.758Z,9.4641,3.4005,97.05,31.2741,1484.935
20211003T012923.764Z,9.4642,3.4005,97.051,31.274,1484.935
20211003T012924.757Z,9.4642,3.4005,97.05,31.274,1484.936
20211003T012925.857Z,9.4642,3.4005,97.051,31.274,1484.936
20211003T012926.757Z,9.4642,3.40049,97.051,31.2739,1484.935
20211003T012927.763Z,9.4642,3.40049,97.05,31.2739,1484.935
20211003T012928.757Z,9.4642,3.4005,97.051,31.2739,1484.935
20211003T012929.834Z,9.4642,3.40049,97.05,31.2739,1484.935
20211003T012930.757Z,9.4642,3.40049,97.05,31.2739,1484.935
20211003T012931.872Z,9.4642,3.4005,97.05,31.2739,1484.935
20211003T012932.758Z,9.4643,3.4005,97.049,31.2739,1484.936
20211003T012933.829Z,9.4642,3.4005,97.049,31.274,1484.935
20211003T012934.757Z,9.4643,3.40049,97.049,31.2738,1484.936
20211003T012935.767Z,9.4642,3.40049,97.049,31.2738,1484.935
20211003T012936.757Z,9.4643,3.40049,97.05,31.2738,1484.936
20211003T012937.855Z,9.4643,3.40048,97.049,31.2737,1484.935
20211003T012938.757Z,9.4642,3.40048,97.049,31.2738,1484.935
20211003T012939.803Z,9.4641,3.40048,97.05,31.2738,1484.935
20211003T012940.758Z,9.4641,3.40047,97.048,31.2738,1484.935
20211003T012941.766Z,9.4641,3.40047,97.049,31.2738,1484.935
20211003T012942.758Z,9.4641,3.40047,97.048,31.2737,1484.935
20211003T012943.796Z,9.4641,3.40048,97.048,31.2738,1484.935
20211003T012944.757Z,9.4641,3.40048,97.048,31.2738,1484.935
20211003T012945.778Z,9.4642,3.40048,97.048,31.2738,1484.935
20211003T012946.759Z,9.4642,3.40048,97.048,31.2737,1484.935
20211003T012947.795Z,9.4643,3.40048,97.048,31.2737,1484.935
20211003T012948.756Z,9.4643,3.40049,97.047,31.2738,1484.935
20211003T012949.829Z,9.4643,3.40049,97.047,31.2738,1484.935
20211003T012950.758Z,9.4642,3.4005,97.047,31.274,1484.935
20211003T012951.782Z,9.4642,3.4005,97.047,31.2739,1484.935
20211003T012952.757Z,9.4643,3.4005,97.047,31.2739,1484.936
20211003T012953.794Z,9.4642,3.4005,97.048,31.274,1484.935
20211003T012954.763Z,9.4642,3.4005,97.047,31.274,1484.935
20211003T012955.837Z,9.4642,3.4005,97.047,31.274,1484.935
20211003T012956.758Z,9.4642,3.4005,97.047,31.274,1484.935
20211003T012957.762Z,9.4641,3.4005,97.046,31.274,1484.935
20211003T012958.763Z,9.4642,3.4005,97.046,31.274,1484.935
20211003T012959.760Z,9.4642,3.40051,97.046,31.2741,1484.935
20211003T013000.758Z,9.4641,3.4005,97.046,31.2741,1484.935
20211003T013001.770Z,9.4642,3.4005,97.046,31.274,1484.935
20211003T013002.760Z,9.4641,3.4005,97.048,31.274,1484.935
20211003T013003.777Z,9.4642,3.40048,97.047,31.2738,1484.935
20211003T013004.757Z,9.4642,3.40046,97.048,31.2736,1484.935
20211003T013005.793Z,9.4642,3.40047,97.047,31.2737,1484.935
20211003T013006.758Z,9.4641,3.40045,97.047,31.2735,1484.935
20211003T013007.914Z,9.464,3.40041,97.046,31.2732,1484.934
20211003T013008.757Z,9.4639,3.40041,97.046,31.2733,1484.934
20211003T013009.842Z,9.4639,3.40042,97.047,31.2735,1484.934
20211003T013010.758Z,9.4639,3.40043,97.046,31.2736,1484.934
20211003T013011.836Z,9.464,3.40044,97.047,31.2736,1484.934
20211003T013012.758Z,9.464,3.40046,97.046,31.2737,1484.934
20211003T013013.788Z,9.4641,3.40045,97.046,31.2735,1484.935
20211003T013014.758Z,9.4641,3.40044,97.047,31.2735,1484.934
20211003T013015.833Z,9.4641,3.40044,97.046,31.2735,1484.934
20211003T013016.757Z,9.4641,3.40045,97.046,31.2736,1484.935
20211003T013017.773Z,9.4641,3.40047,97.046,31.2737,1484.935
20211003T013018.771Z,9.4641,3.40047,97.046,31.2738,1484.935
20211003T013019.768Z,9.4641,3.40048,97.045,31.2738,1484.935
20211003T013020.962Z,9.4642,3.40048,97.046,31.2737,1484.935
20211003T013021.758Z,9.4642,3.40048,97.046,31.2737,1484.935
20211003T013022.757Z,9.4642,3.40048,97.045,31.2737,1484.935
20211003T013023.799Z,9.4643,3.40048,97.045,31.2737,1484.935
20211003T013024.757Z,9.4642,3.40048,97.045,31.2738,1484.935
20211003T013025.820Z,9.4642,3.40047,97.046,31.2737,1484.935
20211003T013026.757Z,9.4642,3.40046,97.046,31.2736,1484.935
20211003T013027.781Z,9.4642,3.40048,97.045,31.2738,1484.935
20211003T013028.757Z,9.4642,3.40049,97.045,31.2738,1484.935
20211003T013029.762Z,9.4642,3.40047,97.045,31.2737,1484.935
20211003T013030.756Z,9.4642,3.40046,97.045,31.2736,1484.935
20211003T013031.844Z,9.4641,3.40046,97.046,31.2737,1484.935
20211003T013032.757Z,9.4642,3.40045,97.045,31.2735,1484.935
20211003T013033.760Z,9.4642,3.40045,97.045,31.2735,1484.935
20211003T013034.758Z,9.4641,3.40046,97.044,31.2736,1484.935
20211003T013035.823Z,9.4641,3.40044,97.045,31.2735,1484.934
20211003T013036.757Z,9.4641,3.40046,97.045,31.2736,1484.935
20211003T013037.765Z,9.4642,3.40046,97.045,31.2736,1484.935
20211003T013038.757Z,9.4641,3.40046,97.045,31.2737,1484.935
20211003T013039.762Z,9.4642,3.40047,97.044,31.2737,1484.935
20211003T013040.761Z,9.4641,3.40047,97.045,31.2738,1484.935
20211003T013041.795Z,9.4642,3.40048,97.045,31.2737,1484.935
20211003T013042.772Z,9.4642,3.40048,97.044,31.2737,1484.935
20211003T013043.761Z,9.4642,3.40047,97.043,31.2737,1484.935
20211003T013044.758Z,9.4642,3.40048,97.044,31.2738,1484.935
20211003T013045.821Z,9.4642,3.40049,97.043,31.2738,1484.935
20211003T013046.757Z,9.4642,3.40049,97.044,31.2739,1484.935
20211003T013047.773Z,9.4642,3.40047,97.044,31.2737,1484.935
20211003T013048.759Z,9.4642,3.40047,97.043,31.2737,1484.935
20211003T013049.964Z,9.4641,3.40045,97.043,31.2736,1484.935
20211003T013050.757Z,9.4642,3.40046,97.043,31.2736,1484.935
20211003T013051.779Z,9.4641,3.40046,97.044,31.2736,1484.935
20211003T013052.757Z,9.4641,3.40047,97.044,31.2738,1484.935
20211003T013053.972Z,9.4642,3.40047,97.043,31.2737,1484.935
20211003T013054.757Z,9.4642,3.40047,97.043,31.2737,1484.935
20211003T013055.769Z,9.4642,3.40048,97.043,31.2737,1484.935
20211003T013056.757Z,9.4642,3.40047,97.042,31.2737,1484.935
20211003T013057.770Z,9.4642,3.40048,97.043,31.2738,1484.935
20211003T013058.756Z,9.4642,3.40049,97.043,31.2738,1484.935
20211003T013059.809Z,9.4642,3.40049,97.043,31.2738,1484.935
20211003T013100.756Z,9.4642,3.40049,97.043,31.2739,1484.935
20211003T013101.771Z,9.4642,3.40049,97.043,31.2738,1484.935
20211003T013102.757Z,9.4643,3.40049,97.042,31.2739,1484.935
20211003T013103.802Z,9.4642,3.40049,97.043,31.2739,1484.935
20211003T013104.758Z,9.4642,3.40049,97.042,31.2739,1484.935
20211003T013105.806Z,9.4642,3.4005,97.042,31.2739,1484.935
20211003T013106.770Z,9.4642,3.40049,97.042,31.2739,1484.935
20211003T013107.768Z,9.4642,3.40049,97.042,31.2739,1484.935
20211003T013108.758Z,9.4642,3.40049,97.042,31.2739,1484.935
20211003T013109.795Z,9.4642,3.4005,97.043,31.274,1484.935
20211003T013110.757Z,9.4642,3.40048,97.042,31.2738,1484.935
20211003T013111.764Z,9.4642,3.40047,97.042,31.2737,1484.935
20211003T013112.758Z,9.4642,3.40047,97.042,31.2736,1484.935
20211003T013113.847Z,9.4643,3.40048,97.041,31.2737,1484.935
20211003T013114.758Z,9.4642,3.40047,97.041,31.2737,1484.935
20211003T013115.791Z,9.4642,3.40048,97.041,31.2737,1484.935
20211003T013116.757Z,9.4642,3.40048,97.042,31.2737,1484.935
20211003T013117.765Z,9.4642,3.40047,97.042,31.2737,1484.935
20211003T013118.759Z,9.4642,3.40047,97.043,31.2736,1484.935
20211003T013119.809Z,9.4642,3.40047,97.041,31.2737,1484.935
20211003T013120.757Z,9.4643,3.40047,97.042,31.2736,1484.935
20211003T013121.796Z,9.4642,3.40048,97.042,31.2737,1484.935
20211003T013122.758Z,9.4643,3.40048,97.042,31.2737,1484.935
20211003T013123.788Z,9.4642,3.40048,97.041,31.2738,1484.935
20211003T013124.757Z,9.4642,3.40048,97.041,31.2738,1484.935
20211003T013125.803Z,9.4642,3.40049,97.042,31.2739,1484.935
20211003T013126.761Z,9.4642,3.40049,97.041,31.2739,1484.935
20211003T013127.760Z,9.4642,3.40049,97.041,31.2739,1484.935
20211003T013128.756Z,9.4642,3.40049,97.041,31.2739,1484.935
20211003T013129.764Z,9.4642,3.40049,97.041,31.2739,1484.935
20211003T013130.758Z,9.4642,3.40048,97.041,31.2738,1484.935
20211003T013131.808Z,9.4642,3.40048,97.04,31.2737,1484.935
20211003T013132.757Z,9.4642,3.40047,97.041,31.2737,1484.935
20211003T013133.762Z,9.4642,3.40047,97.041,31.2736,1484.935
20211003T013134.760Z,9.4642,3.40046,97.041,31.2736,1484.935
20211003T013135.788Z,9.4641,3.40044,97.041,31.2734,1484.934
20211003T013136.757Z,9.4641,3.40044,97.041,31.2735,1484.934
20211003T013137.795Z,9.4641,3.4004,97.041,31.2731,1484.934
20211003T013138.757Z,9.464,3.4004,97.041,31.2731,1484.934
20211003T013139.906Z,9.464,3.4004,97.04,31.2731,1484.933
20211003T013140.757Z,9.464,3.40043,97.041,31.2735,1484.934
20211003T013141.842Z,9.4641,3.40044,97.041,31.2734,1484.934
20211003T013142.757Z,9.4641,3.4004,97.04,31.273,1484.934
20211003T013143.763Z,9.464,3.40041,97.041,31.2732,1484.934
20211003T013144.758Z,9.464,3.4004,97.041,31.2731,1484.933
20211003T013145.822Z,9.464,3.40039,97.04,31.273,1484.933
20211003T013146.758Z,9.464,3.4004,97.041,31.2731,1484.934
20211003T013147.800Z,9.464,3.4004,97.04,31.2731,1484.933
20211003T013148.757Z,9.4641,3.40041,97.04,31.2732,1484.934
20211003T013149.776Z,9.4641,3.40042,97.04,31.2733,1484.934
20211003T013150.758Z,9.4641,3.40044,97.04,31.2735,1484.934
20211003T013151.770Z,9.4641,3.40042,97.04,31.2733,1484.934
20211003T013152.757Z,9.4641,3.40042,97.039,31.2732,1484.934
20211003T013153.758Z,9.4641,3.40042,97.039,31.2732,1484.934
20211003T013154.757Z,9.4641,3.40041,97.039,31.2732,1484.934
20211003T013155.787Z,9.4641,3.40042,97.04,31.2733,1484.934
20211003T013156.758Z,9.4642,3.40042,97.04,31.2732,1484.934
20211003T013157.786Z,9.4642,3.40042,97.04,31.2732,1484.934
20211003T013158.758Z,9.4641,3.40043,97.04,31.2733,1484.934
20211003T013159.857Z,9.4641,3.40042,97.039,31.2732,1484.934
20211003T013200.757Z,9.4641,3.40043,97.04,31.2734,1484.934
20211003T013201.796Z,9.4641,3.40042,97.039,31.2733,1484.934
20211003T013202.757Z,9.4641,3.40043,97.04,31.2733,1484.934
20211003T013203.774Z,9.4641,3.40044,97.04,31.2734,1484.934
20211003T013204.757Z,9.4641,3.40044,97.04,31.2735,1484.934
20211003T013205.775Z,9.4642,3.40045,97.04,31.2734,1484.935
20211003T013206.757Z,9.4642,3.40048,97.039,31.2737,1484.935
20211003T013207.776Z,9.4642,3.40047,97.039,31.2737,1484.935
20211003T013208.762Z,9.4642,3.40048,97.039,31.2738,1484.935
20211003T013209.767Z,9.4643,3.40048,97.039,31.2737,1484.935
20211003T013210.757Z,9.4643,3.40049,97.04,31.2739,1484.935
20211003T013211.777Z,9.4643,3.40049,97.039,31.2738,1484.935
20211003T013212.762Z,9.4643,3.40049,97.039,31.2738,1484.935
20211003T013213.777Z,9.4643,3.40049,97.039,31.2738,1484.935
20211003T013214.758Z,9.4643,3.40049,97.039,31.2737,1484.935
20211003T013215.782Z,9.4643,3.40049,97.039,31.2739,1484.935
20211003T013216.759Z,9.4643,3.40048,97.039,31.2737,1484.935
20211003T013217.782Z,9.4643,3.40049,97.039,31.2737,1484.935
20211003T013218.757Z,9.4643,3.40049,97.039,31.2737,1484.935
20211003T013219.790Z,9.4643,3.40048,97.039,31.2737,1484.935
20211003T013220.772Z,9.4643,3.4005,97.039,31.2739,1484.935
20211003T013221.840Z,9.4643,3.40049,97.039,31.2738,1484.935
20211003T013222.756Z,9.4643,3.40049,97.039,31.2738,1484.935
20211003T013223.768Z,9.4643,3.4005,97.038,31.2739,1484.935
20211003T013224.757Z,9.4643,3.40049,97.038,31.2738,1484.935
20211003T013225.761Z,9.4643,3.4005,97.039,31.2738,1484.936
20211003T013226.758Z,9.4643,3.40049,97.039,31.2738,1484.935
20211003T013227.789Z,9.4643,3.4005,97.039,31.2738,1484.936
20211003T013228.757Z,9.4643,3.4005,97.038,31.2739,1484.936
20211003T013229.771Z,9.4644,3.4005,97.038,31.2737,1484.936
20211003T013230.757Z,9.4643,3.4005,97.038,31.2739,1484.936
20211003T013231.771Z,9.4644,3.4005,97.038,31.2738,1484.936
20211003T013232.758Z,9.4644,3.40051,97.038,31.274,1484.936
20211003T013233.765Z,9.4643,3.4005,97.038,31.2738,1484.936
20211003T013234.757Z,9.4644,3.4005,97.038,31.2739,1484.936
20211003T013235.806Z,9.4644,3.4005,97.038,31.2738,1484.936
20211003T013236.757Z,9.4643,3.4005,97.038,31.2739,1484.936
20211003T013237.764Z,9.4644,3.4005,97.039,31.2738,1484.936
20211003T013238.757Z,9.4644,3.40051,97.037,31.274,1484.936
20211003T013239.772Z,9.4643,3.4005,97.038,31.2739,1484.936
20211003T013240.757Z,9.4643,3.4005,97.037,31.2738,1484.936
20211003T013241.830Z,9.4644,3.4005,97.038,31.2738,1484.936
20211003T013242.757Z,9.4643,3.4005,97.038,31.2739,1484.936
20211003T013243.783Z,9.4644,3.40051,97.037,31.2739,1484.936
20211003T013244.771Z,9.4643,3.40052,97.037,31.2741,1484.936
20211003T013245.829Z,9.4644,3.40051,97.038,31.2739,1484.936
20211003T013246.756Z,9.4643,3.40051,97.037,31.274,1484.936
20211003T013247.772Z,9.4644,3.40052,97.037,31.274,1484.936
20211003T013248.756Z,9.4644,3.4005,97.037,31.2738,1484.936
20211003T013249.792Z,9.4643,3.40049,97.037,31.2739,1484.935
20211003T013250.757Z,9.4642,3.40052,97.037,31.2741,1484.936
20211003T013251.764Z,9.4643,3.40052,97.038,31.2741,1484.936
20211003T013252.756Z,9.4643,3.40052,97.038,31.2741,1484.936
20211003T013253.785Z,9.4643,3.40051,97.037,31.274,1484.936
20211003T013254.762Z,9.4643,3.40051,97.037,31.274,1484.936
20211003T013255.800Z,9.4643,3.4005,97.038,31.2739,1484.936
20211003T013256.757Z,9.4644,3.4005,97.037,31.2738,1484.936
20211003T013257.763Z,9.4643,3.40047,97.037,31.2735,1484.935
20211003T013258.757Z,9.4643,3.40047,97.038,31.2736,1484.935
20211003T013259.807Z,9.4642,3.40046,97.036,31.2735,1484.935
20211003T013300.757Z,9.4643,3.40046,97.037,31.2735,1484.935
20211003T013301.794Z,9.4644,3.40047,97.037,31.2735,1484.935
20211003T013302.759Z,9.4644,3.40046,97.038,31.2734,1484.935
20211003T013303.786Z,9.4643,3.40044,97.038,31.2733,1484.935
20211003T013304.757Z,9.4643,3.40043,97.037,31.2732,1484.935
20211003T013305.847Z,9.4642,3.40044,97.038,31.2734,1484.935
20211003T013306.759Z,9.4643,3.40046,97.037,31.2735,1484.935
20211003T013307.765Z,9.4644,3.40047,97.036,31.2735,1484.935
20211003T013308.772Z,9.4644,3.40049,97.037,31.2737,1484.936
20211003T013309.786Z,9.4644,3.4005,97.037,31.2738,1484.936
20211003T013310.758Z,9.4644,3.40051,97.037,31.2739,1484.936
20211003T013311.769Z,9.4644,3.4005,97.037,31.2738,1484.936
20211003T013312.759Z,9.4644,3.4005,97.037,31.2738,1484.936
20211003T013313.766Z,9.4644,3.40049,97.037,31.2738,1484.936
20211003T013314.757Z,9.4644,3.4005,97.036,31.2738,1484.936
20211003T013315.775Z,9.4644,3.40051,97.036,31.2739,1484.936
20211003T013316.756Z,9.4644,3.40051,97.037,31.2739,1484.936
20211003T013317.765Z,9.4644,3.40052,97.037,31.274,1484.936
20211003T013318.757Z,9.4644,3.40051,97.037,31.2739,1484.936
20211003T013319.764Z,9.4644,3.40053,97.036,31.274,1484.936
20211003T013320.758Z,9.4644,3.40053,97.036,31.2741,1484.936
20211003T013321.764Z,9.4645,3.40052,97.036,31.2739,1484.936
20211003T013322.756Z,9.4644,3.40052,97.036,31.274,1484.936
20211003T013323.785Z,9.4644,3.40053,97.037,31.2741,1484.936
20211003T013324.757Z,9.4644,3.40053,97.037,31.2741,1484.936
20211003T013325.824Z,9.4644,3.40052,97.036,31.274,1484.936
20211003T013326.757Z,9.4644,3.40052,97.036,31.274,1484.936
20211003T013327.840Z,9.4643,3.40051,97.036,31.274,1484.936
20211003T013328.758Z,9.4644,3.40052,97.036,31.274,1484.936
20211003T013329.800Z,9.4644,3.40051,97.035,31.2739,1484.936
20211003T013330.757Z,9.4644,3.40052,97.037,31.274,1484.936
20211003T013331.802Z,9.4644,3.40051,97.036,31.2739,1484.936
20211003T013332.758Z,9.4644,3.40053,97.036,31.2741,1484.936
20211003T013333.839Z,9.4644,3.40051,97.036,31.2739,1484.936
20211003T013334.758Z,9.4644,3.40048,97.036,31.2736,1484.936
20211003T013335.766Z,9.4644,3.40048,97.036,31.2736,1484.936
20211003T013336.758Z,9.4644,3.40047,97.037,31.2736,1484.935
20211003T013337.788Z,9.4643,3.40047,97.036,31.2735,1484.935
20211003T013338.762Z,9.4643,3.40045,97.035,31.2734,1484.935
20211003T013339.763Z,9.4643,3.40042,97.035,31.2731,1484.935
20211003T013340.761Z,9.4642,3.40042,97.036,31.2731,1484.934
20211003T013341.810Z,9.4642,3.4004,97.036,31.273,1484.934
20211003T013342.767Z,9.4642,3.40041,97.036,31.2731,1484.934
20211003T013343.807Z,9.4642,3.40041,97.036,31.273,1484.934
20211003T013344.758Z,9.4642,3.40041,97.035,31.273,1484.934
20211003T013345.782Z,9.4642,3.4004,97.035,31.273,1484.934
20211003T013346.774Z,9.4642,3.4004,97.035,31.273,1484.934
20211003T013347.842Z,9.4642,3.40039,97.036,31.2729,1484.934
20211003T013348.759Z,9.4642,3.40037,97.035,31.2726,1484.934
20211003T013349.856Z,9.4641,3.40041,97.035,31.2731,1484.934
20211003T013350.780Z,9.4642,3.40043,97.034,31.2733,1484.934
20211003T013351.780Z,9.4642,3.40046,97.035,31.2736,1484.935
20211003T013352.757Z,9.4643,3.40047,97.035,31.2736,1484.935
20211003T013353.785Z,9.4643,3.40046,97.035,31.2735,1484.935
20211003T013354.757Z,9.4642,3.40041,97.035,31.273,1484.934
20211003T013355.758Z,9.4642,3.40038,97.035,31.2728,1484.934
20211003T013356.758Z,9.4641,3.40034,97.034,31.2724,1484.933
20211003T013357.853Z,9.4641,3.40036,97.035,31.2727,1484.933
20211003T013358.758Z,9.4641,3.40038,97.035,31.2728,1484.934
20211003T013359.781Z,9.4642,3.40039,97.034,31.2729,1484.934
20211003T013400.757Z,9.4641,3.40042,97.034,31.2732,1484.934
20211003T013401.835Z,9.4642,3.40043,97.035,31.2733,1484.934
20211003T013402.758Z,9.4642,3.40044,97.035,31.2734,1484.934
20211003T013403.778Z,9.4642,3.40042,97.035,31.2732,1484.934
20211003T013404.757Z,9.4642,3.40038,97.034,31.2728,1484.934
20211003T013405.812Z,9.4642,3.40035,97.035,31.2725,1484.933
20211003T013406.757Z,9.4641,3.40034,97.035,31.2725,1484.933
20211003T013407.768Z,9.464,3.40036,97.034,31.2726,1484.933
20211003T013408.757Z,9.4641,3.40036,97.034,31.2727,1484.933
20211003T013409.792Z,9.4642,3.40036,97.033,31.2726,1484.933
20211003T013410.757Z,9.4641,3.40038,97.035,31.2728,1484.934
20211003T013411.812Z,9.4641,3.40036,97.034,31.2726,1484.933
20211003T013412.757Z,9.4641,3.40032,97.034,31.2722,1484.933
20211003T013413.786Z,9.4641,3.40036,97.034,31.2726,1484.933
20211003T013414.757Z,9.4641,3.40036,97.034,31.2726,1484.933
20211003T013415.814Z,9.4641,3.40035,97.034,31.2726,1484.933
20211003T013416.757Z,9.4641,3.40034,97.033,31.2724,1484.933
20211003T013417.833Z,9.464,3.40033,97.034,31.2724,1484.933
20211003T013418.757Z,9.4641,3.40037,97.034,31.2728,1484.933
20211003T013419.846Z,9.4641,3.40033,97.034,31.2723,1484.933
20211003T013420.757Z,9.4641,3.40026,97.033,31.2717,1484.932
20211003T013421.871Z,9.4641,3.40023,97.033,31.2714,1484.932
20211003T013422.761Z,9.464,3.40024,97.033,31.2714,1484.932
20211003T013423.859Z,9.4641,3.40025,97.033,31.2715,1484.932
20211003T013424.758Z,9.464,3.40026,97.034,31.2716,1484.932
20211003T013425.800Z,9.4641,3.40028,97.035,31.2718,1484.932
20211003T013426.762Z,9.464,3.40028,97.033,31.2718,1484.932
20211003T013427.796Z,9.4641,3.40022,97.033,31.2712,1484.932
20211003T013428.759Z,9.464,3.40019,97.033,31.271,1484.931
20211003T013429.830Z,9.4639,3.40022,97.034,31.2713,1484.931
20211003T013430.759Z,9.4639,3.40026,97.033,31.2718,1484.931
20211003T013431.809Z,9.464,3.40031,97.033,31.2723,1484.932
20211003T013432.757Z,9.4641,3.40031,97.033,31.2722,1484.932
20211003T013433.789Z,9.4641,3.40034,97.033,31.2725,1484.933
20211003T013434.759Z,9.4641,3.40035,97.033,31.2725,1484.933
20211003T013435.759Z,9.4641,3.40036,97.032,31.2726,1484.933
20211003T013436.758Z,9.4641,3.40034,97.033,31.2724,1484.933
20211003T013437.840Z,9.4641,3.40033,97.032,31.2723,1484.933
20211003T013438.757Z,9.464,3.40035,97.032,31.2726,1484.933
20211003T013439.796Z,9.4641,3.40036,97.033,31.2727,1484.933
20211003T013440.757Z,9.464,3.40034,97.033,31.2726,1484.933
20211003T013441.767Z,9.464,3.40036,97.033,31.2726,1484.933
20211003T013442.757Z,9.4641,3.40036,97.034,31.2727,1484.933
20211003T013443.760Z,9.4641,3.40036,97.032,31.2727,1484.933
20211003T013444.756Z,9.4641,3.40036,97.033,31.2726,1484.933
20211003T013445.769Z,9.4641,3.40038,97.032,31.2728,1484.933
20211003T013446.771Z,9.4642,3.40038,97.032,31.2728,1484.934
20211003T013447.823Z,9.4642,3.4004,97.032,31.2729,1484.934
20211003T013448.757Z,9.4641,3.4004,97.033,31.273,1484.934
20211003T013449.832Z,9.4641,3.40039,97.032,31.273,1484.934
20211003T013450.757Z,9.4641,3.4004,97.032,31.273,1484.934
20211003T013451.783Z,9.4641,3.40042,97.032,31.2732,1484.934
20211003T013452.758Z,9.4642,3.40042,97.032,31.2732,1484.934
20211003T013453.853Z,9.4641,3.40041,97.033,31.2731,1484.934
20211003T013454.757Z,9.4642,3.40041,97.032,31.273,1484.934
20211003T013455.773Z,9.4642,3.40042,97.031,31.2732,1484.934
20211003T013456.757Z,9.4641,3.40039,97.032,31.2729,1484.933
20211003T013457.849Z,9.4641,3.40042,97.032,31.2732,1484.934
20211003T013458.757Z,9.4642,3.40044,97.032,31.2734,1484.934
20211003T013459.781Z,9.4642,3.40043,97.033,31.2733,1484.934
20211003T013500.757Z,9.4643,3.40043,97.032,31.2732,1484.935
20211003T013501.760Z,9.4642,3.40044,97.032,31.2733,1484.934
20211003T013502.757Z,9.4642,3.40044,97.032,31.2733,1484.934
20211003T013503.790Z,9.4643,3.40045,97.031,31.2734,1484.935
20211003T013504.756Z,9.4643,3.40046,97.032,31.2735,1484.935
20211003T013505.773Z,9.4642,3.40047,97.031,31.2737,1484.935
20211003T013506.757Z,9.4643,3.40046,97.032,31.2735,1484.935
20211003T013507.784Z,9.4643,3.40047,97.031,31.2736,1484.935
20211003T013508.762Z,9.4644,3.40047,97.031,31.2735,1484.935
20211003T013509.845Z,9.4643,3.40047,97.03,31.2736,1484.935
20211003T013510.771Z,9.4644,3.40047,97.032,31.2736,1484.935
20211003T013511.845Z,9.4643,3.40047,97.031,31.2736,1484.935
20211003T013512.762Z,9.4643,3.40046,97.031,31.2735,1484.935
20211003T013513.790Z,9.4643,3.40043,97.031,31.2733,1484.934
20211003T013514.758Z,9.4643,3.40042,97.031,31.2731,1484.934
20211003T013515.819Z,9.4643,3.40044,97.031,31.2733,1484.934
20211003T013516.760Z,9.4642,3.40047,97.031,31.2737,1484.935
20211003T013517.839Z,9.4643,3.40048,97.031,31.2737,1484.935
20211003T013518.756Z,9.4644,3.40048,97.03,31.2736,1484.935
20211003T013519.780Z,9.4644,3.40048,97.031,31.2737,1484.935
20211003T013520.758Z,9.4643,3.40049,97.031,31.2737,1484.935
20211003T013521.791Z,9.4644,3.40049,97.031,31.2737,1484.935
20211003T013522.757Z,9.4644,3.40049,97.031,31.2737,1484.936
20211003T013523.759Z,9.4644,3.4005,97.031,31.2738,1484.936
20211003T013524.757Z,9.4644,3.40051,97.031,31.2739,1484.936
20211003T013525.763Z,9.4644,3.40051,97.03,31.274,1484.936
20211003T013526.757Z,9.4644,3.40051,97.03,31.2739,1484.936
20211003T013527.831Z,9.4644,3.40051,97.03,31.2739,1484.936
20211003T013528.757Z,9.4644,3.40049,97.03,31.2737,1484.936
20211003T013529.764Z,9.4644,3.40047,97.03,31.2736,1484.935
20211003T013530.758Z,9.4643,3.40047,97.03,31.2737,1484.935
20211003T013531.773Z,9.4643,3.40047,97.029,31.2736,1484.935
20211003T013532.756Z,9.4643,3.40047,97.028,31.2736,1484.935
20211003T013533.850Z,9.4643,3.40045,97.03,31.2735,1484.935
20211003T013534.758Z,9.4642,3.40044,97.03,31.2734,1484.934
20211003T013535.820Z,9.4644,3.40047,97.03,31.2735,1484.935
20211003T013536.757Z,9.4644,3.40047,97.029,31.2735,1484.935
20211003T013537.848Z,9.4644,3.40047,97.03,31.2735,1484.935
20211003T013538.758Z,9.4644,3.40048,97.03,31.2736,1484.935
20211003T013539.815Z,9.4644,3.40049,97.029,31.2737,1484.935
20211003T013540.756Z,9.4644,3.4005,97.029,31.2738,1484.936
20211003T013541.790Z,9.4644,3.4005,97.029,31.2738,1484.936
20211003T013542.756Z,9.4644,3.4005,97.029,31.2738,1484.936
20211003T013543.803Z,9.4644,3.4005,97.029,31.2738,1484.936
20211003T013544.756Z,9.4644,3.40049,97.03,31.2737,1484.936
20211003T013545.911Z,9.4644,3.4005,97.029,31.2738,1484.936
20211003T013546.757Z,9.4644,3.40047,97.028,31.2735,1484.935
20211003T013547.786Z,9.4643,3.40044,97.03,31.2733,1484.935
20211003T013548.757Z,9.4642,3.40044,97.029,31.2733,1484.934
20211003T013549.832Z,9.4643,3.40043,97.029,31.2733,1484.934
20211003T013550.756Z,9.4643,3.40045,97.028,31.2734,1484.935
20211003T013551.783Z,9.4643,3.40046,97.029,31.2735,1484.935
20211003T013552.757Z,9.4643,3.40045,97.028,31.2734,1484.935
20211003T013553.847Z,9.4643,3.40044,97.028,31.2733,1484.935
20211003T013554.763Z,9.4643,3.40044,97.029,31.2733,1484.935
20211003T013555.779Z,9.4643,3.40043,97.027,31.2732,1484.934
20211003T013556.760Z,9.4643,3.40042,97.028,31.2731,1484.934
20211003T013557.763Z,9.4642,3.40042,97.028,31.2732,1484.934
20211003T013558.759Z,9.4642,3.40041,97.029,31.273,1484.934
20211003T013559.813Z,9.4642,3.4004,97.027,31.273,1484.934
20211003T013600.764Z,9.4643,3.40039,97.027,31.2727,1484.934
20211003T013601.769Z,9.4642,3.40037,97.027,31.2727,1484.933
20211003T013602.765Z,9.4643,3.40039,97.027,31.2728,1484.934
20211003T013603.812Z,9.4643,3.40042,97.027,31.2731,1484.934
20211003T013604.764Z,9.4642,3.40041,97.027,31.2731,1484.934
20211003T013605.814Z,9.4643,3.40043,97.027,31.2731,1484.935
20211003T013606.763Z,9.4643,3.40043,97.028,31.2731,1484.935
20211003T013607.827Z,9.4643,3.40042,97.028,31.2731,1484.934
20211003T013608.763Z,9.4643,3.40043,97.027,31.2731,1484.935
20211003T013609.868Z,9.4643,3.40043,97.027,31.2731,1484.935
20211003T013610.964Z,9.4643,3.40043,97.027,31.2732,1484.934
20211003T013611.793Z,9.4643,3.40044,97.027,31.2733,1484.935
20211003T013612.763Z,9.4643,3.40042,97.028,31.2731,1484.934
20211003T013613.843Z,9.4643,3.40043,97.028,31.2732,1484.935
20211003T013614.764Z,9.4643,3.40043,97.026,31.2731,1484.935
20211003T013615.815Z,9.4643,3.40044,97.026,31.2733,1484.935
20211003T013616.764Z,9.4643,3.40043,97.026,31.2733,1484.934
20211003T013617.768Z,9.4643,3.40044,97.027,31.2732,1484.935
20211003T013618.764Z,9.4643,3.40044,97.027,31.2733,1484.935
20211003T013619.780Z,9.4643,3.40045,97.027,31.2733,1484.935
20211003T013620.763Z,9.4643,3.40044,97.026,31.2733,1484.935
20211003T013621.841Z,9.4644,3.40044,97.026,31.2732,1484.935
20211003T013622.763Z,9.4644,3.40045,97.026,31.2734,1484.935
20211003T013623.847Z,9.4644,3.40046,97.026,31.2734,1484.935
20211003T013624.764Z,9.4643,3.40046,97.027,31.2735,1484.935
20211003T013625.777Z,9.4644,3.40046,97.026,31.2734,1484.935
20211003T013626.762Z,9.4643,3.40045,97.026,31.2734,1484.935
20211003T013627.815Z,9.4644,3.40046,97.026,31.2734,1484.935
20211003T013628.763Z,9.4643,3.40046,97.026,31.2734,1484.935
20211003T013629.801Z,9.4644,3.40045,97.026,31.2733,1484.935
20211003T013630.762Z,9.4643,3.40046,97.027,31.2734,1484.935
20211003T013631.764Z,9.4644,3.40046,97.026,31.2735,1484.935
20211003T013632.763Z,9.4644,3.40045,97.026,31.2734,1484.935
20211003T013633.770Z,9.4644,3.40044,97.026,31.2733,1484.935
20211003T013634.762Z,9.4644,3.40045,97.026,31.2733,1484.935
20211003T013635.831Z,9.4643,3.40046,97.027,31.2735,1484.935
20211003T013636.764Z,9.4644,3.40046,97.026,31.2735,1484.935
20211003T013637.851Z,9.4643,3.40046,97.026,31.2734,1484.935
20211003T013638.764Z,9.4643,3.40046,97.025,31.2735,1484.935
20211003T013639.803Z,9.4643,3.40046,97.026,31.2735,1484.935
20211003T013640.767Z,9.4644,3.40047,97.026,31.2735,1484.935
20211003T013641.792Z,9.4644,3.40048,97.026,31.2736,1484.935
20211003T013642.763Z,9.4644,3.40048,97.025,31.2736,1484.935
20211003T013643.764Z,9.4644,3.40048,97.025,31.2736,1484.935
20211003T013644.765Z,9.4644,3.40049,97.026,31.2737,1484.935
20211003T013645.776Z,9.4644,3.40049,97.026,31.2737,1484.936
20211003T013646.771Z,9.4644,3.4005,97.025,31.2738,1484.936
20211003T013647.773Z,9.4644,3.4005,97.026,31.2738,1484.936
20211003T013648.786Z,9.4644,3.4005,97.026,31.2738,1484.936
20211003T013649.787Z,9.4644,3.4005,97.026,31.2739,1484.936
20211003T013650.771Z,9.4644,3.4005,97.026,31.2738,1484.936
20211003T013651.774Z,9.4643,3.4005,97.026,31.2739,1484.935
20211003T013652.770Z,9.4644,3.4005,97.026,31.2739,1484.936
20211003T013653.771Z,9.4644,3.4005,97.025,31.2737,1484.936
20211003T013654.770Z,9.4644,3.4005,97.025,31.2737,1484.936
20211003T013655.834Z,9.4644,3.4005,97.025,31.2738,1484.936
20211003T013656.768Z,9.4644,3.40049,97.025,31.2737,1484.935
20211003T013657.776Z,9.4644,3.4005,97.025,31.2738,1484.935
20211003T013658.769Z,9.4644,3.4005,97.025,31.2738,1484.936
20211003T013659.776Z,9.4644,3.40049,97.026,31.2737,1484.935
20211003T013700.769Z,9.4644,3.40048,97.024,31.2736,1484.935
20211003T013701.853Z,9.4644,3.40049,97.025,31.2737,1484.935
20211003T013702.769Z,9.4644,3.4005,97.024,31.2737,1484.936
20211003T013703.811Z,9.4644,3.40049,97.025,31.2737,1484.936
20211003T013704.769Z,9.4644,3.4005,97.025,31.2738,1484.936
20211003T013705.781Z,9.4644,3.4005,97.025,31.2737,1484.936
20211003T013706.771Z,9.4644,3.4005,97.025,31.2738,1484.936
20211003T013707.779Z,9.4644,3.40051,97.025,31.2739,1484.936
20211003T013708.769Z,9.4644,3.40051,97.024,31.2739,1484.936
20211003T013709.854Z,9.4644,3.4005,97.024,31.2738,1484.936
20211003T013710.769Z,9.4644,3.40049,97.024,31.2737,1484.936
20211003T013711.835Z,9.4644,3.4005,97.024,31.2738,1484.936
20211003T013712.784Z,9.4644,3.4005,97.024,31.2738,1484.936
20211003T013713.794Z,9.4644,3.40051,97.024,31.2739,1484.936
20211003T013714.769Z,9.4644,3.4005,97.023,31.2738,1484.936
20211003T013715.790Z,9.4644,3.4005,97.024,31.2738,1484.935
20211003T013716.769Z,9.4643,3.4005,97.024,31.2739,1484.935
20211003T013717.774Z,9.4643,3.40049,97.024,31.2738,1484.935
20211003T013718.771Z,9.4644,3.40049,97.024,31.2737,1484.935
20211003T013719.872Z,9.4645,3.40049,97.024,31.2736,1484.936
20211003T013720.769Z,9.4644,3.40049,97.023,31.2737,1484.935
20211003T013721.902Z,9.4644,3.40048,97.023,31.2736,1484.935
20211003T013722.773Z,9.4644,3.40049,97.022,31.2737,1484.935
20211003T013723.773Z,9.4644,3.40049,97.023,31.2737,1484.936
20211003T013724.770Z,9.4644,3.4005,97.023,31.2738,1484.936
20211003T013725.795Z,9.4644,3.4005,97.023,31.2738,1484.935
20211003T013726.774Z,9.4643,3.4005,97.023,31.2739,1484.935
20211003T013727.773Z,9.4644,3.4005,97.022,31.2738,1484.935
20211003T013728.769Z,9.4644,3.40049,97.022,31.2737,1484.935
20211003T013729.783Z,9.4644,3.40047,97.023,31.2735,1484.935
20211003T013730.772Z,9.4644,3.40048,97.023,31.2736,1484.935
20211003T013731.801Z,9.4644,3.40048,97.023,31.2736,1484.935
20211003T013732.770Z,9.4644,3.40048,97.023,31.2736,1484.935
20211003T013733.774Z,9.4644,3.40047,97.022,31.2735,1484.935
20211003T013734.771Z,9.4644,3.40048,97.022,31.2737,1484.935
20211003T013735.885Z,9.4644,3.40049,97.022,31.2737,1484.935
20211003T013736.784Z,9.4644,3.40048,97.021,31.2736,1484.935
20211003T013737.788Z,9.4644,3.40049,97.022,31.2737,1484.935
20211003T013738.769Z,9.4645,3.40049,97.023,31.2737,1484.936
20211003T013739.774Z,9.4644,3.40049,97.023,31.2737,1484.935
20211003T013740.770Z,9.4644,3.40049,97.022,31.2737,1484.935
20211003T013741.833Z,9.4644,3.40049,97.022,31.2737,1484.935
20211003T013742.771Z,9.4644,3.4005,97.022,31.2738,1484.935
20211003T013743.779Z,9.4644,3.4005,97.022,31.2737,1484.936
20211003T013744.771Z,9.4644,3.4005,97.021,31.2738,1484.935
20211003T013745.874Z,9.4644,3.4005,97.022,31.2738,1484.936
20211003T013746.771Z,9.4644,3.4005,97.022,31.2738,1484.936
20211003T013747.800Z,9.4644,3.4005,97.022,31.2738,1484.936
20211003T013748.770Z,9.4644,3.4005,97.02,31.2739,1484.936
20211003T013749.783Z,9.4644,3.4005,97.021,31.2738,1484.935
20211003T013750.768Z,9.4644,3.4005,97.021,31.2737,1484.936
20211003T013751.828Z,9.4644,3.4005,97.021,31.2737,1484.936
20211003T013752.770Z,9.4643,3.4005,97.021,31.2739,1484.935
20211003T013753.855Z,9.4644,3.4005,97.02,31.2738,1484.935
20211003T013754.770Z,9.4644,3.4005,97.021,31.2738,1484.935
20211003T013755.869Z,9.4644,3.4005,97.021,31.2738,1484.936
20211003T013756.771Z,9.4644,3.4005,97.021,31.2738,1484.935
20211003T013757.817Z,9.4644,3.40049,97.022,31.2736,1484.935
20211003T013758.769Z,9.4644,3.4005,97.021,31.2738,1484.936
20211003T013759.842Z,9.4644,3.40049,97.021,31.2738,1484.935
20211003T013800.769Z,9.4644,3.4005,97.021,31.2738,1484.936
20211003T013801.799Z,9.4644,3.4005,97.02,31.2738,1484.936
20211003T013802.770Z,9.4644,3.40049,97.02,31.2737,1484.935
20211003T013803.840Z,9.4644,3.40049,97.02,31.2737,1484.935
20211003T013804.770Z,9.4644,3.40048,97.02,31.2736,1484.935
20211003T013805.816Z,9.4644,3.40046,97.02,31.2733,1484.935
20211003T013806.770Z,9.4644,3.40046,97.02,31.2734,1484.935
20211003T013807.789Z,9.4644,3.40046,97.02,31.2734,1484.935
20211003T013808.774Z,9.4644,3.40047,97.02,31.2735,1484.935
20211003T013809.797Z,9.4644,3.40047,97.019,31.2735,1484.935
20211003T013810.771Z,9.4643,3.40048,97.02,31.2736,1484.935
20211003T013811.770Z,9.4643,3.40047,97.02,31.2736,1484.935
20211003T013812.770Z,9.4643,3.40047,97.019,31.2736,1484.935
20211003T013813.793Z,9.4644,3.40048,97.02,31.2737,1484.935
20211003T013814.770Z,9.4643,3.40048,97.02,31.2737,1484.935
20211003T013815.776Z,9.4644,3.40049,97.02,31.2737,1484.935
20211003T013816.771Z,9.4644,3.40049,97.02,31.2737,1484.935
20211003T013817.789Z,9.4644,3.40049,97.019,31.2737,1484.935
20211003T013818.769Z,9.4644,3.4005,97.02,31.2737,1484.936
20211003T013819.792Z,9.4644,3.40049,97.02,31.2738,1484.935
20211003T013820.771Z,9.4644,3.4005,97.02,31.2738,1484.935
20211003T013821.832Z,9.4643,3.40049,97.019,31.2738,1484.935
20211003T013822.769Z,9.4644,3.40048,97.02,31.2736,1484.935
20211003T013823.808Z,9.4645,3.40048,97.019,31.2735,1484.936
20211003T013824.769Z,9.4644,3.40049,97.019,31.2737,1484.936
20211003T013825.792Z,9.4644,3.40048,97.019,31.2735,1484.935
20211003T013826.769Z,9.4644,3.40048,97.019,31.2737,1484.935
20211003T013827.779Z,9.4644,3.40047,97.019,31.2735,1484.935
20211003T013828.769Z,9.4644,3.40048,97.019,31.2736,1484.935
20211003T013829.827Z,9.4644,3.40049,97.019,31.2737,1484.936
20211003T013830.769Z,9.4645,3.40047,97.019,31.2734,1484.935
20211003T013831.774Z,9.4644,3.40048,97.019,31.2736,1484.935
20211003T013832.771Z,9.4644,3.40048,97.019,31.2736,1484.935
20211003T013833.811Z,9.4644,3.40049,97.018,31.2736,1484.935
20211003T013834.771Z,9.4645,3.40049,97.019,31.2736,1484.936
20211003T013835.796Z,9.4645,3.40049,97.019,31.2736,1484.936
20211003T013836.771Z,9.4645,3.40049,97.019,31.2736,1484.936
20211003T013837.777Z,9.4644,3.40048,97.019,31.2736,1484.935
20211003T013838.771Z,9.4645,3.40049,97.018,31.2736,1484.936
20211003T013839.780Z,9.4645,3.4005,97.019,31.2738,1484.936
20211003T013840.770Z,9.4644,3.4005,97.019,31.2737,1484.936
20211003T013841.781Z,9.4644,3.40049,97.018,31.2737,1484.935
20211003T013842.771Z,9.4644,3.40049,97.018,31.2737,1484.935
20211003T013843.814Z,9.4644,3.40049,97.018,31.2737,1484.935
20211003T013844.769Z,9.4644,3.40049,97.017,31.2738,1484.935
20211003T013845.809Z,9.4644,3.40049,97.018,31.2737,1484.935
20211003T013846.769Z,9.4644,3.4005,97.017,31.2738,1484.935
20211003T013847.849Z,9.4644,3.40049,97.018,31.2737,1484.935
20211003T013848.770Z,9.4643,3.40048,97.018,31.2736,1484.935
20211003T013849.801Z,9.4644,3.4005,97.017,31.2737,1484.935
20211003T013850.783Z,9.4644,3.40048,97.017,31.2736,1484.935
20211003T013851.813Z,9.4644,3.40049,97.018,31.2737,1484.935
20211003T013852.769Z,9.4644,3.40047,97.018,31.2736,1484.935
20211003T013853.843Z,9.4644,3.40048,97.017,31.2736,1484.935
20211003T013854.774Z,9.4644,3.40047,97.018,31.2735,1484.935
20211003T013855.782Z,9.4645,3.40047,97.018,31.2734,1484.935
20211003T013856.769Z,9.4645,3.40046,97.017,31.2733,1484.935
20211003T013857.851Z,9.4644,3.40048,97.017,31.2735,1484.935
20211003T013858.771Z,9.4644,3.40047,97.017,31.2735,1484.935
20211003T013859.775Z,9.4644,3.40048,97.017,31.2736,1484.935
20211003T013900.771Z,9.4644,3.40048,97.017,31.2736,1484.935
20211003T013901.847Z,9.4646,3.40047,97.017,31.2734,1484.936
20211003T013902.772Z,9.4644,3.40048,97.016,31.2735,1484.935
20211003T013903.772Z,9.4644,3.40048,97.016,31.2736,1484.935
20211003T013904.769Z,9.4645,3.40048,97.017,31.2735,1484.936
20211003T013905.830Z,9.4645,3.40048,97.016,31.2735,1484.936
20211003T013906.770Z,9.4645,3.40048,97.016,31.2735,1484.936
20211003T013907.828Z,9.4645,3.40048,97.017,31.2735,1484.935
20211003T013908.768Z,9.4645,3.40049,97.017,31.2736,1484.936
20211003T013909.849Z,9.4644,3.40049,97.017,31.2737,1484.935
20211003T013910.769Z,9.4645,3.40049,97.016,31.2736,1484.935
20211003T013911.781Z,9.4644,3.40049,97.016,31.2737,1484.935
20211003T013912.769Z,9.4644,3.40048,97.016,31.2736,1484.935
20211003T013913.786Z,9.4644,3.40049,97.016,31.2737,1484.935
20211003T013914.783Z,9.4643,3.40049,97.015,31.2738,1484.935
20211003T013915.813Z,9.4644,3.40049,97.017,31.2737,1484.935
20211003T013916.769Z,9.4644,3.40048,97.015,31.2736,1484.935
20211003T013917.778Z,9.4644,3.40047,97.015,31.2734,1484.935
20211003T013918.770Z,9.4644,3.40048,97.015,31.2735,1484.935
20211003T013919.777Z,9.4645,3.40049,97.017,31.2736,1484.935
20211003T013920.770Z,9.4645,3.40048,97.015,31.2735,1484.936
20211003T013921.775Z,9.4645,3.40049,97.016,31.2736,1484.935
20211003T013922.769Z,9.4644,3.40049,97.016,31.2736,1484.935
20211003T013923.889Z,9.4645,3.40049,97.016,31.2736,1484.936
20211003T013924.769Z,9.4646,3.4005,97.016,31.2736,1484.936
20211003T013925.797Z,9.4646,3.4005,97.015,31.2736,1484.936
20211003T013926.769Z,9.4646,3.40049,97.015,31.2736,1484.936
20211003T013927.784Z,9.4645,3.40049,97.015,31.2736,1484.936
20211003T013928.769Z,9.4646,3.40049,97.015,31.2735,1484.936
20211003T013929.789Z,9.4645,3.40049,97.015,31.2736,1484.936
20211003T013930.769Z,9.4646,3.40049,97.014,31.2736,1484.936
20211003T013931.844Z,9.4645,3.40049,97.015,31.2736,1484.936
20211003T013932.770Z,9.4645,3.40048,97.015,31.2736,1484.935
20211003T013933.797Z,9.4646,3.40048,97.014,31.2734,1484.936
20211003T013934.770Z,9.4645,3.40049,97.014,31.2735,1484.936
20211003T013935.855Z,9.4645,3.40047,97.015,31.2734,1484.936
20211003T013936.768Z,9.4645,3.40047,97.015,31.2734,1484.935
20211003T013937.772Z,9.4644,3.40047,97.013,31.2735,1484.935
20211003T013938.783Z,9.4645,3.40047,97.015,31.2734,1484.935
20211003T013939.775Z,9.4645,3.40048,97.014,31.2735,1484.936
20211003T013940.774Z,9.4645,3.40047,97.014,31.2734,1484.936
20211003T013941.822Z,9.4646,3.40047,97.015,31.2733,1484.936
20211003T013942.769Z,9.4646,3.40047,97.015,31.2733,1484.936
20211003T013943.826Z,9.4646,3.40047,97.015,31.2734,1484.936
20211003T013944.772Z,9.4645,3.40046,97.014,31.2734,1484.935
20211003T013945.825Z,9.4644,3.40046,97.013,31.2734,1484.935
20211003T013946.770Z,9.4645,3.40047,97.014,31.2734,1484.935
20211003T013947.797Z,9.4645,3.40047,97.013,31.2734,1484.936
20211003T013948.772Z,9.4645,3.40048,97.014,31.2735,1484.936
20211003T013949.896Z,9.4645,3.40047,97.015,31.2734,1484.935
20211003T013950.770Z,9.4645,3.40047,97.014,31.2734,1484.935
20211003T013951.810Z,9.4645,3.40046,97.014,31.2733,1484.935
20211003T013952.769Z,9.4645,3.40047,97.014,31.2734,1484.935
20211003T013953.779Z,9.4645,3.40046,97.014,31.2734,1484.935
20211003T013954.771Z,9.4644,3.40047,97.014,31.2734,1484.935
20211003T013955.774Z,9.4644,3.40044,97.013,31.2732,1484.935
20211003T013956.769Z,9.4644,3.40047,97.014,31.2735,1484.935
20211003T013957.847Z,9.4645,3.40048,97.014,31.2735,1484.935
20211003T013958.770Z,9.4644,3.40047,97.013,31.2735,1484.935
20211003T013959.793Z,9.4644,3.40047,97.012,31.2734,1484.935
20211003T014000.769Z,9.4644,3.40047,97.014,31.2735,1484.935
20211003T014001.803Z,9.4644,3.40047,97.013,31.2735,1484.935
20211003T014002.771Z,9.4644,3.40047,97.013,31.2735,1484.935
20211003T014003.806Z,9.4645,3.40047,97.013,31.2735,1484.935
20211003T014004.769Z,9.4645,3.40046,97.012,31.2734,1484.935
20211003T014005.778Z,9.4644,3.40047,97.011,31.2734,1484.935
20211003T014006.771Z,9.4645,3.40047,97.014,31.2734,1484.935
20211003T014007.775Z,9.4645,3.40046,97.013,31.2733,1484.935
20211003T014008.769Z,9.4645,3.40046,97.012,31.2734,1484.935
20211003T014009.809Z,9.4645,3.40047,97.013,31.2734,1484.935
20211003T014010.770Z,9.4645,3.40046,97.013,31.2734,1484.935
20211003T014011.772Z,9.4644,3.40048,97.012,31.2735,1484.935
20211003T014012.770Z,9.4644,3.40047,97.013,31.2735,1484.935
20211003T014013.774Z,9.4644,3.40047,97.012,31.2735,1484.935
20211003T014014.770Z,9.4645,3.40047,97.013,31.2734,1484.935
20211003T014015.779Z,9.4644,3.40047,97.012,31.2735,1484.935
20211003T014016.770Z,9.4644,3.40047,97.012,31.2735,1484.935
20211003T014017.805Z,9.4644,3.40047,97.013,31.2734,1484.935
20211003T014018.771Z,9.4645,3.40047,97.012,31.2733,1484.935
20211003T014019.855Z,9.4646,3.40047,97.012,31.2734,1484.936
20211003T014020.770Z,9.4646,3.40047,97.011,31.2733,1484.936
20211003T014021.783Z,9.4646,3.40048,97.013,31.2734,1484.936
20211003T014022.774Z,9.4646,3.40047,97.013,31.2733,1484.936
20211003T014023.806Z,9.4646,3.40048,97.012,31.2734,1484.936
20211003T014024.771Z,9.4645,3.40046,97.012,31.2733,1484.935
20211003T014025.772Z,9.4644,3.40048,97.012,31.2736,1484.935
20211003T014026.774Z,9.4644,3.40047,97.012,31.2735,1484.935
20211003T014027.823Z,9.4645,3.40048,97.012,31.2735,1484.936
20211003T014028.769Z,9.4644,3.40049,97.012,31.2737,1484.935
20211003T014029.776Z,9.4644,3.40047,97.011,31.2735,1484.935
20211003T014030.772Z,9.4645,3.40048,97.012,31.2735,1484.936
20211003T014031.860Z,9.4644,3.40047,97.012,31.2735,1484.935
20211003T014032.769Z,9.4645,3.40047,97.012,31.2734,1484.936
20211003T014033.771Z,9.4645,3.40047,97.011,31.2734,1484.935
20211003T014034.771Z,9.4645,3.40047,97.012,31.2734,1484.935
20211003T014035.776Z,9.4644,3.40047,97.011,31.2735,1484.935
20211003T014036.769Z,9.4644,3.40048,97.011,31.2736,1484.935
20211003T014037.814Z,9.4643,3.40047,97.011,31.2736,1484.935
20211003T014038.771Z,9.4644,3.40047,97.011,31.2736,1484.935
20211003T014039.774Z,9.4644,3.40047,97.011,31.2734,1484.935
20211003T014040.769Z,9.4644,3.40047,97.01,31.2735,1484.935
20211003T014041.772Z,9.4644,3.40047,97.011,31.2736,1484.935
20211003T014042.769Z,9.4644,3.40047,97.011,31.2735,1484.935
20211003T014043.782Z,9.4644,3.40046,97.011,31.2734,1484.935
20211003T014044.769Z,9.4644,3.40046,97.01,31.2733,1484.935
20211003T014045.809Z,9.4645,3.40046,97.01,31.2733,1484.935
20211003T014046.771Z,9.4645,3.40046,97.01,31.2733,1484.935
20211003T014047.776Z,9.4646,3.40047,97.011,31.2733,1484.936
20211003T014048.769Z,9.4648,3.40046,97.01,31.2731,1484.936
20211003T014049.772Z,9.4646,3.40047,97.011,31.2733,1484.936
20211003T014050.771Z,9.4646,3.40047,97.011,31.2734,1484.936
20211003T014051.777Z,9.4646,3.40047,97.01,31.2733,1484.936
20211003T014052.785Z,9.4645,3.40046,97.01,31.2733,1484.935
20211003T014053.775Z,9.4645,3.40046,97.01,31.2733,1484.935
20211003T014054.770Z,9.4645,3.40047,97.01,31.2734,1484.935
20211003T014055.818Z,9.4646,3.40048,97.011,31.2734,1484.936
20211003T014056.770Z,9.4646,3.40046,97.01,31.2732,1484.936
20211003T014057.941Z,9.4645,3.40046,97.011,31.2733,1484.935
20211003T014058.769Z,9.4646,3.40046,97.01,31.2733,1484.935
20211003T014059.821Z,9.4646,3.40047,97.01,31.2733,1484.935
20211003T014100.771Z,9.4647,3.40047,97.009,31.2732,1484.936
20211003T014101.857Z,9.4647,3.40046,97.01,31.2732,1484.936
20211003T014102.770Z,9.4646,3.40046,97.01,31.2732,1484.935
20211003T014103.838Z,9.4644,3.40047,97.01,31.2734,1484.935
20211003T014104.769Z,9.4645,3.40046,97.01,31.2733,1484.935
20211003T014105.783Z,9.4644,3.40047,97.01,31.2734,1484.935
20211003T014106.771Z,9.4644,3.40046,97.009,31.2733,1484.935
20211003T014107.804Z,9.4644,3.40046,97.009,31.2734,1484.935
20211003T014108.773Z,9.4644,3.40046,97.009,31.2734,1484.935
20211003T014109.802Z,9.4644,3.40048,97.009,31.2735,1484.935
20211003T014110.769Z,9.4644,3.40047,97.009,31.2735,1484.935
20211003T014111.856Z,9.4644,3.40048,97.008,31.2735,1484.935
20211003T014112.770Z,9.4644,3.40046,97.01,31.2734,1484.935
20211003T014113.775Z,9.4644,3.40046,97.009,31.2735,1484.935
20211003T014114.769Z,9.4643,3.40047,97.009,31.2735,1484.935
20211003T014115.773Z,9.4643,3.40047,97.01,31.2735,1484.935
20211003T014116.787Z,9.4644,3.40046,97.009,31.2734,1484.935
20211003T014117.855Z,9.4645,3.40046,97.009,31.2733,1484.935
20211003T014118.970Z,9.4645,3.40047,97.008,31.2734,1484.935
20211003T014119.797Z,9.4644,3.40047,97.009,31.2735,1484.935
20211003T014120.771Z,9.4646,3.40047,97.009,31.2733,1484.935
20211003T014121.810Z,9.4645,3.40046,97.009,31.2734,1484.935
20211003T014122.769Z,9.4644,3.40047,97.008,31.2735,1484.935
20211003T014123.821Z,9.4644,3.40047,97.008,31.2734,1484.935
20211003T014124.769Z,9.4646,3.40047,97.009,31.2733,1484.935
20211003T014125.781Z,9.4644,3.40048,97.009,31.2736,1484.935
20211003T014126.769Z,9.4645,3.40048,97.008,31.2735,1484.935
20211003T014127.782Z,9.4644,3.40049,97.009,31.2737,1484.935
20211003T014128.769Z,9.4645,3.40049,97.008,31.2736,1484.936
20211003T014129.777Z,9.4645,3.40049,97.009,31.2736,1484.936
20211003T014130.770Z,9.4644,3.40048,97.008,31.2736,1484.935
20211003T014131.841Z,9.4644,3.40049,97.007,31.2737,1484.935
20211003T014132.770Z,9.4644,3.40048,97.008,31.2737,1484.935
20211003T014133.832Z,9.4644,3.40049,97.008,31.2736,1484.935
20211003T014134.769Z,9.4646,3.40049,97.008,31.2735,1484.936
20211003T014135.855Z,9.4646,3.40049,97.008,31.2736,1484.936
20211003T014136.769Z,9.4646,3.40049,97.008,31.2736,1484.936
20211003T014137.815Z,9.4646,3.40053,97.008,31.274,1484.936
20211003T014138.769Z,9.4644,3.40054,97.009,31.2743,1484.936
20211003T014139.775Z,9.4645,3.40061,97.008,31.2749,1484.937
20211003T014140.784Z,9.4648,3.4006,97.007,31.2745,1484.938
20211003T014141.776Z,9.4646,3.40056,97.006,31.2742,1484.937
20211003T014142.769Z,9.4646,3.40056,97.008,31.2742,1484.937
20211003T014143.806Z,9.4644,3.40052,97.007,31.274,1484.936
20211003T014144.770Z,9.4644,3.4005,97.007,31.2738,1484.935
20211003T014145.827Z,9.4644,3.40049,97.008,31.2737,1484.935
20211003T014146.771Z,9.4644,3.40049,97.007,31.2737,1484.935
20211003T014147.806Z,9.4644,3.40049,97.006,31.2737,1484.935
20211003T014148.774Z,9.4645,3.40048,97.008,31.2735,1484.936
20211003T014149.834Z,9.4644,3.40047,97.007,31.2735,1484.935
20211003T014150.770Z,9.4645,3.40047,97.006,31.2734,1484.935
20211003T014151.808Z,9.4644,3.40048,97.007,31.2736,1484.935
20211003T014152.780Z,9.4644,3.40049,97.007,31.2737,1484.935
20211003T014153.786Z,9.4644,3.40048,97.006,31.2735,1484.935
20211003T014154.774Z,9.4646,3.40047,97.007,31.2733,1484.936
20211003T014155.858Z,9.4647,3.40047,97.006,31.2733,1484.936
20211003T014156.785Z,9.4646,3.40049,97.006,31.2736,1484.936
20211003T014158.058Z,9.4646,3.40053,97.006,31.2739,1484.936
20211003T014158.770Z,9.4645,3.4005,97.006,31.2737,1484.936
20211003T014159.778Z,9.4645,3.40048,97.006,31.2735,1484.936
20211003T014200.784Z,9.4645,3.40051,97.006,31.2738,1484.936
20211003T014201.777Z,9.4644,3.40051,97.006,31.2738,1484.935
20211003T014202.772Z,9.4645,3.40052,97.007,31.274,1484.936
20211003T014203.833Z,9.4645,3.40055,97.006,31.2742,1484.936
20211003T014204.769Z,9.4646,3.40056,97.007,31.2742,1484.937
20211003T014205.803Z,9.4647,3.40057,97.007,31.2743,1484.937
20211003T014206.769Z,9.4648,3.40056,97.005,31.2741,1484.937
20211003T014207.773Z,9.4646,3.40058,97.005,31.2745,1484.937
20211003T014208.771Z,9.4646,3.4006,97.005,31.2747,1484.937
20211003T014209.775Z,9.4646,3.40063,97.005,31.2749,1484.937
20211003T014210.769Z,9.4647,3.40068,97.006,31.2754,1484.938
20211003T014211.805Z,9.4648,3.40072,97.006,31.2757,1484.939
20211003T014212.770Z,9.4648,3.40075,97.006,31.276,1484.94
20211003T014213.778Z,9.4649,3.40072,97.005,31.2757,1484.939
20211003T014214.770Z,9.4649,3.40069,97.005,31.2754,1484.939
20211003T014215.783Z,9.4648,3.40068,97.006,31.2753,1484.939
20211003T014216.770Z,9.4648,3.40068,97.005,31.2753,1484.939
20211003T014217.826Z,9.4648,3.40071,97.006,31.2756,1484.939
20211003T014218.770Z,9.4649,3.40068,97.005,31.2752,1484.939
20211003T014219.777Z,9.4649,3.40067,97.005,31.2752,1484.939
20211003T014220.769Z,9.4649,3.40069,97.006,31.2753,1484.939
20211003T014221.874Z,9.4648,3.40074,97.005,31.2759,1484.939
20211003T014222.769Z,9.4648,3.40077,97.005,31.2762,1484.94
20211003T014223.804Z,9.4649,3.40079,97.005,31.2763,1484.94
20211003T014224.769Z,9.4651,3.40084,97.005,31.2767,1484.941
20211003T014225.785Z,9.465,3.40087,97.004,31.277,1484.942
20211003T014226.770Z,9.465,3.4008,97.005,31.2764,1484.941
20211003T014227.817Z,9.4649,3.40075,97.005,31.2759,1484.94
20211003T014228.769Z,9.4647,3.40072,97.005,31.2758,1484.939
20211003T014229.786Z,9.4647,3.4007,97.004,31.2756,1484.939
20211003T014230.769Z,9.4647,3.4007,97.004,31.2756,1484.939
20211003T014231.807Z,9.4648,3.40071,97.004,31.2756,1484.939
20211003T014232.770Z,9.4648,3.40076,97.004,31.2761,1484.94
20211003T014233.815Z,9.4647,3.40081,97.004,31.2767,1484.94
20211003T014234.770Z,9.4646,3.40082,97.005,31.2769,1484.94
20211003T014235.839Z,9.4649,3.40083,97.004,31.2767,1484.941
20211003T014236.774Z,9.465,3.4008,97.004,31.2764,1484.941
20211003T014237.824Z,9.4648,3.4008,97.004,31.2765,1484.94
20211003T014238.770Z,9.4648,3.40081,97.003,31.2766,1484.94
20211003T014239.777Z,9.4649,3.40083,97.003,31.2767,1484.941
20211003T014240.774Z,9.4651,3.40083,97.004,31.2766,1484.941
20211003T014241.780Z,9.4652,3.40085,97.003,31.2767,1484.942
20211003T014242.770Z,9.4654,3.40084,97.003,31.2764,1484.942
20211003T014243.808Z,9.4655,3.40083,97.002,31.2763,1484.942
20211003T014244.772Z,9.4655,3.40082,97.003,31.2762,1484.942
20211003T014245.789Z,9.4653,3.40084,97.003,31.2765,1484.942
20211003T014246.770Z,9.4652,3.40083,97.003,31.2765,1484.942
20211003T014247.795Z,9.4652,3.40083,97.004,31.2765,1484.942
20211003T014248.771Z,9.4651,3.40084,97.003,31.2766,1484.941
20211003T014249.775Z,9.4651,3.40088,97.002,31.277,1484.942
20211003T014250.770Z,9.4652,3.40088,97.003,31.277,1484.942
20211003T014251.795Z,9.4651,3.40091,97.002,31.2773,1484.942
20211003T014252.770Z,9.4652,3.40091,97.003,31.2773,1484.943
20211003T014253.827Z,9.4653,3.40093,97.002,31.2774,1484.943
20211003T014254.769Z,9.4654,3.40096,97.003,31.2776,1484.944
20211003T014255.831Z,9.4654,3.40093,97.003,31.2773,1484.943
20211003T014256.769Z,9.4654,3.40095,97.002,31.2775,1484.943
20211003T014257.776Z,9.4656,3.40095,97.002,31.2774,1484.944
20211003T014258.769Z,9.4655,3.40096,97.001,31.2775,1484.944
20211003T014259.798Z,9.4655,3.40096,97.002,31.2775,1484.944
20211003T014300.769Z,9.4654,3.401,97.002,31.278,1484.944
20211003T014301.779Z,9.4654,3.40102,97.001,31.2782,1484.944
20211003T014302.770Z,9.4656,3.40105,97.002,31.2784,1484.945
20211003T014303.787Z,9.4658,3.40106,97.002,31.2784,1484.946
20211003T014304.771Z,9.466,3.40109,97.003,31.2785,1484.947
20211003T014305.795Z,9.466,3.40111,97.002,31.2786,1484.947
20211003T014306.769Z,9.4662,3.40113,97.002,31.2787,1484.948
20211003T014307.824Z,9.4661,3.40114,97.003,31.2789,1484.948
20211003T014308.771Z,9.4661,3.40115,97.001,31.2789,1484.948
20211003T014309.814Z,9.4661,3.40116,97.001,31.279,1484.948
20211003T014310.770Z,9.4662,3.40119,97.002,31.2793,1484.949
20211003T014311.855Z,9.4663,3.40121,97.001,31.2794,1484.949
20211003T014312.769Z,9.4664,3.40123,97.002,31.2795,1484.949
20211003T014313.802Z,9.4664,3.40125,97.002,31.2798,1484.95
20211003T014314.769Z,9.4663,3.40125,97.002,31.2798,1484.95
20211003T014315.795Z,9.4663,3.40127,97.0,31.28,1484.95
20211003T014316.769Z,9.4663,3.40127,97.001,31.2801,1484.95
20211003T014317.782Z,9.4664,3.4013,97.002,31.2802,1484.95
20211003T014318.784Z,9.4664,3.40132,97.001,31.2804,1484.951
20211003T014319.845Z,9.4664,3.40132,97.001,31.2805,1484.951
20211003T014320.769Z,9.4663,3.40132,97.0,31.2805,1484.95
20211003T014321.847Z,9.4664,3.40133,97.002,31.2805,1484.951
20211003T014322.773Z,9.4663,3.40136,97.001,31.2809,1484.951
20211003T014323.791Z,9.4665,3.40135,97.0,31.2807,1484.951
20211003T014324.769Z,9.4666,3.40135,97.001,31.2806,1484.952
20211003T014325.843Z,9.4667,3.40135,97.0,31.2804,1484.952
20211003T014326.769Z,9.4667,3.40135,97.0,31.2805,1484.952
20211003T014327.851Z,9.4665,3.40136,97.001,31.2807,1484.951
20211003T014328.769Z,9.4664,3.40136,97.001,31.2808,1484.951
20211003T014329.805Z,9.4664,3.40136,97.0,31.2809,1484.951
20211003T014330.773Z,9.4665,3.40137,97.0,31.2809,1484.951
20211003T014331.843Z,9.4665,3.40135,97.0,31.2807,1484.951
20211003T014332.769Z,9.4667,3.40133,97.0,31.2803,1484.952
20211003T014333.773Z,9.4666,3.40134,97.0,31.2805,1484.951
20211003T014334.769Z,9.4662,3.40134,97.001,31.2809,1484.95
20211003T014335.804Z,9.4659,3.40134,97.0,31.281,1484.95
20211003T014336.769Z,9.4662,3.40133,97.0,31.2808,1484.95
20211003T014337.942Z,9.4662,3.40133,97.001,31.2807,1484.95
20211003T014338.771Z,9.4662,3.40133,97.0,31.2807,1484.95
20211003T014339.780Z,9.4661,3.40133,97.0,31.2808,1484.95
20211003T014340.769Z,9.4663,3.40134,97.0,31.2807,1484.951
20211003T014341.774Z,9.4663,3.40134,97.0,31.2808,1484.951
20211003T014342.784Z,9.4663,3.40133,97.0,31.2807,1484.951
20211003T014343.784Z,9.4664,3.40133,96.999,31.2806,1484.951
20211003T014344.769Z,9.4664,3.40134,96.999,31.2806,1484.951
20211003T014345.849Z,9.4663,3.40133,96.999,31.2806,1484.951
20211003T014346.768Z,9.4663,3.40133,97.0,31.2807,1484.951
20211003T014347.825Z,9.4663,3.40133,97.0,31.2807,1484.95
20211003T014348.769Z,9.4663,3.40133,97.0,31.2807,1484.951
20211003T014349.858Z,9.4663,3.40133,97.0,31.2806,1484.951
20211003T014350.770Z,9.4663,3.40132,96.999,31.2805,1484.95
20211003T014351.814Z,9.4664,3.40131,96.999,31.2804,1484.951
20211003T014352.771Z,9.4665,3.40131,96.999,31.2802,1484.951
20211003T014353.895Z,9.4664,3.40131,97.0,31.2804,1484.951
20211003T014354.770Z,9.4661,3.40131,97.0,31.2806,1484.95
20211003T014355.826Z,9.4661,3.40132,96.999,31.2806,1484.95
20211003T014356.770Z,9.4661,3.40132,96.999,31.2807,1484.95
20211003T014357.830Z,9.4662,3.40134,96.999,31.2808,1484.951
20211003T014358.770Z,9.4662,3.40131,96.999,31.2805,1484.95
20211003T014359.808Z,9.4663,3.40131,96.998,31.2804,1484.95
20211003T014400.771Z,9.4661,3.40131,96.999,31.2806,1484.95
20211003T014401.812Z,9.466,3.40131,96.998,31.2807,1484.95
20211003T014402.769Z,9.4659,3.4013,96.999,31.2806,1484.949
20211003T014403.773Z,9.4658,3.4013,96.999,31.2807,1484.949
20211003T014404.770Z,9.4657,3.40129,96.998,31.2807,1484.948
20211003T014405.822Z,9.4659,3.4013,96.999,31.2807,1484.949
20211003T014406.771Z,9.4658,3.40129,96.998,31.2807,1484.949
20211003T014407.791Z,9.4659,3.40127,96.999,31.2804,1484.949
20211003T014408.775Z,9.4659,3.40125,96.998,31.2801,1484.948
20211003T014409.820Z,9.4659,3.40124,96.998,31.2801,1484.948
20211003T014410.768Z,9.466,3.40123,96.998,31.2799,1484.949
20211003T014411.872Z,9.466,3.40123,96.999,31.2798,1484.949
20211003T014412.770Z,9.466,3.40122,96.998,31.2797,1484.948
20211003T014413.868Z,9.466,3.40122,96.998,31.2798,1484.948
20211003T014414.770Z,9.4659,3.40122,96.997,31.2798,1484.948
20211003T014415.860Z,9.466,3.40122,96.998,31.2798,1484.948
20211003T014416.772Z,9.466,3.40121,96.998,31.2796,1484.948
20211003T014417.785Z,9.466,3.4012,96.998,31.2796,1484.948
20211003T014418.770Z,9.4661,3.4012,96.998,31.2795,1484.948
20211003T014419.830Z,9.4664,3.40121,96.998,31.2794,1484.949
20211003T014420.771Z,9.4665,3.40121,96.998,31.2793,1484.949
20211003T014421.776Z,9.4666,3.4012,96.997,31.2791,1484.95
20211003T014422.770Z,9.4664,3.4012,96.998,31.2792,1484.949
20211003T014423.816Z,9.4662,3.4012,96.998,31.2794,1484.949
20211003T014424.770Z,9.4662,3.4012,96.998,31.2794,1484.948
20211003T014425.774Z,9.4662,3.40121,96.998,31.2795,1484.949
20211003T014426.769Z,9.4661,3.40119,96.996,31.2794,1484.948
20211003T014427.841Z,9.4662,3.40118,96.997,31.2793,1484.948
20211003T014428.770Z,9.4661,3.40118,96.997,31.2793,1484.948
20211003T014429.818Z,9.4659,3.40118,96.997,31.2795,1484.948
20211003T014430.769Z,9.4659,3.40117,96.997,31.2793,1484.948
20211003T014431.814Z,9.4659,3.40118,96.998,31.2794,1484.948
20211003T014432.769Z,9.466,3.40116,96.997,31.2792,1484.948
20211003T014433.837Z,9.4659,3.40118,96.997,31.2794,1484.948
20211003T014434.771Z,9.4661,3.4012,96.996,31.2795,1484.948
20211003T014435.789Z,9.466,3.4012,96.997,31.2796,1484.948
20211003T014436.770Z,9.466,3.40119,96.997,31.2794,1484.948
20211003T014437.786Z,9.466,3.40118,96.997,31.2793,1484.948
20211003T014438.770Z,9.466,3.40119,96.997,31.2795,1484.948
20211003T014439.840Z,9.4661,3.4012,96.997,31.2795,1484.948
20211003T014440.769Z,9.4661,3.40118,96.997,31.2793,1484.948
20211003T014441.781Z,9.466,3.40117,96.997,31.2793,1484.948
20211003T014442.770Z,9.4661,3.40118,96.997,31.2793,1484.948
20211003T014443.778Z,9.466,3.40118,96.997,31.2794,1484.948
20211003T014444.770Z,9.4659,3.40118,96.996,31.2794,1484.948
20211003T014445.870Z,9.4661,3.40116,96.997,31.2791,1484.948
20211003T014446.771Z,9.4661,3.40117,96.997,31.2792,1484.948
20211003T014447.843Z,9.4661,3.40117,96.996,31.2792,1484.948
20211003T014448.769Z,9.4661,3.40117,96.997,31.2792,1484.948
20211003T014449.828Z,9.4661,3.40116,96.996,31.2791,1484.948
20211003T014450.770Z,9.466,3.40116,96.996,31.2792,1484.948
20211003T014451.886Z,9.466,3.40117,96.995,31.2793,1484.948
20211003T014452.770Z,9.466,3.40116,96.997,31.2792,1484.948
20211003T014453.867Z,9.466,3.40116,96.995,31.2792,1484.948
20211003T014454.775Z,9.4661,3.40115,96.996,31.279,1484.948
20211003T014455.846Z,9.4661,3.40116,96.996,31.2791,1484.948
20211003T014456.769Z,9.4661,3.40116,96.996,31.279,1484.948
20211003T014457.774Z,9.4661,3.40118,96.995,31.2793,1484.948
20211003T014458.772Z,9.4662,3.40119,96.995,31.2793,1484.948
20211003T014459.843Z,9.4662,3.40119,96.995,31.2793,1484.948
20211003T014500.771Z,9.4662,3.40119,96.995,31.2792,1484.949
20211003T014501.796Z,9.4663,3.40118,96.996,31.2791,1484.949
20211003T014502.772Z,9.4663,3.40116,96.995,31.2788,1484.948
20211003T014503.800Z,9.4664,3.40115,96.994,31.2787,1484.948
20211003T014504.770Z,9.4664,3.40115,96.994,31.2787,1484.948
20211003T014505.771Z,9.4666,3.40114,96.994,31.2785,1484.949
20211003T014506.769Z,9.4664,3.40114,96.995,31.2786,1484.948
20211003T014507.823Z,9.4663,3.40114,96.995,31.2787,1484.948
20211003T014508.770Z,9.4663,3.40116,96.995,31.2788,1484.948
20211003T014509.843Z,9.4664,3.40114,96.994,31.2786,1484.948
20211003T014510.769Z,9.4665,3.40116,96.994,31.2788,1484.949
20211003T014511.775Z,9.4666,3.40117,96.994,31.2787,1484.949
20211003T014512.770Z,9.4664,3.40116,96.994,31.2788,1484.948
20211003T014513.798Z,9.4665,3.40118,96.994,31.279,1484.949
20211003T014514.769Z,9.4665,3.40118,96.995,31.2789,1484.949
20211003T014515.791Z,9.4666,3.40116,96.995,31.2787,1484.949
20211003T014516.771Z,9.4666,3.40115,96.994,31.2785,1484.949
20211003T014517.791Z,9.4668,3.40113,96.994,31.2781,1484.949
20211003T014518.769Z,9.4667,3.40104,96.994,31.2773,1484.948
20211003T014519.774Z,9.4667,3.40105,96.994,31.2774,1484.948
20211003T014520.785Z,9.4666,3.40112,96.994,31.2783,1484.949
20211003T014521.771Z,9.4666,3.40117,96.994,31.2787,1484.949
20211003T014522.771Z,9.4666,3.40121,96.993,31.2791,1484.95
20211003T014523.856Z,9.4667,3.4012,96.994,31.2789,1484.95
20211003T014524.769Z,9.4667,3.4011,96.994,31.2779,1484.949
20211003T014525.918Z,9.4668,3.40106,96.994,31.2775,1484.948
20211003T014526.769Z,9.4669,3.40111,96.993,31.2779,1484.949
20211003T014527.804Z,9.4673,3.40119,96.993,31.2783,1484.951
20211003T014528.769Z,9.4675,3.40126,96.993,31.2788,1484.953
20211003T014529.828Z,9.4673,3.40126,96.993,31.2791,1484.952
20211003T014530.771Z,9.4673,3.40125,96.993,31.279,1484.952
20211003T014531.856Z,9.4672,3.40124,96.993,31.2789,1484.952
20211003T014532.771Z,9.4672,3.40121,96.993,31.2786,1484.951
20211003T014533.780Z,9.467,3.40117,96.994,31.2784,1484.95
20211003T014534.768Z,9.4669,3.40112,96.992,31.2779,1484.949
20211003T014535.892Z,9.4669,3.40111,96.993,31.2779,1484.949
20211003T014536.774Z,9.4667,3.40109,96.993,31.2778,1484.948
20211003T014537.829Z,9.4668,3.40103,96.993,31.2771,1484.948
20211003T014538.770Z,9.4669,3.40097,96.993,31.2764,1484.947
20211003T014539.843Z,9.4668,3.40093,96.994,31.2761,1484.947
20211003T014540.774Z,9.4667,3.40093,96.993,31.2762,1484.946
20211003T014541.807Z,9.4667,3.40094,96.993,31.2762,1484.947
20211003T014542.770Z,9.4667,3.401,96.993,31.2769,1484.947
20211003T014543.797Z,9.4669,3.40101,96.993,31.2769,1484.948
20211003T014544.785Z,9.4669,3.40102,96.993,31.2769,1484.948
20211003T014545.809Z,9.4669,3.40105,96.993,31.2772,1484.949
20211003T014546.771Z,9.4671,3.40105,96.992,31.2771,1484.949
20211003T014547.777Z,9.467,3.40109,96.994,31.2775,1484.949
20211003T014548.771Z,9.4669,3.40108,96.992,31.2775,1484.949
20211003T014549.771Z,9.4669,3.40107,96.992,31.2775,1484.949
20211003T014550.769Z,9.4677,3.40115,96.993,31.2776,1484.952
20211003T014551.782Z,9.4675,3.40114,96.992,31.2776,1484.951
20211003T014552.769Z,9.4671,3.40116,96.992,31.2783,1484.95
20211003T014553.801Z,9.4672,3.40111,96.993,31.2777,1484.95
20211003T014554.771Z,9.4673,3.40114,96.992,31.2779,1484.951
20211003T014555.887Z,9.4673,3.40114,96.992,31.2778,1484.951
20211003T014556.770Z,9.4672,3.40114,96.991,31.2779,1484.95
20211003T014557.775Z,9.4672,3.40116,96.992,31.2781,1484.951
20211003T014558.770Z,9.4671,3.40117,96.992,31.2783,1484.95
20211003T014559.822Z,9.4671,3.40116,96.992,31.2782,1484.95
20211003T014600.770Z,9.4671,3.40116,96.992,31.2782,1484.95
20211003T014601.818Z,9.4671,3.40117,96.992,31.2783,1484.95
20211003T014602.769Z,9.4669,3.40116,96.992,31.2784,1484.95
20211003T014603.838Z,9.4669,3.40117,96.993,31.2785,1484.95
20211003T014604.769Z,9.4669,3.40115,96.992,31.2783,1484.95
20211003T014605.784Z,9.467,3.40117,96.992,31.2784,1484.95
20211003T014606.769Z,9.4669,3.40125,96.992,31.2793,1484.951
20211003T014607.823Z,9.467,3.40124,96.992,31.2791,1484.951
20211003T014608.783Z,9.4671,3.40123,96.992,31.279,1484.951
20211003T014609.838Z,9.4671,3.4012,96.992,31.2786,1484.951
20211003T014610.769Z,9.467,3.40118,96.992,31.2785,1484.95
20211003T014611.772Z,9.4668,3.40124,96.991,31.2793,1484.951
20211003T014612.770Z,9.4669,3.40126,96.991,31.2794,1484.951
20211003T014613.771Z,9.4672,3.40127,96.992,31.2792,1484.952
20211003T014614.770Z,9.4672,3.40128,96.993,31.2793,1484.952
20211003T014615.816Z,9.467,3.40126,96.991,31.2793,1484.951
20211003T014616.770Z,9.4669,3.40126,96.991,31.2794,1484.951
20211003T014617.790Z,9.467,3.40125,96.991,31.2793,1484.951
20211003T014618.769Z,9.467,3.40127,96.992,31.2794,1484.952
20211003T014619.777Z,9.4669,3.40131,96.992,31.2799,1484.952
20211003T014620.770Z,9.467,3.4014,96.992,31.2807,1484.953
20211003T014621.810Z,9.4673,3.40144,96.991,31.281,1484.954
20211003T014622.776Z,9.4674,3.40152,96.991,31.2817,1484.956
20211003T014623.863Z,9.4672,3.40152,96.991,31.2818,1484.955
20211003T014624.770Z,9.4672,3.4015,96.99,31.2816,1484.955
20211003T014625.789Z,9.4672,3.40151,96.991,31.2817,1484.955
20211003T014626.770Z,9.4674,3.40144,96.99,31.2808,1484.955
20211003T014627.817Z,9.4673,3.40139,96.991,31.2804,1484.954
20211003T014628.769Z,9.4671,3.40137,96.991,31.2804,1484.953
20211003T014629.784Z,9.4671,3.40134,96.991,31.28,1484.953
20211003T014630.772Z,9.4669,3.40135,96.99,31.2803,1484.952
20211003T014631.830Z,9.4669,3.40137,96.989,31.2805,1484.953
20211003T014632.768Z,9.4669,3.40142,96.989,31.281,1484.953
20211003T014633.846Z,9.4671,3.40145,96.99,31.2812,1484.954
20211003T014634.770Z,9.4672,3.40147,96.99,31.2813,1484.955
20211003T014635.780Z,9.4671,3.40145,96.989,31.2812,1484.954
20211003T014636.770Z,9.4671,3.40145,96.99,31.2812,1484.954
20211003T014637.775Z,9.4671,3.40144,96.99,31.2811,1484.954
20211003T014638.769Z,9.4672,3.40142,96.99,31.2808,1484.954
20211003T014639.798Z,9.4673,3.40139,96.989,31.2804,1484.954
20211003T014640.770Z,9.4675,3.40137,96.991,31.28,1484.954
20211003T014641.838Z,9.4673,3.40137,96.989,31.2802,1484.953
20211003T014642.770Z,9.4672,3.40141,96.989,31.2807,1484.954
20211003T014643.798Z,9.4672,3.40142,96.99,31.2808,1484.954
20211003T014644.770Z,9.4673,3.40144,96.989,31.2809,1484.954
20211003T014645.774Z,9.4673,3.40142,96.989,31.2806,1484.954
20211003T014646.769Z,9.4673,3.40145,96.989,31.281,1484.955
20211003T014647.788Z,9.4673,3.40147,96.989,31.2811,1484.955
20211003T014648.770Z,9.4673,3.40145,96.99,31.281,1484.954
20211003T014649.812Z,9.4672,3.40152,96.99,31.2818,1484.955
20211003T014650.771Z,9.4671,3.40154,96.99,31.2821,1484.955
20211003T014651.786Z,9.4669,3.4015,96.989,31.2818,1484.954
20211003T014652.770Z,9.4671,3.40148,96.99,31.2814,1484.954
20211003T014653.822Z,9.4672,3.40148,96.989,31.2814,1484.955
20211003T014654.769Z,9.4673,3.40149,96.99,31.2814,1484.955
20211003T014655.808Z,9.4673,3.40148,96.989,31.2812,1484.955
20211003T014656.769Z,9.4673,3.40148,96.989,31.2813,1484.955
20211003T014657.787Z,9.4672,3.40149,96.989,31.2815,1484.955
20211003T014658.769Z,9.4671,3.40149,96.988,31.2816,1484.955
20211003T014659.779Z,9.4671,3.40152,96.989,31.2819,1484.955
20211003T014700.769Z,9.4671,3.40153,96.99,31.282,1484.955
20211003T014701.826Z,9.467,3.40158,96.989,31.2826,1484.955
20211003T014702.769Z,9.4673,3.40164,96.989,31.283,1484.957
20211003T014703.825Z,9.4673,3.40169,96.989,31.2834,1484.958
20211003T014704.769Z,9.4673,3.40172,96.99,31.2837,1484.958
20211003T014705.807Z,9.4672,3.40173,96.989,31.284,1484.958
20211003T014706.769Z,9.4672,3.40175,96.989,31.2842,1484.958
20211003T014707.772Z,9.4672,3.40178,96.988,31.2844,1484.958
20211003T014708.774Z,9.4673,3.40176,96.988,31.2842,1484.958
20211003T014709.781Z,9.4672,3.40178,96.988,31.2845,1484.958
20211003T014710.771Z,9.4671,3.40177,96.989,31.2844,1484.958
20211003T014711.798Z,9.4669,3.40174,96.988,31.2843,1484.957
20211003T014712.773Z,9.4669,3.4017,96.988,31.2839,1484.957
20211003T014713.779Z,9.4673,3.40161,96.988,31.2826,1484.956
20211003T014714.771Z,9.4674,3.40156,96.988,31.282,1484.956
20211003T014715.886Z,9.4673,3.40159,96.988,31.2824,1484.956
20211003T014716.773Z,9.4672,3.40161,96.988,31.2827,1484.956
20211003T014717.784Z,9.467,3.40166,96.988,31.2834,1484.956
20211003T014718.770Z,9.467,3.40171,96.987,31.2839,1484.957
20211003T014719.856Z,9.4671,3.40169,96.988,31.2836,1484.957
20211003T014720.770Z,9.467,3.40168,96.988,31.2836,1484.957
20211003T014721.816Z,9.4671,3.40164,96.987,31.2832,1484.956
20211003T014722.783Z,9.4672,3.40161,96.987,31.2827,1484.956
20211003T014723.817Z,9.4673,3.4016,96.988,31.2825,1484.956
20211003T014724.769Z,9.4673,3.40161,96.987,31.2826,1484.956
20211003T014725.785Z,9.4673,3.40163,96.987,31.2829,1484.957
20211003T014726.769Z,9.4672,3.40166,96.987,31.2832,1484.957
20211003T014727.781Z,9.4673,3.40168,96.986,31.2834,1484.957
20211003T014728.770Z,9.4672,3.40167,96.987,31.2834,1484.957
20211003T014729.827Z,9.4672,3.40164,96.988,31.283,1484.957
20211003T014730.770Z,9.4672,3.40161,96.988,31.2827,1484.956
20211003T014731.780Z,9.4672,3.40155,96.988,31.2821,1484.956
20211003T014732.769Z,9.4673,3.40148,96.987,31.2813,1484.955
20211003T014733.797Z,9.4674,3.40147,96.986,31.2811,1484.955
20211003T014734.771Z,9.4673,3.40151,96.987,31.2816,1484.955
20211003T014735.785Z,9.4673,3.40157,96.987,31.2822,1484.956
20211003T014736.769Z,9.4672,3.40158,96.986,31.2824,1484.956
20211003T014737.775Z,9.4672,3.4016,96.987,31.2826,1484.956
20211003T014738.769Z,9.4672,3.40156,96.986,31.2822,1484.956
20211003T014739.823Z,9.4672,3.40158,96.987,31.2824,1484.956
20211003T014740.770Z,9.4674,3.40155,96.987,31.2819,1484.956
20211003T014741.777Z,9.4674,3.40158,96.986,31.2822,1484.956
20211003T014742.769Z,9.4673,3.40161,96.986,31.2826,1484.956
20211003T014743.883Z,9.4673,3.40164,96.987,31.283,1484.957
20211003T014744.770Z,9.4672,3.40163,96.987,31.283,1484.957
20211003T014745.787Z,9.4672,3.40155,96.986,31.2821,1484.955
20211003T014746.784Z,9.4675,3.4015,96.987,31.2813,1484.956
20211003T014747.774Z,9.4674,3.4015,96.987,31.2814,1484.955
20211003T014748.768Z,9.4674,3.40151,96.986,31.2815,1484.955
20211003T014749.775Z,9.4673,3.40148,96.986,31.2812,1484.955
20211003T014750.774Z,9.4673,3.4014,96.986,31.2805,1484.954
20211003T014751.773Z,9.4672,3.40135,96.985,31.2801,1484.953
20211003T014752.770Z,9.4672,3.40131,96.986,31.2797,1484.953
20211003T014753.785Z,9.4673,3.40134,96.986,31.2798,1484.953
20211003T014754.774Z,9.4673,3.40122,96.986,31.2786,1484.952
20211003T014755.821Z,9.4674,3.40137,96.985,31.2801,1484.954
20211003T014756.769Z,9.4673,3.40133,96.985,31.2798,1484.953
20211003T014757.783Z,9.4673,3.40132,96.985,31.2797,1484.953
20211003T014758.772Z,9.4672,3.40137,96.986,31.2803,1484.953
20211003T014759.806Z,9.4673,3.40139,96.986,31.2804,1484.953
20211003T014800.769Z,9.4673,3.4014,96.986,31.2804,1484.954
20211003T014801.820Z,9.4671,3.40138,96.985,31.2804,1484.953
20211003T014802.772Z,9.4672,3.40137,96.985,31.2803,1484.953
20211003T014803.777Z,9.4671,3.40139,96.986,31.2805,1484.953
20211003T014804.769Z,9.4671,3.40143,96.985,31.281,1484.954
20211003T014805.775Z,9.4671,3.40145,96.985,31.2812,1484.954
20211003T014806.769Z,9.467,3.40145,96.986,31.2812,1484.954
20211003T014807.774Z,9.467,3.40143,96.985,31.2811,1484.953
20211003T014808.769Z,9.4671,3.40144,96.985,31.281,1484.954
20211003T014809.805Z,9.4671,3.40143,96.985,31.281,1484.954
20211003T014810.783Z,9.4672,3.40144,96.985,31.281,1484.954
20211003T014811.800Z,9.4673,3.40144,96.986,31.281,1484.954
20211003T014812.770Z,9.4673,3.40143,96.985,31.2808,1484.954
20211003T014813.773Z,9.4673,3.40144,96.985,31.2809,1484.954
20211003T014814.771Z,9.4674,3.40152,96.985,31.2816,1484.956
20211003T014815.795Z,9.4673,3.40161,96.985,31.2826,1484.957
20211003T014816.770Z,9.4672,3.4016,96.984,31.2826,1484.956
20211003T014817.822Z,9.4672,3.40154,96.984,31.282,1484.955
20211003T014818.769Z,9.4673,3.40146,96.985,31.2811,1484.954
20211003T014819.800Z,9.4673,3.40144,96.985,31.2808,1484.954
20211003T014820.769Z,9.4673,3.40142,96.985,31.2807,1484.954
20211003T014821.824Z,9.4672,3.40142,96.984,31.2808,1484.954
20211003T014822.769Z,9.4672,3.40146,96.984,31.2812,1484.954
20211003T014823.878Z,9.4672,3.40151,96.984,31.2816,1484.955
20211003T014824.769Z,9.4671,3.40152,96.983,31.2819,1484.955
20211003T014825.805Z,9.4671,3.40152,96.984,31.2819,1484.955
20211003T014826.770Z,9.4672,3.40152,96.984,31.2818,1484.955
20211003T014827.806Z,9.4672,3.40153,96.984,31.2819,1484.955
20211003T014828.769Z,9.4673,3.40156,96.984,31.2821,1484.956
20211003T014829.820Z,9.4673,3.40157,96.983,31.2823,1484.956
20211003T014830.770Z,9.4674,3.4016,96.984,31.2824,1484.957
20211003T014831.810Z,9.4675,3.40161,96.983,31.2824,1484.957
20211003T014832.770Z,9.4676,3.40162,96.983,31.2825,1484.957
20211003T014833.837Z,9.4675,3.40163,96.983,31.2826,1484.957
20211003T014834.770Z,9.4674,3.40162,96.983,31.2827,1484.957
20211003T014835.815Z,9.4673,3.40164,96.983,31.2829,1484.957
20211003T014836.775Z,9.4673,3.40165,96.984,31.283,1484.957
20211003T014837.773Z,9.4673,3.40165,96.984,31.283,1484.957
20211003T014838.771Z,9.4673,3.40165,96.983,31.283,1484.957
20211003T014839.809Z,9.4674,3.40166,96.983,31.283,1484.957
20211003T014840.772Z,9.4673,3.40166,96.984,31.2831,1484.957
20211003T014841.798Z,9.4674,3.40164,96.983,31.2829,1484.957
20211003T014842.770Z,9.4674,3.40164,96.983,31.2828,1484.957
20211003T014843.819Z,9.4673,3.40163,96.984,31.2829,1484.957
20211003T014844.773Z,9.4673,3.40164,96.983,31.283,1484.957
20211003T014845.800Z,9.4672,3.40165,96.983,31.2831,1484.956
20211003T014846.769Z,9.4672,3.40166,96.983,31.2833,1484.957
20211003T014847.809Z,9.4672,3.40166,96.984,31.2832,1484.957
20211003T014848.771Z,9.4673,3.40164,96.984,31.283,1484.957
20211003T014849.788Z,9.4671,3.40163,96.983,31.283,1484.956
20211003T014850.769Z,9.4673,3.40161,96.983,31.2827,1484.956
20211003T014851.822Z,9.4672,3.4016,96.983,31.2826,1484.956
20211003T014852.769Z,9.4672,3.40161,96.984,31.2827,1484.956
20211003T014853.777Z,9.467,3.40161,96.983,31.2828,1484.956
20211003T014854.769Z,9.4669,3.40161,96.982,31.283,1484.955
20211003T014855.865Z,9.4669,3.40161,96.983,31.2829,1484.955
20211003T014856.770Z,9.4669,3.40163,96.983,31.2831,1484.956
20211003T014857.776Z,9.467,3.40164,96.982,31.2832,1484.956
20211003T014858.769Z,9.4671,3.40164,96.983,31.2831,1484.956
20211003T014859.786Z,9.4669,3.40163,96.983,31.2832,1484.956
20211003T014900.771Z,9.4669,3.40162,96.982,31.2831,1484.955
20211003T014901.777Z,9.4669,3.40162,96.982,31.2831,1484.956
20211003T014902.770Z,9.4669,3.40161,96.982,31.283,1484.955
20211003T014903.877Z,9.4668,3.40162,96.982,31.2832,1484.955
20211003T014904.770Z,9.4668,3.40163,96.981,31.2832,1484.955
20211003T014905.778Z,9.4669,3.40163,96.983,31.2832,1484.956
20211003T014906.770Z,9.4672,3.40166,96.982,31.2832,1484.957
20211003T014907.859Z,9.4673,3.40165,96.982,31.2831,1484.957
20211003T014908.770Z,9.4673,3.40166,96.981,31.2832,1484.957
20211003T014909.777Z,9.4672,3.40164,96.982,31.283,1484.956
20211003T014910.770Z,9.4672,3.4016,96.982,31.2826,1484.956
20211003T014911.869Z,9.4673,3.40161,96.981,31.2826,1484.957
20211003T014912.770Z,9.4676,3.40164,96.982,31.2828,1484.958
20211003T014913.783Z,9.4676,3.40167,96.981,31.2829,1484.958
20211003T014914.769Z,9.4673,3.40167,96.982,31.2832,1484.957
20211003T014915.779Z,9.4671,3.40168,96.982,31.2836,1484.957
20211003T014916.769Z,9.467,3.40169,96.982,31.2837,1484.957
20211003T014917.800Z,9.4671,3.40168,96.982,31.2836,1484.957
20211003T014918.769Z,9.4669,3.40169,96.981,31.2837,1484.956
20211003T014919.844Z,9.4669,3.40169,96.981,31.2837,1484.956
20211003T014920.769Z,9.4669,3.40168,96.982,31.2836,1484.956
20211003T014921.774Z,9.4669,3.40168,96.981,31.2836,1484.956
20211003T014922.775Z,9.4669,3.40166,96.981,31.2836,1484.956
20211003T014923.840Z,9.4669,3.40166,96.983,31.2834,1484.956
20211003T014924.783Z,9.4669,3.40164,96.981,31.2833,1484.956
20211003T014925.772Z,9.4669,3.40164,96.981,31.2833,1484.956
20211003T014926.771Z,9.4669,3.40164,96.981,31.2834,1484.956
20211003T014927.777Z,9.4668,3.40164,96.981,31.2833,1484.956
20211003T014928.770Z,9.467,3.40164,96.981,31.2832,1484.956
20211003T014929.817Z,9.4673,3.40166,96.981,31.2831,1484.957
20211003T014930.772Z,9.4671,3.40167,96.981,31.2834,1484.956
20211003T014931.791Z,9.4669,3.40165,96.981,31.2834,1484.956
20211003T014932.770Z,9.4669,3.40165,96.981,31.2834,1484.956
20211003T014933.793Z,9.4671,3.40166,96.981,31.2833,1484.956
20211003T014934.770Z,9.4672,3.40164,96.98,31.2831,1484.956
20211003T014935.775Z,9.4671,3.40165,96.981,31.2832,1484.956
20211003T014936.770Z,9.4671,3.40164,96.981,31.2831,1484.956
20211003T014937.808Z,9.4672,3.40165,96.98,31.2831,1484.957
20211003T014938.769Z,9.4675,3.40166,96.981,31.2829,1484.957
20211003T014939.784Z,9.4674,3.40166,96.98,31.283,1484.957
20211003T014940.769Z,9.4673,3.40166,96.98,31.2832,1484.957
20211003T014941.783Z,9.4672,3.40168,96.98,31.2834,1484.957
20211003T014942.769Z,9.4673,3.40168,96.981,31.2833,1484.957
20211003T014943.816Z,9.4673,3.40168,96.98,31.2834,1484.957
20211003T014944.770Z,9.4673,3.40167,96.981,31.2833,1484.957
20211003T014945.775Z,9.4673,3.40167,96.98,31.2832,1484.957
20211003T014946.769Z,9.4673,3.40167,96.98,31.2832,1484.957
20211003T014947.790Z,9.4673,3.40167,96.98,31.2833,1484.957
20211003T014948.783Z,9.4673,3.40168,96.98,31.2833,1484.957
20211003T014949.796Z,9.4674,3.40168,96.98,31.2832,1484.958
20211003T014950.775Z,9.4674,3.40168,96.98,31.2832,1484.957
20211003T014951.816Z,9.4673,3.40169,96.98,31.2834,1484.957
20211003T014952.770Z,9.4674,3.40168,96.98,31.2833,1484.958
20211003T014953.813Z,9.4673,3.40168,96.98,31.2834,1484.957
20211003T014954.780Z,9.4672,3.40169,96.979,31.2836,1484.957
20211003T014955.794Z,9.4673,3.4017,96.979,31.2835,1484.958
20211003T014956.769Z,9.4673,3.40169,96.98,31.2835,1484.957
20211003T014957.859Z,9.4672,3.40168,96.979,31.2835,1484.957
20211003T014958.785Z,9.4672,3.40169,96.98,31.2835,1484.957
20211003T014959.831Z,9.4673,3.40167,96.979,31.2833,1484.957
20211003T015000.770Z,9.4672,3.40167,96.979,31.2834,1484.957
20211003T015001.827Z,9.4672,3.40166,96.981,31.2832,1484.957
20211003T015002.791Z,9.4672,3.40166,96.98,31.2832,1484.957
20211003T015003.774Z,9.4673,3.40165,96.98,31.2831,1484.957
20211003T015004.770Z,9.4673,3.40166,96.979,31.2831,1484.957
20211003T015005.775Z,9.4673,3.40166,96.979,31.2832,1484.957
20211003T015006.770Z,9.4674,3.40167,96.979,31.2831,1484.957
20211003T015007.789Z,9.4675,3.40167,96.979,31.283,1484.958
20211003T015008.774Z,9.4676,3.40166,96.98,31.2829,1484.958
20211003T015009.792Z,9.4677,3.40166,96.98,31.2828,1484.958
20211003T015010.769Z,9.4678,3.40165,96.979,31.2826,1484.958
20211003T015011.838Z,9.4678,3.40164,96.978,31.2826,1484.958
20211003T015012.785Z,9.4679,3.40164,96.979,31.2824,1484.958
20211003T015013.771Z,9.4677,3.40165,96.98,31.2826,1484.958
20211003T015014.770Z,9.4677,3.40165,96.979,31.2826,1484.958
20211003T015015.844Z,9.4677,3.40167,96.978,31.2829,1484.958
20211003T015016.771Z,9.4676,3.40166,96.979,31.2829,1484.958
20211003T015017.786Z,9.4675,3.40166,96.979,31.2829,1484.958
20211003T015018.770Z,9.4674,3.40167,96.979,31.2832,1484.957
20211003T015019.791Z,9.4673,3.40167,96.979,31.2832,1484.957
20211003T015020.770Z,9.4673,3.40167,96.978,31.2832,1484.957
20211003T015021.865Z,9.4674,3.40168,96.978,31.2833,1484.957
20211003T015022.770Z,9.4673,3.40168,96.979,31.2834,1484.957
20211003T015023.808Z,9.4673,3.40169,96.978,31.2834,1484.957
20211003T015024.770Z,9.4673,3.40167,96.979,31.2833,1484.957
20211003T015025.817Z,9.4673,3.40168,96.978,31.2833,1484.957
20211003T015026.770Z,9.4673,3.40167,96.977,31.2832,1484.957
20211003T015027.791Z,9.4674,3.40167,96.978,31.2831,1484.957
20211003T015028.770Z,9.4675,3.40167,96.978,31.283,1484.958
20211003T015029.788Z,9.4675,3.40167,96.978,31.2831,1484.958
20211003T015030.771Z,9.4674,3.40168,96.977,31.2832,1484.957
20211003T015031.785Z,9.4674,3.40167,96.977,31.2831,1484.957
20211003T015032.770Z,9.4675,3.40168,96.978,31.2832,1484.958
20211003T015033.805Z,9.4673,3.40167,96.978,31.2832,1484.957
20211003T015034.770Z,9.4673,3.40167,96.978,31.2832,1484.957
20211003T015035.786Z,9.4674,3.40166,96.977,31.2831,1484.957
20211003T015036.770Z,9.4673,3.40167,96.977,31.2832,1484.957
20211003T015037.860Z,9.4673,3.40168,96.978,31.2833,1484.957
20211003T015038.770Z,9.4672,3.40168,96.977,31.2835,1484.957
20211003T015039.829Z,9.4672,3.40169,96.976,31.2836,1484.957
20211003T015040.770Z,9.4672,3.40169,96.978,31.2835,1484.957
20211003T015041.775Z,9.4673,3.40169,96.977,31.2835,1484.957
20211003T015042.770Z,9.4673,3.40169,96.977,31.2834,1484.957
20211003T015043.836Z,9.4674,3.40168,96.978,31.2832,1484.957
20211003T015044.769Z,9.4673,3.40169,96.977,31.2834,1484.957
20211003T015045.789Z,9.4674,3.40169,96.976,31.2833,1484.957
20211003T015046.770Z,9.4673,3.40169,96.977,31.2834,1484.957
20211003T015047.806Z,9.4672,3.40168,96.977,31.2835,1484.957
20211003T015048.769Z,9.4672,3.40169,96.977,31.2836,1484.957
20211003T015049.835Z,9.4673,3.40169,96.976,31.2835,1484.957
20211003T015050.775Z,9.4672,3.4017,96.977,31.2837,1484.957
20211003T015051.815Z,9.4672,3.40171,96.977,31.2837,1484.957
20211003T015052.770Z,9.4673,3.40171,96.976,31.2836,1484.958
20211003T015053.774Z,9.4673,3.40172,96.977,31.2837,1484.957
20211003T015054.774Z,9.4673,3.4017,96.976,31.2836,1484.957
20211003T015055.784Z,9.4674,3.40169,96.976,31.2834,1484.958
20211003T015056.770Z,9.4673,3.40169,96.977,31.2835,1484.957
20211003T015057.821Z,9.4673,3.40171,96.976,31.2836,1484.958
20211003T015058.772Z,9.4674,3.40171,96.976,31.2836,1484.958
20211003T015059.806Z,9.4674,3.40171,96.976,31.2836,1484.958
20211003T015100.769Z,9.4675,3.40171,96.976,31.2835,1484.958
20211003T015101.838Z,9.4674,3.40172,96.976,31.2836,1484.958
20211003T015102.770Z,9.4674,3.40172,96.976,31.2836,1484.958
20211003T015103.775Z,9.4675,3.40172,96.976,31.2836,1484.958
20211003T015104.770Z,9.4676,3.40174,96.976,31.2837,1484.959
20211003T015105.774Z,9.4678,3.40173,96.976,31.2835,1484.959
20211003T015106.769Z,9.468,3.40175,96.976,31.2835,1484.96
20211003T015107.843Z,9.4681,3.40174,96.976,31.2833,1484.96
20211003T015108.769Z,9.468,3.40174,96.975,31.2833,1484.96
20211003T015109.828Z,9.4678,3.40175,96.975,31.2836,1484.959
20211003T015110.770Z,9.4677,3.40173,96.976,31.2835,1484.959
20211003T015111.776Z,9.4677,3.40174,96.976,31.2836,1484.959
20211003T015112.770Z,9.4677,3.40174,96.976,31.2837,1484.959
20211003T015113.860Z,9.4676,3.40174,96.975,31.2837,1484.959
20211003T015114.770Z,9.4675,3.40175,96.975,31.2839,1484.958
20211003T015115.825Z,9.4674,3.40174,96.975,31.2839,1484.958
20211003T015116.769Z,9.4673,3.40174,96.975,31.284,1484.958
20211003T015117.816Z,9.4673,3.40173,96.975,31.2839,1484.958
20211003T015118.770Z,9.4672,3.40176,96.975,31.2842,1484.958
20211003T015119.785Z,9.4673,3.40175,96.976,31.2841,1484.958
20211003T015120.770Z,9.4673,3.40175,96.975,31.284,1484.958
20211003T015121.772Z,9.4674,3.40176,96.974,31.284,1484.958
20211003T015122.771Z,9.4675,3.40175,96.975,31.2839,1484.958
20211003T015123.795Z,9.4675,3.40176,96.976,31.2839,1484.959
20211003T015124.770Z,9.4673,3.40176,96.975,31.2841,1484.958
20211003T015125.804Z,9.4673,3.40175,96.976,31.284,1484.958
20211003T015126.770Z,9.4673,3.40173,96.976,31.2839,1484.958
20211003T015127.805Z,9.4673,3.40172,96.975,31.2838,1484.958
20211003T015128.769Z,9.4672,3.40173,96.975,31.284,1484.958
20211003T015129.774Z,9.4672,3.40171,96.974,31.2838,1484.957
20211003T015130.770Z,9.4672,3.40171,96.975,31.2838,1484.957
20211003T015131.779Z,9.4672,3.40171,96.975,31.2838,1484.957
20211003T015132.769Z,9.4672,3.40171,96.975,31.2837,1484.957
20211003T015133.777Z,9.4673,3.40172,96.975,31.2837,1484.957
20211003T015134.769Z,9.4673,3.40172,96.975,31.2838,1484.958
20211003T015135.853Z,9.4672,3.40173,96.975,31.2839,1484.957
20211003T015136.774Z,9.4672,3.40173,96.974,31.2839,1484.957
20211003T015137.837Z,9.4671,3.40173,96.974,31.284,1484.957
20211003T015138.769Z,9.4671,3.40173,96.974,31.284,1484.957
20211003T015140.028Z,9.4671,3.40175,96.975,31.2842,1484.957
20211003T015140.770Z,9.467,3.40173,96.974,31.2841,1484.957
20211003T015141.777Z,9.467,3.40172,96.974,31.284,1484.957
20211003T015142.770Z,9.467,3.40173,96.974,31.2841,1484.957
20211003T015143.778Z,9.4671,3.40173,96.974,31.284,1484.957
20211003T015144.773Z,9.467,3.40173,96.974,31.2841,1484.957
20211003T015145.813Z,9.467,3.40173,96.973,31.2841,1484.957
20211003T015146.770Z,9.4671,3.40174,96.974,31.2841,1484.957
20211003T015147.811Z,9.4671,3.40173,96.974,31.284,1484.957
20211003T015148.771Z,9.4671,3.40174,96.973,31.2841,1484.957
20211003T015149.780Z,9.4672,3.40175,96.975,31.2842,1484.958
20211003T015150.783Z,9.467,3.40176,96.973,31.2844,1484.957
20211003T015151.814Z,9.4672,3.40177,96.973,31.2844,1484.958
20211003T015152.771Z,9.4672,3.40179,96.974,31.2845,1484.958
20211003T015153.844Z,9.4673,3.40179,96.975,31.2845,1484.958
20211003T015154.771Z,9.4673,3.4018,96.974,31.2846,1484.959
20211003T015155.810Z,9.4674,3.40183,96.973,31.2849,1484.959
20211003T015156.770Z,9.4673,3.40184,96.975,31.285,1484.959
20211003T015157.840Z,9.4672,3.40185,96.974,31.2851,1484.959
20211003T015158.769Z,9.4672,3.40181,96.974,31.2848,1484.958
20211003T015159.776Z,9.4672,3.40179,96.973,31.2845,1484.958
20211003T015200.769Z,9.4673,3.4018,96.973,31.2846,1484.958
20211003T015201.781Z,9.4673,3.40179,96.973,31.2844,1484.958
20211003T015202.769Z,9.4673,3.4018,96.973,31.2845,1484.959
20211003T015203.791Z,9.4673,3.40179,96.974,31.2844,1484.958
20211003T015204.769Z,9.4673,3.40179,96.972,31.2845,1484.958
20211003T015205.778Z,9.4675,3.40181,96.973,31.2845,1484.959
20211003T015206.769Z,9.4675,3.4018,96.973,31.2844,1484.959
20211003T015207.775Z,9.4674,3.4018,96.974,31.2844,1484.959
20211003T015208.769Z,9.4674,3.4018,96.974,31.2845,1484.959
20211003T015209.805Z,9.4675,3.4018,96.973,31.2844,1484.959
20211003T015210.770Z,9.4674,3.4018,96.973,31.2844,1484.959
20211003T015211.775Z,9.4674,3.4018,96.972,31.2845,1484.959
20211003T015212.769Z,9.4673,3.40179,96.973,31.2845,1484.958
20211003T015213.788Z,9.4673,3.40179,96.973,31.2845,1484.958
20211003T015214.784Z,9.4673,3.40178,96.973,31.2843,1484.958
20211003T015215.779Z,9.4674,3.40177,96.973,31.2842,1484.958
20211003T015216.771Z,9.4673,3.40179,96.974,31.2844,1484.958
20211003T015217.861Z,9.4673,3.40179,96.973,31.2845,1484.958
20211003T015218.770Z,9.4673,3.40179,96.973,31.2845,1484.958
20211003T015219.787Z,9.4672,3.40181,96.973,31.2848,1484.958
20211003T015220.771Z,9.4672,3.4018,96.973,31.2847,1484.958
20211003T015221.799Z,9.4674,3.40181,96.973,31.2846,1484.959
20211003T015222.775Z,9.4675,3.4018,96.972,31.2844,1484.959
20211003T015223.773Z,9.4677,3.4018,96.973,31.2842,1484.96
20211003T015224.770Z,9.4679,3.40179,96.973,31.2839,1484.96
20211003T015225.774Z,9.4679,3.40181,96.973,31.2841,1484.96
20211003T015226.770Z,9.4677,3.40181,96.972,31.2843,1484.96
20211003T015227.812Z,9.4678,3.40182,96.973,31.2844,1484.96
20211003T015228.770Z,9.4679,3.40183,96.972,31.2844,1484.961
20211003T015229.789Z,9.4678,3.40183,96.973,31.2845,1484.96
20211003T015230.771Z,9.4679,3.40183,96.973,31.2844,1484.96
20211003T015231.812Z,9.4678,3.40182,96.973,31.2843,1484.96
20211003T015232.769Z,9.4679,3.40183,96.972,31.2844,1484.96
20211003T015233.836Z,9.4679,3.40182,96.972,31.2843,1484.96
20211003T015234.770Z,9.468,3.40182,96.973,31.2842,1484.961
20211003T015235.859Z,9.4678,3.40184,96.972,31.2845,1484.96
20211003T015236.770Z,9.4676,3.40183,96.972,31.2846,1484.96
20211003T015237.901Z,9.4676,3.40182,96.973,31.2846,1484.96
20211003T015238.770Z,9.4676,3.40184,96.973,31.2847,1484.96
20211003T015239.785Z,9.4676,3.40187,96.972,31.285,1484.96
20211003T015240.770Z,9.4674,3.40188,96.972,31.2853,1484.96
20211003T015241.830Z,9.4674,3.40188,96.972,31.2853,1484.96
20211003T015242.770Z,9.4675,3.40188,96.972,31.2852,1484.96
20211003T015243.780Z,9.4675,3.40187,96.972,31.2851,1484.96
20211003T015244.770Z,9.4676,3.40188,96.972,31.2851,1484.96
20211003T015245.848Z,9.4677,3.40188,96.971,31.2851,1484.961
20211003T015246.769Z,9.4677,3.4019,96.973,31.2852,1484.961
20211003T015247.788Z,9.4679,3.40193,96.972,31.2854,1484.962
20211003T015248.771Z,9.4679,3.40195,96.972,31.2856,1484.962
20211003T015249.855Z,9.4679,3.40194,96.972,31.2855,1484.962
20211003T015250.770Z,9.4679,3.40194,96.972,31.2854,1484.962
20211003T015251.774Z,9.4684,3.40192,96.972,31.2848,1484.963
20211003T015252.770Z,9.4685,3.40196,96.972,31.2851,1484.964
20211003T015253.829Z,9.4681,3.40195,96.972,31.2854,1484.963
20211003T015254.770Z,9.4677,3.40196,96.971,31.2859,1484.961
20211003T015255.812Z,9.4676,3.40195,96.972,31.2859,1484.961
20211003T015256.770Z,9.4677,3.40195,96.972,31.2858,1484.961
20211003T015257.799Z,9.4678,3.40195,96.973,31.2856,1484.962
20211003T015258.769Z,9.4678,3.40195,96.972,31.2856,1484.962
20211003T015259.828Z,9.4677,3.40195,96.972,31.2857,1484.961
20211003T015300.769Z,9.4676,3.40192,96.972,31.2856,1484.961
20211003T015301.896Z,9.4675,3.40193,96.972,31.2857,1484.961
20211003T015302.770Z,9.4674,3.40194,96.971,31.2859,1484.961
20211003T015303.833Z,9.4676,3.40192,96.971,31.2856,1484.961
20211003T015304.774Z,9.4679,3.40192,96.972,31.2853,1484.962
20211003T015305.778Z,9.468,3.40192,96.971,31.2852,1484.962
20211003T015306.770Z,9.4681,3.40191,96.971,31.285,1484.962
20211003T015307.771Z,9.4679,3.40191,96.972,31.2851,1484.962
20211003T015308.774Z,9.4677,3.4019,96.972,31.2852,1484.961
20211003T015309.795Z,9.4676,3.4019,96.972,31.2854,1484.961
20211003T015310.770Z,9.4678,3.4019,96.971,31.2852,1484.961
20211003T015311.837Z,9.4678,3.40189,96.971,31.285,1484.961
20211003T015312.772Z,9.4678,3.4019,96.971,31.2852,1484.961
20211003T015313.778Z,9.4679,3.40189,96.971,31.285,1484.961
20211003T015314.770Z,9.4679,3.4019,96.972,31.285,1484.961
20211003T015315.825Z,9.468,3.4019,96.971,31.2849,1484.962
20211003T015316.771Z,9.4682,3.40189,96.971,31.2847,1484.962
20211003T015317.772Z,9.4682,3.40188,96.971,31.2845,1484.962
20211003T015318.770Z,9.4683,3.40189,96.97,31.2846,1484.962
20211003T015319.778Z,9.4684,3.40189,96.971,31.2846,1484.963
20211003T015320.769Z,9.4684,3.40189,96.971,31.2845,1484.962
20211003T015321.784Z,9.4684,3.4019,96.971,31.2846,1484.963
20211003T015322.769Z,9.4684,3.40191,96.971,31.2848,1484.963
20211003T015323.775Z,9.4684,3.40191,96.971,31.2847,1484.963
20211003T015324.770Z,9.4684,3.4019,96.971,31.2846,1484.963
20211003T015325.783Z,9.4685,3.40188,96.97,31.2844,1484.963
20211003T015326.769Z,9.4685,3.40188,96.971,31.2843,1484.963
20211003T015327.819Z,9.4682,3.40187,96.971,31.2845,1484.962
20211003T015328.770Z,9.4678,3.40188,96.97,31.2849,1484.961
20211003T015329.861Z,9.4676,3.40188,96.97,31.2851,1484.96
20211003T015330.769Z,9.4674,3.40187,96.971,31.2851,1484.96
20211003T015331.775Z,9.4675,3.40187,96.971,31.2851,1484.96
20211003T015332.770Z,9.4674,3.40187,96.97,31.2852,1484.96
20211003T015333.777Z,9.4676,3.40187,96.97,31.285,1484.96
20211003T015334.770Z,9.4678,3.40187,96.971,31.2849,1484.961
20211003T015335.795Z,9.4677,3.40185,96.971,31.2847,1484.96
20211003T015336.770Z,9.4676,3.40185,96.972,31.2848,1484.96
20211003T015337.798Z,9.4676,3.40185,96.971,31.2849,1484.96
20211003T015338.770Z,9.4676,3.40184,96.971,31.2848,1484.96
20211003T015339.861Z,9.4676,3.40185,96.971,31.2848,1484.96
20211003T015340.770Z,9.4676,3.40186,96.971,31.2849,1484.96
20211003T015341.820Z,9.4678,3.40185,96.97,31.2846,1484.96
20211003T015342.771Z,9.468,3.40185,96.971,31.2844,1484.961
20211003T015343.828Z,9.468,3.40185,96.97,31.2845,1484.961
20211003T015344.771Z,9.4679,3.40185,96.971,31.2846,1484.961
20211003T015345.771Z,9.4677,3.40186,96.97,31.2848,1484.96
20211003T015346.770Z,9.4675,3.40186,96.971,31.2849,1484.96
20211003T015347.783Z,9.4674,3.40185,96.97,31.285,1484.959
20211003T015348.769Z,9.4674,3.40185,96.971,31.285,1484.959
20211003T015349.880Z,9.4673,3.40186,96.971,31.2851,1484.959
20211003T015350.774Z,9.4673,3.40186,96.971,31.2851,1484.959
20211003T015351.782Z,9.4674,3.40186,96.971,31.2851,1484.959
20211003T015352.783Z,9.4675,3.40188,96.97,31.2852,1484.96
20211003T015353.803Z,9.4674,3.40188,96.97,31.2853,1484.96
20211003T015354.770Z,9.4674,3.40188,96.971,31.2852,1484.96
20211003T015355.843Z,9.4675,3.40188,96.97,31.2852,1484.96
20211003T015356.770Z,9.4675,3.40187,96.971,31.2851,1484.96
20211003T015357.834Z,9.4676,3.40187,96.97,31.2851,1484.96
20211003T015358.772Z,9.4676,3.40186,96.97,31.2849,1484.96
20211003T015359.835Z,9.4676,3.40186,96.97,31.285,1484.96
20211003T015400.769Z,9.4675,3.40185,96.971,31.2849,1484.96
20211003T015401.789Z,9.4675,3.40186,96.971,31.285,1484.96
20211003T015402.771Z,9.4676,3.40186,96.97,31.2849,1484.96
20211003T015403.772Z,9.4676,3.40186,96.971,31.2849,1484.96
20211003T015404.769Z,9.4676,3.40186,96.97,31.2849,1484.96
20211003T015405.907Z,9.4677,3.40186,96.971,31.2848,1484.96
20211003T015406.771Z,9.4677,3.40186,96.969,31.2848,1484.96
20211003T015407.808Z,9.4678,3.40187,96.969,31.2848,1484.961
20211003T015408.771Z,9.4678,3.40187,96.97,31.2848,1484.961
20211003T015409.855Z,9.468,3.40187,96.97,31.2846,1484.961
20211003T015410.771Z,9.4681,3.40187,96.97,31.2845,1484.961
20211003T015411.842Z,9.4682,3.40188,96.969,31.2846,1484.962
20211003T015412.771Z,9.4683,3.40187,96.97,31.2845,1484.962
20211003T015413.833Z,9.4681,3.40188,96.969,31.2846,1484.962
20211003T015414.769Z,9.468,3.40188,96.97,31.2847,1484.961
20211003T015415.777Z,9.4682,3.40188,96.969,31.2846,1484.962
20211003T015416.783Z,9.4684,3.40189,96.969,31.2845,1484.962
20211003T015417.844Z,9.4684,3.40189,96.969,31.2845,1484.962
20211003T015418.769Z,9.4684,3.40188,96.97,31.2845,1484.962
20211003T015419.843Z,9.4684,3.40188,96.969,31.2845,1484.962
20211003T015420.971Z,9.4682,3.40189,96.969,31.2848,1484.962
20211003T015421.831Z,9.468,3.40189,96.969,31.2849,1484.961
20211003T015422.770Z,9.4679,3.40189,96.97,31.285,1484.961
20211003T015423.788Z,9.4678,3.40189,96.969,31.2851,1484.961
20211003T015424.769Z,9.4676,3.4019,96.969,31.2853,1484.96
20211003T015425.772Z,9.4675,3.4019,96.969,31.2854,1484.96
20211003T015426.770Z,9.4675,3.4019,96.969,31.2855,1484.96
20211003T015427.862Z,9.4675,3.40191,96.969,31.2855,1484.96
20211003T015428.769Z,9.4674,3.40191,96.968,31.2856,1484.96
20211003T015429.772Z,9.4674,3.40191,96.97,31.2856,1484.96
20211003T015430.769Z,9.4674,3.40192,96.968,31.2858,1484.96
20211003T015431.776Z,9.4673,3.40192,96.969,31.2858,1484.96
20211003T015432.770Z,9.4673,3.40192,96.97,31.2859,1484.96
20211003T015433.852Z,9.4672,3.40193,96.969,31.286,1484.96
20211003T015434.771Z,9.4672,3.40192,96.968,31.2859,1484.96
20211003T015435.779Z,9.4672,3.4019,96.97,31.2856,1484.959
20211003T015436.776Z,9.4672,3.40191,96.969,31.2858,1484.96
20211003T015437.781Z,9.4672,3.40191,96.969,31.2857,1484.96
20211003T015438.771Z,9.4673,3.40191,96.97,31.2857,1484.96
20211003T015439.781Z,9.4674,3.40191,96.969,31.2857,1484.96
20211003T015440.783Z,9.4673,3.40192,96.968,31.2857,1484.96
20211003T015441.845Z,9.4673,3.40192,96.968,31.2857,1484.96
20211003T015442.770Z,9.4673,3.40191,96.969,31.2856,1484.96
20211003T015443.794Z,9.4674,3.40192,96.969,31.2858,1484.96
20211003T015444.772Z,9.4673,3.40192,96.968,31.2858,1484.96
20211003T015445.770Z,9.4674,3.40192,96.967,31.2858,1484.96
20211003T015446.770Z,9.4673,3.40193,96.968,31.2858,1484.96
20211003T015447.791Z,9.4674,3.40194,96.967,31.2859,1484.96
20211003T015448.770Z,9.4674,3.40194,96.968,31.2859,1484.961
20211003T015449.776Z,9.4676,3.40194,96.968,31.2857,1484.961
20211003T015450.769Z,9.4677,3.40195,96.968,31.2857,1484.962
20211003T015451.791Z,9.468,3.40196,96.969,31.2855,1484.962
20211003T015452.770Z,9.4681,3.40195,96.968,31.2854,1484.963
20211003T015453.797Z,9.468,3.40194,96.967,31.2854,1484.962
20211003T015454.770Z,9.4679,3.40195,96.968,31.2855,1484.962
20211003T015455.774Z,9.4678,3.40196,96.967,31.2858,1484.962
20211003T015456.770Z,9.4679,3.40196,96.968,31.2856,1484.962
20211003T015457.858Z,9.4681,3.40196,96.968,31.2855,1484.963
20211003T015458.770Z,9.4683,3.40197,96.967,31.2854,1484.963
20211003T015459.776Z,9.4685,3.40199,96.968,31.2855,1484.964
20211003T015500.770Z,9.4688,3.40198,96.967,31.2851,1484.965
20211003T015501.836Z,9.4689,3.40199,96.967,31.2851,1484.965
20211003T015502.770Z,9.4688,3.40199,96.967,31.2852,1484.965
20211003T015503.774Z,9.4688,3.40199,96.967,31.2852,1484.965
20211003T015504.770Z,9.4687,3.402,96.967,31.2853,1484.965
20211003T015505.798Z,9.4686,3.402,96.967,31.2854,1484.964
20211003T015506.771Z,9.4685,3.402,96.967,31.2856,1484.964
20211003T015507.904Z,9.4684,3.402,96.967,31.2856,1484.964
20211003T015508.769Z,9.4685,3.402,96.968,31.2855,1484.964
20211003T015509.774Z,9.4684,3.402,96.966,31.2856,1484.964
20211003T015510.770Z,9.4684,3.402,96.967,31.2856,1484.964
20211003T015511.775Z,9.4684,3.402,96.966,31.2857,1484.964
20211003T015512.770Z,9.4682,3.402,96.967,31.2858,1484.963
20211003T015513.781Z,9.4681,3.402,96.968,31.2859,1484.963
20211003T015514.770Z,9.4681,3.40199,96.967,31.2858,1484.963
20211003T015515.784Z,9.468,3.40199,96.967,31.2859,1484.963
20211003T015516.770Z,9.468,3.402,96.967,31.286,1484.963
20211003T015517.785Z,9.4678,3.402,96.967,31.2862,1484.962
20211003T015518.770Z,9.4678,3.40198,96.967,31.286,1484.962
20211003T015519.784Z,9.4679,3.402,96.966,31.286,1484.963
20211003T015520.770Z,9.4679,3.40199,96.966,31.286,1484.962
20211003T015521.822Z,9.4679,3.40199,96.967,31.286,1484.963
20211003T015522.774Z,9.468,3.40199,96.966,31.2859,1484.963
20211003T015523.795Z,9.4679,3.40199,96.966,31.2859,1484.962
20211003T015524.769Z,9.4679,3.402,96.966,31.2861,1484.963
20211003T015525.804Z,9.4679,3.402,96.967,31.2861,1484.963
20211003T015526.771Z,9.4679,3.40198,96.966,31.2859,1484.962
20211003T015527.838Z,9.468,3.40198,96.966,31.2858,1484.963
20211003T015528.770Z,9.468,3.402,96.966,31.286,1484.963
20211003T015529.873Z,9.4679,3.40199,96.966,31.286,1484.962
20211003T015530.771Z,9.4678,3.40198,96.966,31.286,1484.962
20211003T015531.839Z,9.4677,3.40198,96.966,31.286,1484.962
20211003T015532.770Z,9.4676,3.40197,96.966,31.2861,1484.961
20211003T015533.788Z,9.4675,3.40199,96.966,31.2863,1484.961
20211003T015534.770Z,9.4675,3.40198,96.966,31.2862,1484.961
20211003T015535.772Z,9.4674,3.40198,96.966,31.2863,1484.961
20211003T015536.770Z,9.4674,3.40199,96.966,31.2864,1484.961
20211003T015537.788Z,9.4674,3.40198,96.965,31.2863,1484.961
20211003T015538.770Z,9.4674,3.40196,96.965,31.2862,1484.961
20211003T015539.793Z,9.4673,3.40197,96.966,31.2863,1484.961
20211003T015540.769Z,9.4675,3.40197,96.965,31.2861,1484.961
20211003T015541.776Z,9.4676,3.40197,96.966,31.286,1484.961
20211003T015542.770Z,9.4676,3.40197,96.966,31.2861,1484.961
20211003T015543.781Z,9.4675,3.40197,96.966,31.2861,1484.961
20211003T015544.770Z,9.4676,3.40196,96.966,31.286,1484.961
20211003T015545.778Z,9.4674,3.40196,96.966,31.2861,1484.961
20211003T015546.770Z,9.4675,3.40196,96.965,31.286,1484.961
20211003T015547.777Z,9.4676,3.40196,96.965,31.286,1484.961
20211003T015548.770Z,9.4676,3.40196,96.965,31.2859,1484.961
20211003T015549.816Z,9.4677,3.40197,96.965,31.286,1484.961
20211003T015550.770Z,9.4676,3.40197,96.965,31.286,1484.961
20211003T015551.784Z,9.4676,3.40197,96.964,31.286,1484.961
20211003T015552.771Z,9.4676,3.40196,96.965,31.286,1484.961
20211003T015553.853Z,9.4677,3.40196,96.964,31.2859,1484.962
20211003T015554.784Z,9.4677,3.40198,96.965,31.2861,1484.962
20211003T015555.847Z,9.4677,3.40198,96.965,31.2861,1484.962
20211003T015556.770Z,9.4677,3.40196,96.964,31.2859,1484.962
20211003T015557.824Z,9.4677,3.40197,96.964,31.286,1484.962
20211003T015558.771Z,9.4677,3.40197,96.965,31.286,1484.962
20211003T015559.783Z,9.4677,3.40196,96.965,31.2858,1484.962
20211003T015600.771Z,9.4678,3.40198,96.965,31.2859,1484.962
20211003T015601.878Z,9.4679,3.40197,96.965,31.2858,1484.962
20211003T015602.770Z,9.468,3.40197,96.965,31.2857,1484.962
20211003T015603.880Z,9.4679,3.40197,96.965,31.2857,1484.962
20211003T015604.774Z,9.468,3.40197,96.964,31.2857,1484.963
20211003T015605.776Z,9.468,3.40199,96.965,31.2859,1484.963
20211003T015606.770Z,9.4681,3.40197,96.964,31.2857,1484.963
20211003T015607.770Z,9.468,3.40199,96.965,31.2859,1484.963
20211003T015608.774Z,9.4679,3.40198,96.965,31.2859,1484.962
20211003T015609.873Z,9.4679,3.402,96.963,31.2861,1484.963
20211003T015610.770Z,9.4679,3.402,96.965,31.2861,1484.963
20211003T015611.779Z,9.4679,3.40199,96.964,31.2859,1484.962
20211003T015612.772Z,9.468,3.40199,96.964,31.2859,1484.963
20211003T015613.851Z,9.468,3.40198,96.963,31.2858,1484.962
20211003T015614.771Z,9.468,3.40199,96.964,31.2859,1484.963
20211003T015615.773Z,9.468,3.40199,96.965,31.2858,1484.963
20211003T015616.771Z,9.468,3.40198,96.964,31.2858,1484.963
20211003T015617.779Z,9.4681,3.40198,96.963,31.2857,1484.963
20211003T015618.784Z,9.4682,3.40198,96.964,31.2857,1484.963
20211003T015619.821Z,9.468,3.40198,96.964,31.2858,1484.963
20211003T015620.770Z,9.4679,3.40197,96.964,31.2857,1484.962
20211003T015621.773Z,9.4679,3.40198,96.963,31.2859,1484.962
20211003T015622.770Z,9.4676,3.40198,96.964,31.2861,1484.961
20211003T015623.772Z,9.4674,3.40198,96.963,31.2863,1484.961
20211003T015624.769Z,9.4674,3.40198,96.963,31.2863,1484.961
20211003T015625.813Z,9.4674,3.40199,96.963,31.2864,1484.961
20211003T015626.771Z,9.4676,3.402,96.963,31.2864,1484.962
20211003T015627.828Z,9.4677,3.40199,96.963,31.2862,1484.962
20211003T015628.771Z,9.4677,3.40198,96.963,31.286,1484.962
20211003T015629.844Z,9.4677,3.40198,96.964,31.286,1484.962
20211003T015630.770Z,9.4677,3.40199,96.962,31.2862,1484.962
20211003T015631.783Z,9.4677,3.40199,96.963,31.2861,1484.962
20211003T015632.769Z,9.4677,3.40199,96.963,31.2861,1484.962
20211003T015633.785Z,9.4677,3.40199,96.962,31.2862,1484.962
20211003T015634.770Z,9.4676,3.402,96.962,31.2863,1484.962
20211003T015635.885Z,9.4677,3.402,96.964,31.2863,1484.962
20211003T015636.770Z,9.4677,3.40201,96.963,31.2863,1484.962
20211003T015637.818Z,9.4678,3.40201,96.962,31.2862,1484.962
20211003T015638.770Z,9.4677,3.40201,96.962,31.2863,1484.962
20211003T015639.779Z,9.4678,3.40201,96.961,31.2863,1484.962
20211003T015640.770Z,9.4679,3.40202,96.963,31.2863,1484.963
20211003T015641.833Z,9.4678,3.40201,96.962,31.2863,1484.962
20211003T015642.989Z,9.468,3.40201,96.962,31.2862,1484.963
20211003T015643.774Z,9.468,3.40201,96.962,31.2861,1484.963
20211003T015644.769Z,9.468,3.40201,96.962,31.2861,1484.963
20211003T015645.806Z,9.468,3.402,96.962,31.286,1484.963
20211003T015646.770Z,9.4679,3.402,96.962,31.2861,1484.962
20211003T015647.895Z,9.4679,3.402,96.962,31.2861,1484.962
20211003T015648.769Z,9.4679,3.402,96.961,31.2861,1484.962
20211003T015649.855Z,9.4679,3.40201,96.962,31.2862,1484.963
20211003T015650.774Z,9.4679,3.402,96.961,31.2861,1484.962
20211003T015651.773Z,9.4679,3.402,96.961,31.2861,1484.962
20211003T015652.770Z,9.468,3.40201,96.961,31.2861,1484.963
20211003T015653.778Z,9.4681,3.40201,96.961,31.2861,1484.963
20211003T015654.771Z,9.4681,3.40201,96.961,31.286,1484.963
20211003T015655.771Z,9.4681,3.402,96.961,31.2859,1484.963
20211003T015656.769Z,9.4681,3.40199,96.96,31.2859,1484.963
20211003T015657.777Z,9.468,3.402,96.961,31.286,1484.963
20211003T015658.772Z,9.4679,3.402,96.961,31.2861,1484.962
20211003T015659.779Z,9.4677,3.402,96.961,31.2863,1484.962
20211003T015700.770Z,9.4677,3.40202,96.961,31.2865,1484.962
20211003T015701.864Z,9.4677,3.402,96.96,31.2863,1484.962
20211003T015702.770Z,9.4676,3.40202,96.96,31.2865,1484.962
20211003T015703.802Z,9.4676,3.40202,96.96,31.2865,1484.962
20211003T015704.770Z,9.4676,3.40202,96.96,31.2865,1484.962
20211003T015705.781Z,9.4676,3.40202,96.96,31.2865,1484.962
20211003T015706.769Z,9.4676,3.40201,96.96,31.2865,1484.962
20211003T015707.803Z,9.4677,3.40203,96.961,31.2866,1484.962
20211003T015708.770Z,9.4677,3.40202,96.961,31.2866,1484.962
20211003T015709.801Z,9.4678,3.40202,96.959,31.2864,1484.962
20211003T015710.770Z,9.4679,3.40204,96.96,31.2865,1484.963
20211003T015711.878Z,9.468,3.40204,96.96,31.2864,1484.963
20211003T015712.769Z,9.4682,3.40204,96.96,31.2862,1484.964
20211003T015713.821Z,9.4683,3.40203,96.959,31.2861,1484.964
20211003T015714.770Z,9.4683,3.40203,96.959,31.286,1484.964
20211003T015715.845Z,9.4681,3.40203,96.959,31.2861,1484.963
20211003T015716.769Z,9.4678,3.40202,96.96,31.2863,1484.963
20211003T015717.783Z,9.4676,3.40203,96.959,31.2867,1484.962
20211003T015718.770Z,9.4675,3.40203,96.959,31.2867,1484.962
20211003T015719.816Z,9.4674,3.40203,96.96,31.2868,1484.962
20211003T015720.770Z,9.4674,3.40204,96.959,31.2869,1484.962
20211003T015721.779Z,9.4674,3.40204,96.959,31.2869,1484.962
20211003T015722.771Z,9.4674,3.40204,96.959,31.2869,1484.962
20211003T015723.773Z,9.4674,3.40204,96.959,31.287,1484.962
20211003T015724.770Z,9.4673,3.40205,96.959,31.287,1484.962
20211003T015725.864Z,9.4674,3.40205,96.959,31.287,1484.962
20211003T015726.770Z,9.4675,3.40204,96.959,31.2869,1484.962
20211003T015727.770Z,9.4675,3.40205,96.959,31.287,1484.962
20211003T015728.770Z,9.4674,3.40204,96.958,31.2869,1484.962
20211003T015729.831Z,9.4675,3.40205,96.959,31.2869,1484.962
20211003T015730.770Z,9.4675,3.40205,96.96,31.2869,1484.962
20211003T015731.819Z,9.4676,3.40204,96.96,31.2868,1484.962
20211003T015732.770Z,9.4676,3.40205,96.959,31.2869,1484.962
20211003T015733.838Z,9.4676,3.40205,96.959,31.2869,1484.962
20211003T015734.770Z,9.4676,3.40205,96.959,31.2868,1484.962
20211003T015735.799Z,9.4676,3.40204,96.959,31.2867,1484.962
20211003T015736.775Z,9.4677,3.40204,96.959,31.2867,1484.963
20211003T015737.776Z,9.4677,3.40204,96.959,31.2866,1484.962
20211003T015738.770Z,9.4679,3.40203,96.958,31.2864,1484.963
20211003T015739.772Z,9.4678,3.40202,96.959,31.2863,1484.963
20211003T015740.771Z,9.4679,3.40202,96.958,31.2863,1484.963
20211003T015741.778Z,9.4679,3.40202,96.959,31.2863,1484.963
20211003T015742.770Z,9.4678,3.40202,96.958,31.2863,1484.963
20211003T015743.795Z,9.4677,3.40202,96.957,31.2864,1484.962
20211003T015744.772Z,9.4677,3.40202,96.958,31.2865,1484.962
20211003T015745.774Z,9.4676,3.40201,96.958,31.2864,1484.962
20211003T015746.770Z,9.4675,3.402,96.958,31.2865,1484.961
20211003T015747.818Z,9.4674,3.40201,96.958,31.2866,1484.961
20211003T015748.770Z,9.4673,3.402,96.958,31.2866,1484.961
20211003T015749.787Z,9.4674,3.402,96.956,31.2865,1484.961
20211003T015750.772Z,9.4674,3.402,96.957,31.2865,1484.961
20211003T015751.923Z,9.4677,3.402,96.957,31.2863,1484.962
20211003T015752.773Z,9.468,3.402,96.958,31.286,1484.963
20211003T015753.878Z,9.4681,3.40198,96.956,31.2857,1484.963
20211003T015754.769Z,9.4681,3.40199,96.957,31.2858,1484.963
20211003T015755.795Z,9.468,3.40199,96.957,31.2858,1484.963
20211003T015756.783Z,9.468,3.402,96.957,31.286,1484.963
20211003T015757.795Z,9.4681,3.40198,96.957,31.2857,1484.963
20211003T015758.770Z,9.4683,3.40198,96.957,31.2855,1484.963
20211003T015759.800Z,9.4686,3.40197,96.957,31.2852,1484.964
20211003T015800.784Z,9.4688,3.40196,96.956,31.2849,1484.964
20211003T015801.846Z,9.4687,3.40198,96.957,31.2851,1484.964
20211003T015802.769Z,9.4686,3.40196,96.957,31.2851,1484.964
20211003T015803.772Z,9.4685,3.40198,96.958,31.2853,1484.964
20211003T015804.790Z,9.4685,3.40198,96.956,31.2853,1484.964
20211003T015805.795Z,9.4684,3.40198,96.957,31.2855,1484.963
20211003T015806.771Z,9.4682,3.40198,96.957,31.2857,1484.963
20211003T015807.780Z,9.4681,3.40198,96.957,31.2857,1484.963
20211003T015808.769Z,9.468,3.40198,96.956,31.2858,1484.962
20211003T015809.858Z,9.468,3.40198,96.957,31.2858,1484.962
20211003T015810.770Z,9.4679,3.40198,96.957,31.2859,1484.962
20211003T015811.792Z,9.468,3.40198,96.957,31.2858,1484.963
20211003T015812.770Z,9.4681,3.40198,96.956,31.2857,1484.963
20211003T015813.804Z,9.468,3.40198,96.956,31.2858,1484.962
20211003T015814.770Z,9.468,3.40198,96.956,31.2858,1484.962
20211003T015815.805Z,9.468,3.40198,96.956,31.2858,1484.962
20211003T015816.770Z,9.468,3.40198,96.956,31.2857,1484.963
20211003T015817.775Z,9.468,3.40197,96.956,31.2856,1484.962
20211003T015818.776Z,9.4681,3.40196,96.956,31.2855,1484.962
20211003T015819.776Z,9.468,3.40198,96.957,31.2858,1484.963
20211003T015820.784Z,9.4681,3.40198,96.956,31.2857,1484.963
20211003T015821.788Z,9.4682,3.40196,96.955,31.2855,1484.963
20211003T015822.774Z,9.4681,3.40197,96.956,31.2856,1484.962
20211003T015823.779Z,9.4682,3.40197,96.956,31.2855,1484.963
20211003T015824.769Z,9.4682,3.40198,96.955,31.2856,1484.963
20211003T015825.856Z,9.4682,3.40197,96.955,31.2856,1484.963
20211003T015826.771Z,9.4682,3.40197,96.955,31.2855,1484.963
20211003T015827.776Z,9.4683,3.40198,96.956,31.2856,1484.963
20211003T015828.770Z,9.4683,3.40198,96.955,31.2855,1484.963
20211003T015829.864Z,9.4682,3.40198,96.956,31.2857,1484.963
20211003T015830.771Z,9.4681,3.40197,96.954,31.2856,1484.963
20211003T015831.790Z,9.4682,3.40198,96.956,31.2857,1484.963
20211003T015832.770Z,9.4682,3.40197,96.955,31.2855,1484.963
20211003T015833.902Z,9.4683,3.40197,96.955,31.2855,1484.963
20211003T015834.769Z,9.4683,3.40197,96.956,31.2854,1484.963
20211003T015835.784Z,9.4684,3.40197,96.955,31.2853,1484.963
20211003T015836.769Z,9.4684,3.40198,96.955,31.2854,1484.963
20211003T015837.775Z,9.4684,3.40197,96.955,31.2853,1484.963
20211003T015838.771Z,9.4684,3.40198,96.955,31.2854,1484.963
20211003T015839.795Z,9.4684,3.40197,96.954,31.2854,1484.963
20211003T015840.771Z,9.4683,3.40197,96.955,31.2855,1484.963
20211003T015841.795Z,9.4682,3.40197,96.954,31.2856,1484.963
20211003T015842.771Z,9.4681,3.40198,96.955,31.2858,1484.963
20211003T015843.778Z,9.468,3.40198,96.954,31.2858,1484.962
20211003T015844.783Z,9.468,3.40198,96.954,31.2858,1484.962
20211003T015845.774Z,9.4679,3.40197,96.955,31.2858,1484.962
20211003T015846.771Z,9.4678,3.40198,96.955,31.2859,1484.962
20211003T015847.787Z,9.4679,3.40198,96.954,31.2859,1484.962
20211003T015848.769Z,9.4678,3.402,96.954,31.2862,1484.962
20211003T015849.773Z,9.4677,3.40199,96.955,31.2862,1484.962
20211003T015850.770Z,9.4677,3.402,96.953,31.2862,1484.962
20211003T015851.782Z,9.4678,3.402,96.954,31.2862,1484.962
20211003T015852.770Z,9.4678,3.402,96.955,31.2862,1484.962
20211003T015853.775Z,9.4679,3.402,96.953,31.2861,1484.962
20211003T015854.769Z,9.4678,3.40201,96.954,31.2863,1484.962
20211003T015855.773Z,9.4678,3.40202,96.955,31.2863,1484.962
20211003T015856.769Z,9.4679,3.40201,96.954,31.2862,1484.963
20211003T015857.829Z,9.4679,3.40201,96.953,31.2862,1484.962
20211003T015858.770Z,9.4679,3.40201,96.953,31.2862,1484.963
20211003T015859.808Z,9.468,3.40203,96.954,31.2863,1484.963
20211003T015900.770Z,9.4679,3.40202,96.954,31.2863,1484.963
20211003T015901.789Z,9.468,3.40202,96.954,31.2862,1484.963
20211003T015902.770Z,9.4679,3.402,96.953,31.2862,1484.962
20211003T015903.774Z,9.4679,3.40201,96.953,31.2863,1484.962
20211003T015904.774Z,9.468,3.402,96.953,31.286,1484.963
20211003T015905.824Z,9.468,3.40201,96.953,31.2861,1484.963
20211003T015906.771Z,9.468,3.40201,96.954,31.2861,1484.963
20211003T015907.780Z,9.468,3.40201,96.953,31.2861,1484.963
20211003T015908.771Z,9.4681,3.40201,96.953,31.286,1484.963
20211003T015909.806Z,9.4682,3.40202,96.952,31.2861,1484.963
20211003T015910.769Z,9.4681,3.40202,96.952,31.2861,1484.963
20211003T015911.784Z,9.4681,3.40203,96.953,31.2861,1484.963
20211003T015912.773Z,9.4681,3.40203,96.953,31.2862,1484.963
20211003T015913.879Z,9.4681,3.40203,96.953,31.2863,1484.963
20211003T015914.770Z,9.4681,3.40204,96.952,31.2863,1484.963
20211003T015915.843Z,9.468,3.40204,96.953,31.2864,1484.963
20211003T015916.770Z,9.468,3.40204,96.952,31.2864,1484.963
20211003T015917.775Z,9.468,3.40204,96.952,31.2864,1484.963
20211003T015918.770Z,9.468,3.40204,96.951,31.2864,1484.963
20211003T015919.782Z,9.468,3.40205,96.952,31.2865,1484.963
20211003T015920.769Z,9.4679,3.40205,96.952,31.2866,1484.963
20211003T015921.844Z,9.4679,3.40204,96.952,31.2865,1484.963
20211003T015922.770Z,9.4679,3.40205,96.952,31.2866,1484.963
20211003T015923.887Z,9.4679,3.40205,96.953,31.2866,1484.963
20211003T015924.770Z,9.4679,3.40205,96.952,31.2866,1484.963
20211003T015925.864Z,9.4681,3.40204,96.952,31.2864,1484.963
20211003T015926.770Z,9.468,3.40204,96.951,31.2864,1484.963
20211003T015927.854Z,9.4681,3.40204,96.951,31.2864,1484.963
20211003T015928.770Z,9.468,3.40204,96.952,31.2864,1484.963
20211003T015929.783Z,9.4679,3.40203,96.951,31.2864,1484.963
20211003T015930.770Z,9.4678,3.40204,96.951,31.2865,1484.963
20211003T015931.774Z,9.4677,3.40204,96.951,31.2866,1484.962
20211003T015932.771Z,9.4676,3.40204,96.952,31.2868,1484.962
20211003T015933.789Z,9.4676,3.40205,96.951,31.2869,1484.962
20211003T015934.771Z,9.4675,3.40204,96.952,31.2868,1484.962
20211003T015935.792Z,9.4674,3.40204,96.951,31.2869,1484.961
20211003T015936.770Z,9.4674,3.40204,96.951,31.2869,1484.962
20211003T015937.775Z,9.4674,3.40204,96.95,31.287,1484.961
20211003T015938.770Z,9.4674,3.40204,96.95,31.2869,1484.962
20211003T015939.815Z,9.4673,3.40204,96.951,31.287,1484.961
20211003T015940.770Z,9.4673,3.40205,96.95,31.287,1484.961
20211003T015941.776Z,9.4673,3.40204,96.95,31.287,1484.961
20211003T015942.770Z,9.4674,3.40205,96.951,31.287,1484.962
20211003T015943.778Z,9.4674,3.40205,96.949,31.287,1484.962
20211003T015944.770Z,9.4674,3.40205,96.951,31.2871,1484.962
20211003T015945.803Z,9.4675,3.40205,96.95,31.2869,1484.962
20211003T015946.769Z,9.4676,3.40205,96.95,31.2868,1484.962
20211003T015947.804Z,9.4677,3.40205,96.95,31.2868,1484.962
20211003T015948.770Z,9.4677,3.40204,96.95,31.2867,1484.962
20211003T015949.800Z,9.4677,3.40205,96.95,31.2867,1484.962
20211003T015950.774Z,9.4677,3.40205,96.95,31.2868,1484.963
20211003T015951.796Z,9.4678,3.40204,96.95,31.2866,1484.963
20211003T015952.770Z,9.4678,3.40205,96.95,31.2866,1484.963
20211003T015953.779Z,9.4677,3.40204,96.95,31.2867,1484.962
20211003T015954.771Z,9.4677,3.40205,96.951,31.2868,1484.963
20211003T015955.847Z,9.4678,3.40205,96.95,31.2866,1484.963
20211003T015956.770Z,9.4679,3.40203,96.95,31.2864,1484.963
20211003T015957.799Z,9.468,3.40204,96.95,31.2864,1484.963
20211003T015958.772Z,9.468,3.40204,96.95,31.2864,1484.963
20211003T015959.798Z,9.4681,3.40203,96.95,31.2863,1484.963
20211003T020000.771Z,9.4681,3.40203,96.949,31.2862,1484.963
20211003T020001.834Z,9.4682,3.40204,96.95,31.2862,1484.963
20211003T020002.770Z,9.4682,3.40204,96.95,31.2863,1484.963
20211003T020003.778Z,9.4681,3.40203,96.95,31.2863,1484.963
20211003T020004.770Z,9.4681,3.40204,96.949,31.2863,1484.963
20211003T020005.859Z,9.4683,3.40204,96.949,31.2861,1484.964
20211003T020006.771Z,9.4684,3.40204,96.949,31.2861,1484.964
20211003T020007.791Z,9.4684,3.40204,96.95,31.2861,1484.964
20211003T020008.771Z,9.4684,3.40204,96.949,31.286,1484.964
20211003T020009.875Z,9.4684,3.40204,96.949,31.286,1484.964
20211003T020010.769Z,9.4684,3.40205,96.949,31.2861,1484.964
20211003T020011.855Z,9.4684,3.40204,96.949,31.2861,1484.964
20211003T020012.769Z,9.4683,3.40204,96.949,31.2861,1484.964
20211003T020013.775Z,9.4684,3.40204,96.948,31.2861,1484.964
20211003T020014.770Z,9.4683,3.40204,96.949,31.2861,1484.964
20211003T020015.815Z,9.4682,3.40204,96.95,31.2863,1484.964
20211003T020016.770Z,9.4682,3.40205,96.949,31.2863,1484.963
20211003T020017.817Z,9.4683,3.40205,96.948,31.2862,1484.964
20211003T020018.771Z,9.4681,3.40205,96.948,31.2863,1484.963
20211003T020019.785Z,9.4682,3.40205,96.949,31.2864,1484.964
20211003T020020.770Z,9.4681,3.40204,96.95,31.2863,1484.963
20211003T020021.780Z,9.4681,3.40204,96.948,31.2863,1484.963
20211003T020022.783Z,9.468,3.40204,96.949,31.2864,1484.963
20211003T020023.800Z,9.4679,3.40205,96.948,31.2866,1484.963
20211003T020024.770Z,9.468,3.40203,96.947,31.2863,1484.963
20211003T020025.773Z,9.468,3.40204,96.949,31.2864,1484.963
20211003T020026.770Z,9.468,3.40203,96.948,31.2863,1484.963
20211003T020027.786Z,9.468,3.40204,96.947,31.2864,1484.963
20211003T020028.769Z,9.468,3.40203,96.948,31.2864,1484.963
20211003T020029.803Z,9.468,3.40203,96.948,31.2862,1484.963
20211003T020030.770Z,9.4681,3.40204,96.948,31.2863,1484.963
20211003T020031.804Z,9.4681,3.40204,96.948,31.2863,1484.963
20211003T020032.769Z,9.4681,3.40204,96.948,31.2863,1484.963
20211003T020033.786Z,9.4681,3.40204,96.948,31.2863,1484.963
20211003T020034.772Z,9.4681,3.40205,96.948,31.2863,1484.963
20211003T020035.812Z,9.468,3.40204,96.948,31.2864,1484.963
20211003T020036.774Z,9.468,3.40204,96.948,31.2864,1484.963
20211003T020037.794Z,9.468,3.40204,96.948,31.2864,1484.963
20211003T020038.769Z,9.468,3.40203,96.947,31.2863,1484.963
20211003T020039.780Z,9.468,3.40204,96.948,31.2864,1484.963
20211003T020040.771Z,9.4679,3.40204,96.947,31.2865,1484.963
20211003T020041.854Z,9.4678,3.40205,96.947,31.2866,1484.963
20211003T020042.769Z,9.4678,3.40204,96.947,31.2866,1484.962
20211003T020043.784Z,9.4678,3.40204,96.947,31.2866,1484.963
20211003T020044.772Z,9.4678,3.40205,96.946,31.2867,1484.962
20211003T020045.798Z,9.4679,3.40204,96.948,31.2865,1484.963
20211003T020046.783Z,9.4679,3.40205,96.948,31.2867,1484.963
20211003T020047.796Z,9.4679,3.40204,96.948,31.2865,1484.963
20211003T020048.770Z,9.468,3.40204,96.946,31.2865,1484.963
20211003T020049.867Z,9.4679,3.40205,96.947,31.2866,1484.963
20211003T020050.770Z,9.468,3.40206,96.948,31.2866,1484.963
20211003T020051.793Z,9.468,3.40204,96.947,31.2864,1484.963
20211003T020052.771Z,9.468,3.40204,96.946,31.2864,1484.963
20211003T020053.808Z,9.4679,3.40205,96.947,31.2866,1484.963
20211003T020054.770Z,9.4678,3.40205,96.947,31.2866,1484.963
20211003T020055.774Z,9.4678,3.40204,96.946,31.2866,1484.962
20211003T020056.769Z,9.4677,3.40204,96.946,31.2866,1484.962
20211003T020057.827Z,9.4678,3.40206,96.946,31.2868,1484.963
20211003T020058.771Z,9.4678,3.40205,96.946,31.2866,1484.963
20211003T020059.777Z,9.4678,3.40205,96.946,31.2866,1484.963
20211003T020100.771Z,9.4679,3.40206,96.947,31.2867,1484.963
20211003T020101.797Z,9.4678,3.40205,96.947,31.2867,1484.963
20211003T020102.771Z,9.4679,3.40205,96.946,31.2866,1484.963
20211003T020103.789Z,9.4679,3.40205,96.946,31.2866,1484.963
20211003T020104.770Z,9.4679,3.40205,96.946,31.2865,1484.963
20211003T020105.808Z,9.4679,3.40205,96.945,31.2867,1484.963
20211003T020106.770Z,9.4679,3.40206,96.945,31.2867,1484.963
20211003T020107.772Z,9.4679,3.40206,96.944,31.2867,1484.963
20211003T020108.770Z,9.4679,3.40205,96.946,31.2866,1484.963
20211003T020109.835Z,9.4679,3.40206,96.946,31.2868,1484.963
20211003T020110.770Z,9.4679,3.40205,96.945,31.2866,1484.963
20211003T020111.811Z,9.4679,3.40206,96.945,31.2868,1484.963
20211003T020112.769Z,9.4678,3.40206,96.945,31.2868,1484.963
20211003T020113.814Z,9.4678,3.40205,96.945,31.2867,1484.963
20211003T020114.770Z,9.4677,3.40205,96.945,31.2868,1484.962
20211003T020115.774Z,9.4677,3.40205,96.945,31.2868,1484.962
20211003T020116.770Z,9.4677,3.40205,96.945,31.2868,1484.962
20211003T020117.787Z,9.4677,3.40205,96.944,31.2868,1484.962
20211003T020118.774Z,9.4677,3.40204,96.945,31.2868,1484.962
20211003T020119.792Z,9.4676,3.40205,96.946,31.2869,1484.962
20211003T020120.770Z,9.4676,3.40204,96.945,31.2868,1484.962
20211003T020121.813Z,9.4676,3.40204,96.945,31.2868,1484.962
20211003T020122.774Z,9.4676,3.40203,96.944,31.2867,1484.962
20211003T020123.819Z,9.4676,3.40204,96.944,31.2868,1484.962
20211003T020124.770Z,9.4675,3.40205,96.944,31.2869,1484.962
20211003T020125.778Z,9.4674,3.40204,96.945,31.2869,1484.962
20211003T020126.772Z,9.4674,3.40204,96.945,31.2869,1484.961
20211003T020127.790Z,9.4674,3.40204,96.944,31.2869,1484.961
20211003T020128.771Z,9.4674,3.40204,96.943,31.2869,1484.961
20211003T020129.775Z,9.4676,3.40202,96.944,31.2866,1484.962
20211003T020130.772Z,9.4676,3.40202,96.945,31.2865,1484.962
20211003T020131.847Z,9.4676,3.40202,96.943,31.2866,1484.962
20211003T020132.769Z,9.4677,3.40203,96.944,31.2866,1484.962
20211003T020133.811Z,9.4677,3.40203,96.944,31.2866,1484.962
20211003T020134.769Z,9.4676,3.40202,96.944,31.2865,1484.962
20211003T020135.881Z,9.4677,3.40203,96.944,31.2866,1484.962
20211003T020136.769Z,9.4676,3.40203,96.944,31.2866,1484.962
20211003T020137.843Z,9.4677,3.40202,96.943,31.2865,1484.962
20211003T020138.769Z,9.4677,3.40201,96.943,31.2864,1484.962
20211003T020139.835Z,9.4677,3.40202,96.943,31.2865,1484.962
20211003T020140.770Z,9.4676,3.40202,96.943,31.2866,1484.962
20211003T020141.775Z,9.4676,3.40202,96.943,31.2866,1484.962
20211003T020142.770Z,9.4675,3.40202,96.943,31.2867,1484.961
20211003T020143.818Z,9.4675,3.40203,96.943,31.2868,1484.962
20211003T020144.770Z,9.4675,3.40203,96.942,31.2867,1484.962
20211003T020145.814Z,9.4674,3.40203,96.943,31.2868,1484.961
20211003T020146.771Z,9.4674,3.40204,96.943,31.2869,1484.961
20211003T020147.870Z,9.4674,3.40205,96.943,31.287,1484.962
20211003T020148.770Z,9.4674,3.40204,96.943,31.2869,1484.961
20211003T020149.819Z,9.4674,3.40203,96.943,31.2869,1484.961
20211003T020150.770Z,9.4673,3.40203,96.943,31.2869,1484.961
20211003T020151.774Z,9.4673,3.40204,96.942,31.287,1484.961
20211003T020152.770Z,9.4673,3.40205,96.942,31.2871,1484.961
20211003T020153.845Z,9.4673,3.40204,96.944,31.287,1484.961
20211003T020154.770Z,9.4673,3.40204,96.942,31.287,1484.961
20211003T020155.876Z,9.4673,3.40205,96.942,31.2871,1484.961
20211003T020156.770Z,9.4673,3.40205,96.943,31.2871,1484.961
20211003T020157.801Z,9.4673,3.40204,96.942,31.2871,1484.961
20211003T020158.770Z,9.4674,3.40205,96.942,31.287,1484.961
20211003T020159.811Z,9.4674,3.40205,96.941,31.287,1484.962
20211003T020200.769Z,9.4674,3.40205,96.941,31.2871,1484.961
20211003T020201.775Z,9.4675,3.40205,96.942,31.2869,1484.962
20211003T020202.769Z,9.4676,3.40206,96.941,31.2869,1484.962
20211003T020203.787Z,9.4675,3.40205,96.941,31.287,1484.962
20211003T020204.775Z,9.4673,3.40205,96.94,31.2871,1484.961
20211003T020205.782Z,9.4674,3.40203,96.941,31.2868,1484.961
20211003T020206.769Z,9.4674,3.40203,96.941,31.2868,1484.961
20211003T020207.866Z,9.4675,3.40201,96.941,31.2865,1484.961
20211003T020208.770Z,9.4675,3.402,96.942,31.2865,1484.961
20211003T020209.814Z,9.4676,3.40199,96.941,31.2863,1484.961
20211003T020210.770Z,9.4677,3.40198,96.941,31.2861,1484.961
20211003T020211.786Z,9.4678,3.402,96.941,31.2862,1484.962
20211003T020212.773Z,9.4679,3.402,96.94,31.2861,1484.962
20211003T020213.812Z,9.4679,3.40199,96.941,31.286,1484.962
20211003T020214.769Z,9.4679,3.402,96.941,31.286,1484.962
20211003T020215.803Z,9.4679,3.402,96.94,31.2861,1484.962
20211003T020216.770Z,9.4679,3.40199,96.94,31.2861,1484.962
20211003T020217.812Z,9.4679,3.402,96.94,31.2861,1484.962
20211003T020218.770Z,9.4679,3.402,96.941,31.2861,1484.962
20211003T020219.780Z,9.4679,3.40199,96.941,31.286,1484.962
20211003T020220.771Z,9.4679,3.40198,96.94,31.2859,1484.962
20211003T020221.775Z,9.4678,3.40198,96.94,31.286,1484.962
20211003T020222.770Z,9.4677,3.40199,96.939,31.2861,1484.961
20211003T020223.871Z,9.4675,3.40198,96.94,31.2862,1484.961
20211003T020224.784Z,9.4673,3.40198,96.939,31.2864,1484.96
20211003T020225.898Z,9.4673,3.40199,96.941,31.2864,1484.961
20211003T020226.769Z,9.4672,3.40198,96.939,31.2865,1484.96
20211003T020227.776Z,9.4672,3.40199,96.94,31.2866,1484.96
20211003T020228.770Z,9.4672,3.40199,96.938,31.2866,1484.96
20211003T020229.791Z,9.4673,3.402,96.939,31.2867,1484.96
20211003T020230.769Z,9.4673,3.40199,96.939,31.2865,1484.96
20211003T020231.870Z,9.4672,3.402,96.939,31.2867,1484.96
20211003T020232.770Z,9.4673,3.40201,96.939,31.2868,1484.96
20211003T020233.777Z,9.4674,3.40201,96.939,31.2866,1484.961
20211003T020234.770Z,9.4673,3.402,96.939,31.2866,1484.961
20211003T020235.795Z,9.4674,3.40201,96.939,31.2866,1484.961
20211003T020236.770Z,9.4674,3.40203,96.938,31.2868,1484.961
20211003T020237.772Z,9.4674,3.40202,96.939,31.2867,1484.961
20211003T020238.770Z,9.4677,3.40203,96.938,31.2865,1484.962
20211003T020239.773Z,9.4679,3.40202,96.939,31.2863,1484.962
20211003T020240.770Z,9.4679,3.40202,96.938,31.2863,1484.962
20211003T020241.774Z,9.4679,3.40202,96.938,31.2863,1484.962
20211003T020242.769Z,9.4679,3.40203,96.939,31.2864,1484.962
20211003T020243.938Z,9.4679,3.40203,96.939,31.2864,1484.963
20211003T020244.771Z,9.4678,3.40204,96.938,31.2866,1484.962
20211003T020245.814Z,9.4678,3.40204,96.938,31.2866,1484.962
20211003T020246.770Z,9.4677,3.40204,96.938,31.2867,1484.962
20211003T020247.854Z,9.4676,3.40206,96.938,31.287,1484.962
20211003T020248.785Z,9.4676,3.40206,96.938,31.287,1484.962
20211003T020249.830Z,9.4675,3.40206,96.938,31.2871,1484.962
20211003T020250.775Z,9.4674,3.40207,96.938,31.2872,1484.962
20211003T020251.812Z,9.4674,3.40207,96.936,31.2873,1484.962
20211003T020252.771Z,9.4675,3.40207,96.938,31.2872,1484.962
20211003T020253.795Z,9.4677,3.40207,96.937,31.2869,1484.963
20211003T020254.770Z,9.4678,3.40207,96.938,31.287,1484.963
20211003T020255.771Z,9.4679,3.40208,96.938,31.2869,1484.963
20211003T020256.770Z,9.468,3.40208,96.936,31.2869,1484.963
20211003T020257.840Z,9.468,3.40208,96.937,31.2868,1484.963
20211003T020258.772Z,9.4681,3.40208,96.937,31.2867,1484.963
20211003T020259.829Z,9.4681,3.40206,96.936,31.2866,1484.963
20211003T020300.769Z,9.4682,3.40207,96.936,31.2866,1484.964
20211003T020301.779Z,9.4681,3.40207,96.937,31.2866,1484.963
20211003T020302.770Z,9.468,3.40207,96.937,31.2867,1484.963
20211003T020303.809Z,9.4681,3.40206,96.936,31.2866,1484.963
20211003T020304.770Z,9.4681,3.40207,96.937,31.2866,1484.963
20211003T020305.799Z,9.4681,3.40207,96.937,31.2866,1484.963
20211003T020306.770Z,9.468,3.40207,96.936,31.2867,1484.963
20211003T020307.819Z,9.468,3.40206,96.936,31.2867,1484.963
20211003T020308.770Z,9.4679,3.40207,96.937,31.2868,1484.963
20211003T020309.797Z,9.4679,3.40206,96.936,31.2867,1484.963
20211003T020310.770Z,9.4678,3.40206,96.936,31.2867,1484.963
20211003T020311.872Z,9.4677,3.40205,96.937,31.2868,1484.962
20211003T020312.783Z,9.4676,3.40206,96.936,31.2869,1484.962
20211003T020313.800Z,9.4675,3.40205,96.936,31.287,1484.962
20211003T020314.769Z,9.4674,3.40205,96.936,31.287,1484.962
20211003T020315.808Z,9.4675,3.40206,96.936,31.287,1484.962
20211003T020316.771Z,9.4677,3.40205,96.935,31.2868,1484.962
20211003T020317.875Z,9.4677,3.40206,96.935,31.2869,1484.962
20211003T020318.771Z,9.4677,3.40206,96.935,31.2869,1484.962
20211003T020319.820Z,9.4677,3.40206,96.936,31.2869,1484.962
20211003T020320.771Z,9.4679,3.40206,96.936,31.2868,1484.963
20211003T020321.814Z,9.4679,3.40206,96.934,31.2868,1484.963
20211003T020322.768Z,9.468,3.40206,96.936,31.2866,1484.963
20211003T020323.818Z,9.468,3.40206,96.936,31.2867,1484.963
20211003T020324.769Z,9.4682,3.40206,96.936,31.2864,1484.963
20211003T020325.815Z,9.4682,3.40206,96.936,31.2865,1484.964
20211003T020326.769Z,9.4681,3.40206,96.935,31.2866,1484.963
20211003T020327.781Z,9.468,3.40206,96.936,31.2866,1484.963
20211003T020328.770Z,9.4679,3.40206,96.935,31.2867,1484.963
20211003T020329.808Z,9.4678,3.40206,96.935,31.2869,1484.963
20211003T020330.770Z,9.4676,3.40206,96.935,31.287,1484.962
20211003T020331.813Z,9.4677,3.40207,96.935,31.287,1484.962
20211003T020332.774Z,9.4675,3.40208,96.935,31.2873,1484.962
20211003T020333.779Z,9.4675,3.40209,96.935,31.2874,1484.962
20211003T020334.770Z,9.4675,3.40209,96.934,31.2874,1484.962
20211003T020335.778Z,9.4677,3.40208,96.935,31.2871,1484.963
20211003T020336.774Z,9.4677,3.40207,96.934,31.287,1484.962
20211003T020337.821Z,9.4679,3.40207,96.935,31.2868,1484.963
20211003T020338.769Z,9.4684,3.40206,96.935,31.2863,1484.964
20211003T020339.793Z,9.4683,3.40207,96.935,31.2865,1484.964
20211003T020340.772Z,9.4679,3.40206,96.934,31.2867,1484.963
20211003T020341.797Z,9.468,3.40207,96.935,31.2867,1484.963
20211003T020342.770Z,9.468,3.40206,96.935,31.2866,1484.963
20211003T020343.826Z,9.468,3.40208,96.933,31.2868,1484.963
20211003T020344.772Z,9.468,3.4021,96.934,31.287,1484.963
20211003T020345.807Z,9.4679,3.40211,96.935,31.2872,1484.963
20211003T020346.771Z,9.4678,3.40212,96.934,31.2874,1484.963
20211003T020347.804Z,9.4678,3.40213,96.935,31.2874,1484.963
20211003T020348.771Z,9.4677,3.40213,96.936,31.2876,1484.963
20211003T020349.776Z,9.4676,3.40215,96.934,31.288,1484.963
20211003T020350.769Z,9.4674,3.40217,96.934,31.2883,1484.963
20211003T020351.777Z,9.4676,3.40219,96.933,31.2883,1484.964
20211003T020352.770Z,9.4676,3.40219,96.934,31.2883,1484.963
20211003T020353.796Z,9.4671,3.40218,96.934,31.2887,1484.962
20211003T020354.770Z,9.4672,3.40219,96.935,31.2886,1484.963
20211003T020355.838Z,9.4673,3.40219,96.934,31.2886,1484.963
20211003T020356.770Z,9.4673,3.40221,96.933,31.2888,1484.963
20211003T020357.796Z,9.4674,3.40221,96.935,31.2887,1484.963
20211003T020358.770Z,9.4677,3.40221,96.934,31.2885,1484.964
20211003T020359.838Z,9.4684,3.40222,96.934,31.2878,1484.966
20211003T020400.771Z,9.4681,3.40222,96.933,31.2881,1484.965
20211003T020401.789Z,9.4677,3.40222,96.934,31.2885,1484.964
20211003T020402.770Z,9.4675,3.4022,96.933,31.2885,1484.964
20211003T020403.777Z,9.4675,3.4022,96.934,31.2885,1484.964
20211003T020404.770Z,9.4674,3.40221,96.933,31.2886,1484.963
20211003T020405.827Z,9.4675,3.40219,96.934,31.2884,1484.963
20211003T020406.770Z,9.4676,3.40219,96.934,31.2883,1484.963
20211003T020407.775Z,9.4675,3.40218,96.933,31.2883,1484.963
20211003T020408.770Z,9.4676,3.40218,96.933,31.2882,1484.963
20211003T020409.860Z,9.4678,3.40218,96.934,31.288,1484.964
20211003T020410.770Z,9.4677,3.40218,96.933,31.2881,1484.964
20211003T020411.807Z,9.4679,3.40219,96.932,31.288,1484.964
20211003T020412.770Z,9.468,3.4022,96.933,31.288,1484.965
20211003T020413.811Z,9.4679,3.40219,96.932,31.2881,1484.964
20211003T020414.770Z,9.4677,3.40219,96.933,31.2882,1484.964
20211003T020415.772Z,9.4679,3.40218,96.932,31.288,1484.964
20211003T020416.769Z,9.4677,3.40219,96.933,31.2882,1484.964
20211003T020417.830Z,9.4677,3.40218,96.932,31.2882,1484.964
20211003T020418.773Z,9.4676,3.40218,96.933,31.2882,1484.963
20211003T020419.827Z,9.4674,3.40219,96.933,31.2884,1484.963
20211003T020420.771Z,9.4676,3.4022,96.933,31.2884,1484.964
20211003T020421.864Z,9.4677,3.4022,96.933,31.2883,1484.964
20211003T020422.769Z,9.4677,3.40218,96.933,31.2882,1484.964
20211003T020423.870Z,9.4675,3.40218,96.933,31.2883,1484.963
20211003T020424.770Z,9.4676,3.40218,96.932,31.2882,1484.963
20211003T020425.771Z,9.4677,3.40218,96.933,31.2882,1484.964
20211003T020426.786Z,9.4676,3.40218,96.933,31.2882,1484.963
20211003T020427.779Z,9.4675,3.40217,96.932,31.2882,1484.963
20211003T020428.770Z,9.4673,3.40217,96.932,31.2884,1484.963
20211003T020429.795Z,9.4672,3.40217,96.932,31.2885,1484.962
20211003T020430.771Z,9.4672,3.40218,96.931,31.2886,1484.962
20211003T020431.774Z,9.4674,3.40218,96.933,31.2884,1484.963
20211003T020432.769Z,9.4675,3.40218,96.932,31.2883,1484.963
20211003T020433.781Z,9.4676,3.40218,96.931,31.2882,1484.963
20211003T020434.771Z,9.4678,3.40218,96.932,31.288,1484.964
20211003T020435.778Z,9.4679,3.40219,96.931,31.288,1484.964
20211003T020436.770Z,9.4676,3.40219,96.932,31.2883,1484.963
20211003T020437.841Z,9.4675,3.40218,96.931,31.2883,1484.963
20211003T020438.770Z,9.4674,3.40218,96.932,31.2884,1484.963
20211003T020439.772Z,9.4675,3.40219,96.932,31.2884,1484.963
20211003T020440.771Z,9.4677,3.40218,96.932,31.2882,1484.964
20211003T020441.777Z,9.4676,3.40219,96.932,31.2883,1484.963
20211003T020442.770Z,9.4677,3.40218,96.931,31.2882,1484.964
20211003T020443.780Z,9.468,3.40218,96.931,31.2879,1484.965
20211003T020444.770Z,9.4681,3.40218,96.932,31.2877,1484.965
20211003T020445.802Z,9.4684,3.40218,96.932,31.2876,1484.965
20211003T020446.769Z,9.468,3.4022,96.931,31.288,1484.965
20211003T020447.776Z,9.4675,3.40218,96.931,31.2883,1484.963
20211003T020448.770Z,9.4673,3.40219,96.931,31.2885,1484.963
20211003T020449.774Z,9.4675,3.40219,96.931,31.2884,1484.963
20211003T020450.783Z,9.4674,3.40218,96.93,31.2884,1484.963
20211003T020451.777Z,9.4673,3.40219,96.93,31.2886,1484.963
20211003T020452.770Z,9.4673,3.40219,96.931,31.2885,1484.963
20211003T020453.792Z,9.4673,3.40218,96.931,31.2885,1484.963
20211003T020454.770Z,9.4673,3.40218,96.93,31.2885,1484.963
20211003T020455.849Z,9.4674,3.40218,96.93,31.2884,1484.963
20211003T020456.771Z,9.4675,3.40219,96.931,31.2884,1484.963
20211003T020457.794Z,9.4676,3.40219,96.932,31.2883,1484.963
20211003T020458.770Z,9.4678,3.4022,96.93,31.2882,1484.964
20211003T020459.863Z,9.4684,3.40219,96.93,31.2876,1484.966
20211003T020500.771Z,9.4685,3.40219,96.931,31.2876,1484.966
20211003T020501.789Z,9.4681,3.40219,96.931,31.2879,1484.965
20211003T020502.771Z,9.4679,3.40219,96.93,31.2881,1484.964
20211003T020503.773Z,9.4677,3.40218,96.931,31.2881,1484.964
20211003T020504.774Z,9.4675,3.40219,96.93,31.2884,1484.963
20211003T020505.787Z,9.4675,3.40218,96.93,31.2882,1484.963
20211003T020506.771Z,9.4675,3.40217,96.931,31.2882,1484.963
20211003T020507.865Z,9.4676,3.40217,96.93,31.2881,1484.963
20211003T020508.771Z,9.4674,3.40217,96.93,31.2883,1484.963
20211003T020509.775Z,9.4674,3.40217,96.93,31.2883,1484.963
20211003T020510.771Z,9.4673,3.40218,96.93,31.2884,1484.963
20211003T020511.842Z,9.4673,3.40216,96.929,31.2883,1484.962
20211003T020512.772Z,9.4673,3.40216,96.93,31.2883,1484.962
20211003T020513.870Z,9.4675,3.40217,96.93,31.2881,1484.963
20211003T020514.783Z,9.4677,3.40216,96.93,31.2878,1484.963
20211003T020515.815Z,9.468,3.40216,96.929,31.2877,1484.964
20211003T020516.770Z,9.4679,3.40217,96.93,31.2878,1484.964
20211003T020517.795Z,9.4677,3.40216,96.93,31.2878,1484.963
20211003T020518.770Z,9.4677,3.40215,96.929,31.2878,1484.963
20211003T020519.778Z,9.4679,3.40217,96.93,31.2878,1484.964
20211003T020520.770Z,9.468,3.40217,96.93,31.2878,1484.964
20211003T020521.781Z,9.4679,3.40217,96.93,31.2878,1484.964
20211003T020522.770Z,9.4677,3.40216,96.93,31.2879,1484.963
20211003T020523.784Z,9.4677,3.40216,96.93,31.2879,1484.963
20211003T020524.770Z,9.4676,3.40215,96.93,31.2879,1484.963
20211003T020525.782Z,9.4676,3.40216,96.93,31.288,1484.963
20211003T020526.770Z,9.4677,3.40217,96.929,31.288,1484.964
20211003T020527.812Z,9.4679,3.40217,96.93,31.2879,1484.964
20211003T020528.770Z,9.4679,3.40219,96.928,31.288,1484.964
20211003T020529.830Z,9.4679,3.40219,96.929,31.2881,1484.964
20211003T020530.770Z,9.4675,3.40218,96.929,31.2883,1484.963
20211003T020531.828Z,9.4673,3.40219,96.929,31.2885,1484.963
20211003T020532.770Z,9.4674,3.4022,96.929,31.2886,1484.963
20211003T020533.776Z,9.4673,3.40218,96.929,31.2885,1484.963
20211003T020534.770Z,9.4674,3.40218,96.93,31.2883,1484.963
20211003T020535.848Z,9.4674,3.40219,96.928,31.2884,1484.963
20211003T020536.771Z,9.4672,3.40218,96.929,31.2886,1484.962
20211003T020537.864Z,9.4671,3.40217,96.928,31.2885,1484.962
20211003T020538.771Z,9.4672,3.40218,96.928,31.2886,1484.962
20211003T020539.859Z,9.4675,3.40219,96.928,31.2884,1484.963
20211003T020540.770Z,9.4675,3.40218,96.929,31.2883,1484.963
20211003T020541.778Z,9.4674,3.40216,96.929,31.2882,1484.963
20211003T020542.770Z,9.4676,3.40217,96.928,31.2881,1484.963
20211003T020543.773Z,9.4685,3.40217,96.928,31.2873,1484.965
20211003T020544.770Z,9.4697,3.40216,96.928,31.2862,1484.969
20211003T020545.824Z,9.469,3.40216,96.93,31.2868,1484.967
20211003T020546.770Z,9.4677,3.40215,96.928,31.2878,1484.963
20211003T020547.775Z,9.4673,3.40214,96.928,31.2881,1484.962
20211003T020548.770Z,9.4671,3.40214,96.928,31.2882,1484.962
20211003T020549.772Z,9.467,3.40212,96.928,31.2881,1484.961
20211003T020550.775Z,9.4672,3.40213,96.929,31.288,1484.962
20211003T020551.772Z,9.4672,3.40214,96.929,31.2882,1484.962
20211003T020552.770Z,9.4672,3.40214,96.927,31.2882,1484.962
20211003T020553.774Z,9.4673,3.40214,96.928,31.288,1484.962
20211003T020554.772Z,9.4675,3.40214,96.928,31.2879,1484.963
20211003T020555.812Z,9.4677,3.40217,96.928,31.288,1484.963
20211003T020556.770Z,9.4677,3.40216,96.927,31.2879,1484.963
20211003T020557.780Z,9.4677,3.40216,96.927,31.2879,1484.963
20211003T020558.776Z,9.4677,3.40217,96.927,31.288,1484.963
20211003T020559.772Z,9.4676,3.40217,96.927,31.2881,1484.963
20211003T020600.771Z,9.4675,3.40216,96.928,31.2881,1484.963
20211003T020602.073Z,9.4675,3.40217,96.928,31.2882,1484.963
20211003T020602.782Z,9.4674,3.40216,96.927,31.2882,1484.963
20211003T020603.873Z,9.4672,3.40214,96.928,31.2881,1484.962
20211003T020604.770Z,9.4673,3.40216,96.927,31.2882,1484.962
20211003T020605.801Z,9.4674,3.40217,96.927,31.2883,1484.963
20211003T020606.787Z,9.4675,3.40217,96.926,31.2882,1484.963
20211003T020607.784Z,9.4677,3.40217,96.927,31.2881,1484.963
20211003T020608.769Z,9.468,3.40218,96.927,31.2879,1484.964
20211003T020609.820Z,9.468,3.40218,96.926,31.2879,1484.964
20211003T020610.777Z,9.4677,3.40217,96.927,31.288,1484.964
20211003T020611.854Z,9.4677,3.40217,96.927,31.2881,1484.963
20211003T020612.770Z,9.4676,3.40219,96.927,31.2883,1484.963
20211003T020613.849Z,9.4675,3.40219,96.927,31.2884,1484.963
20211003T020614.770Z,9.4677,3.40218,96.927,31.2882,1484.964
20211003T020615.856Z,9.4677,3.40218,96.927,31.2881,1484.964
20211003T020616.770Z,9.4676,3.40218,96.926,31.2883,1484.963
20211003T020617.808Z,9.4675,3.40219,96.926,31.2884,1484.963
20211003T020618.770Z,9.4674,3.4022,96.926,31.2885,1484.963
20211003T020619.793Z,9.4674,3.40219,96.926,31.2884,1484.963
20211003T020620.769Z,9.4674,3.40219,96.926,31.2885,1484.963
20211003T020621.801Z,9.4675,3.40219,96.926,31.2884,1484.963
20211003T020622.770Z,9.4674,3.40219,96.926,31.2884,1484.963
20211003T020623.773Z,9.4673,3.40219,96.926,31.2885,1484.963
20211003T020624.770Z,9.4675,3.4022,96.925,31.2884,1484.963
20211003T020625.805Z,9.4678,3.40219,96.926,31.2881,1484.964
20211003T020626.771Z,9.4679,3.4022,96.925,31.2882,1484.964
20211003T020627.775Z,9.468,3.4022,96.926,31.2881,1484.965
20211003T020628.784Z,9.4679,3.4022,96.926,31.2882,1484.964
20211003T020629.779Z,9.4677,3.4022,96.925,31.2883,1484.964
20211003T020630.771Z,9.4673,3.4022,96.925,31.2887,1484.963
20211003T020631.805Z,9.4673,3.4022,96.925,31.2887,1484.963
20211003T020632.774Z,9.4673,3.4022,96.925,31.2887,1484.963
20211003T020633.783Z,9.4673,3.4022,96.924,31.2887,1484.963
20211003T020634.769Z,9.4675,3.4022,96.926,31.2885,1484.963
20211003T020635.805Z,9.4676,3.4022,96.925,31.2884,1484.963
20211003T020636.774Z,9.4676,3.40219,96.925,31.2883,1484.963
20211003T020637.790Z,9.4674,3.40219,96.925,31.2885,1484.963
20211003T020638.770Z,9.4673,3.4022,96.926,31.2887,1484.963
20211003T020639.773Z,9.4672,3.4022,96.925,31.2887,1484.963
20211003T020640.771Z,9.4673,3.4022,96.925,31.2887,1484.963
20211003T020641.839Z,9.4676,3.4022,96.925,31.2884,1484.963
20211003T020642.771Z,9.4674,3.40222,96.924,31.2888,1484.963
20211003T020643.787Z,9.4675,3.40221,96.925,31.2886,1484.963
20211003T020644.771Z,9.4675,3.40221,96.925,31.2886,1484.963
20211003T020645.811Z,9.4674,3.4022,96.924,31.2886,1484.963
20211003T020646.769Z,9.4673,3.4022,96.925,31.2886,1484.963
20211003T020647.856Z,9.4674,3.40221,96.924,31.2886,1484.963
20211003T020648.770Z,9.4674,3.4022,96.925,31.2886,1484.963
20211003T020649.798Z,9.4673,3.40222,96.924,31.2888,1484.963
20211003T020650.769Z,9.4673,3.40221,96.924,31.2888,1484.963
20211003T020651.857Z,9.4673,3.4022,96.924,31.2887,1484.963
20211003T020652.783Z,9.4672,3.4022,96.924,31.2888,1484.962
20211003T020653.772Z,9.4671,3.40221,96.924,31.2889,1484.962
20211003T020654.770Z,9.4672,3.4022,96.924,31.2888,1484.962
20211003T020655.859Z,9.4674,3.40221,96.923,31.2887,1484.963
20211003T020656.771Z,9.4674,3.40221,96.923,31.2887,1484.963
20211003T020657.841Z,9.4673,3.4022,96.924,31.2887,1484.963
20211003T020658.771Z,9.4672,3.4022,96.923,31.2888,1484.962
20211003T020659.837Z,9.4671,3.40221,96.924,31.2889,1484.962
20211003T020700.770Z,9.4672,3.40221,96.924,31.2889,1484.963
20211003T020701.812Z,9.4672,3.40222,96.924,31.289,1484.963
20211003T020702.769Z,9.4671,3.40221,96.924,31.2889,1484.962
20211003T020703.782Z,9.4672,3.40221,96.924,31.2889,1484.963
20211003T020704.770Z,9.4671,3.40222,96.923,31.289,1484.963
20211003T020705.827Z,9.4671,3.4022,96.924,31.2889,1484.962
20211003T020706.770Z,9.4672,3.4022,96.924,31.2888,1484.962
20211003T020707.834Z,9.4672,3.40218,96.923,31.2886,1484.962
20211003T020708.770Z,9.4672,3.40219,96.923,31.2886,1484.962
20211003T020709.771Z,9.4673,3.40218,96.923,31.2885,1484.962
20211003T020710.769Z,9.4673,3.4022,96.922,31.2886,1484.963
20211003T020711.793Z,9.4673,3.40219,96.923,31.2886,1484.963
20211003T020712.769Z,9.4673,3.40219,96.922,31.2885,1484.963
20211003T020713.831Z,9.4675,3.40219,96.921,31.2884,1484.963
20211003T020714.770Z,9.4674,3.40219,96.923,31.2885,1484.963
20211003T020715.838Z,9.4674,3.40218,96.923,31.2884,1484.963
20211003T020716.784Z,9.4675,3.40218,96.923,31.2883,1484.963
20211003T020717.791Z,9.4675,3.40217,96.923,31.2882,1484.963
20211003T020718.774Z,9.4673,3.40217,96.922,31.2883,1484.962
20211003T020719.827Z,9.4673,3.40217,96.923,31.2883,1484.962
20211003T020720.771Z,9.4673,3.40217,96.922,31.2883,1484.962
20211003T020721.829Z,9.4673,3.40216,96.922,31.2882,1484.962
20211003T020722.771Z,9.4673,3.40216,96.921,31.2882,1484.962
20211003T020723.842Z,9.4673,3.40217,96.921,31.2883,1484.962
20211003T020724.771Z,9.4675,3.40216,96.922,31.2881,1484.963
20211003T020725.834Z,9.4673,3.40216,96.921,31.2883,1484.962
20211003T020726.773Z,9.4672,3.40214,96.922,31.2882,1484.962
20211003T020727.779Z,9.4674,3.40214,96.922,31.288,1484.962
20211003T020728.771Z,9.4675,3.40213,96.921,31.2878,1484.962
20211003T020729.862Z,9.4673,3.40213,96.922,31.2879,1484.962
20211003T020730.770Z,9.4674,3.40211,96.921,31.2877,1484.962
20211003T020731.801Z,9.4676,3.40211,96.921,31.2876,1484.962
20211003T020732.769Z,9.4677,3.40211,96.921,31.2875,1484.963
20211003T020733.805Z,9.4675,3.40211,96.922,31.2875,1484.962
20211003T020734.770Z,9.4676,3.40209,96.921,31.2873,1484.962
20211003T020735.845Z,9.4676,3.40209,96.922,31.2873,1484.962
20211003T020736.770Z,9.4677,3.4021,96.921,31.2872,1484.963
20211003T020737.816Z,9.4677,3.40209,96.922,31.2872,1484.962
20211003T020738.770Z,9.4676,3.40209,96.921,31.2873,1484.962
20211003T020739.785Z,9.4676,3.40209,96.922,31.2873,1484.962
20211003T020740.771Z,9.4676,3.4021,96.922,31.2874,1484.962
20211003T020741.831Z,9.4677,3.4021,96.921,31.2873,1484.963
20211003T020742.770Z,9.4677,3.4021,96.921,31.2873,1484.962
20211003T020743.785Z,9.4677,3.40211,96.921,31.2873,1484.963
20211003T020744.771Z,9.4678,3.4021,96.921,31.2872,1484.963
20211003T020745.806Z,9.4679,3.4021,96.921,31.2871,1484.963
20211003T020746.770Z,9.4679,3.4021,96.92,31.2871,1484.963
20211003T020747.784Z,9.4677,3.4021,96.921,31.2873,1484.963
20211003T020748.771Z,9.4676,3.4021,96.921,31.2874,1484.962
20211003T020749.773Z,9.4674,3.40211,96.92,31.2877,1484.962
20211003T020750.771Z,9.4676,3.40211,96.92,31.2875,1484.962
20211003T020751.868Z,9.4676,3.40212,96.921,31.2876,1484.962
20211003T020752.771Z,9.4677,3.40212,96.921,31.2875,1484.963
20211003T020753.806Z,9.4679,3.40213,96.92,31.2875,1484.963
20211003T020754.770Z,9.4677,3.40214,96.92,31.2877,1484.963
20211003T020755.811Z,9.4676,3.40214,96.92,31.2878,1484.963
20211003T020756.770Z,9.4677,3.40215,96.92,31.2878,1484.963
20211003T020757.783Z,9.4676,3.40215,96.92,31.2879,1484.963
20211003T020758.770Z,9.4675,3.40215,96.92,31.288,1484.963
20211003T020759.934Z,9.4674,3.40215,96.921,31.2881,1484.963
20211003T020800.770Z,9.4673,3.40215,96.92,31.2881,1484.962
20211003T020801.790Z,9.4672,3.40215,96.92,31.2882,1484.962
20211003T020802.769Z,9.4673,3.40215,96.92,31.2882,1484.962
20211003T020803.782Z,9.4674,3.40216,96.92,31.2882,1484.963
20211003T020804.776Z,9.4674,3.40215,96.92,31.2881,1484.963
20211003T020805.816Z,9.4673,3.40217,96.919,31.2884,1484.962
20211003T020806.770Z,9.4673,3.40217,96.92,31.2884,1484.962
20211003T020807.788Z,9.4673,3.40218,96.92,31.2886,1484.962
20211003T020808.772Z,9.4673,3.40218,96.919,31.2885,1484.963
20211003T020809.791Z,9.4675,3.40218,96.92,31.2883,1484.963
20211003T020810.769Z,9.4676,3.40219,96.92,31.2883,1484.963
20211003T020811.779Z,9.4673,3.40219,96.92,31.2886,1484.963
20211003T020812.772Z,9.4674,3.40219,96.918,31.2885,1484.963
20211003T020813.792Z,9.4673,3.40219,96.919,31.2886,1484.963
20211003T020814.770Z,9.4673,3.40219,96.92,31.2886,1484.963
20211003T020815.843Z,9.4673,3.40219,96.92,31.2885,1484.963
20211003T020816.770Z,9.4674,3.4022,96.918,31.2886,1484.963
20211003T020817.779Z,9.4672,3.4022,96.919,31.2887,1484.963
20211003T020818.770Z,9.4673,3.40219,96.92,31.2887,1484.963
20211003T020819.775Z,9.4673,3.4022,96.92,31.2886,1484.963
20211003T020820.770Z,9.4673,3.40219,96.919,31.2886,1484.963
20211003T020821.811Z,9.4672,3.40219,96.919,31.2886,1484.962
20211003T020822.770Z,9.4674,3.4022,96.919,31.2886,1484.963
20211003T020823.809Z,9.4673,3.40219,96.919,31.2885,1484.963
20211003T020824.770Z,9.4673,3.40219,96.918,31.2886,1484.963
20211003T020825.794Z,9.4674,3.40221,96.919,31.2887,1484.963
20211003T020826.769Z,9.4673,3.4022,96.919,31.2887,1484.963
20211003T020827.816Z,9.4673,3.40219,96.919,31.2885,1484.963
20211003T020828.769Z,9.4673,3.40219,96.919,31.2885,1484.963
20211003T020829.829Z,9.4672,3.4022,96.919,31.2887,1484.963
20211003T020830.769Z,9.4672,3.4022,96.919,31.2887,1484.963
20211003T020831.785Z,9.4672,3.4022,96.919,31.2887,1484.963
20211003T020832.770Z,9.4672,3.40219,96.917,31.2887,1484.962
20211003T020833.803Z,9.4672,3.4022,96.918,31.2887,1484.963
20211003T020834.769Z,9.4673,3.4022,96.918,31.2887,1484.963
20211003T020835.772Z,9.4673,3.4022,96.919,31.2888,1484.963
20211003T020836.770Z,9.4672,3.40221,96.917,31.2888,1484.963
20211003T020837.774Z,9.4673,3.4022,96.917,31.2887,1484.963
20211003T020838.771Z,9.4672,3.4022,96.917,31.2887,1484.962
20211003T020839.854Z,9.4672,3.40221,96.918,31.2888,1484.963
20211003T020840.770Z,9.4673,3.40221,96.918,31.2887,1484.963
20211003T020841.827Z,9.4673,3.40221,96.917,31.2888,1484.963
20211003T020842.770Z,9.4674,3.40221,96.918,31.2887,1484.963
20211003T020843.817Z,9.4676,3.40222,96.917,31.2886,1484.963
20211003T020844.770Z,9.4674,3.4022,96.916,31.2886,1484.963
20211003T020845.812Z,9.4673,3.4022,96.917,31.2886,1484.963
20211003T020846.774Z,9.4673,3.4022,96.917,31.2887,1484.963
20211003T020847.789Z,9.4672,3.4022,96.917,31.2887,1484.962
20211003T020848.770Z,9.4673,3.40219,96.917,31.2886,1484.962
20211003T020849.774Z,9.4674,3.4022,96.917,31.2885,1484.963
20211003T020850.774Z,9.4673,3.40221,96.917,31.2887,1484.963
20211003T020851.823Z,9.4675,3.4022,96.917,31.2885,1484.963
20211003T020852.770Z,9.4677,3.4022,96.916,31.2883,1484.964
20211003T020853.794Z,9.4676,3.4022,96.917,31.2884,1484.963
20211003T020854.785Z,9.4676,3.40219,96.917,31.2884,1484.963
20211003T020855.801Z,9.4677,3.4022,96.916,31.2884,1484.964
20211003T020856.770Z,9.4676,3.4022,96.917,31.2885,1484.963
20211003T020857.871Z,9.4674,3.4022,96.916,31.2885,1484.963
20211003T020858.771Z,9.4673,3.40219,96.916,31.2885,1484.963
20211003T020859.799Z,9.4675,3.4022,96.917,31.2885,1484.963
20211003T020900.770Z,9.4677,3.40221,96.917,31.2884,1484.964
20211003T020901.811Z,9.4676,3.4022,96.917,31.2884,1484.963
20211003T020902.769Z,9.4676,3.4022,96.916,31.2884,1484.963
20211003T020903.795Z,9.4675,3.40219,96.916,31.2884,1484.963
20211003T020904.769Z,9.4676,3.40219,96.916,31.2884,1484.963
20211003T020905.810Z,9.4675,3.4022,96.915,31.2884,1484.963
20211003T020906.770Z,9.4674,3.40219,96.915,31.2885,1484.963
20211003T020907.860Z,9.4673,3.40219,96.916,31.2886,1484.963
20211003T020908.771Z,9.4674,3.4022,96.916,31.2886,1484.963
20211003T020909.776Z,9.4674,3.40219,96.916,31.2885,1484.963
20211003T020910.769Z,9.4674,3.40219,96.916,31.2885,1484.963
20211003T020911.867Z,9.4676,3.4022,96.916,31.2884,1484.963
20211003T020912.770Z,9.4674,3.40219,96.915,31.2885,1484.963
20211003T020913.844Z,9.4674,3.40219,96.916,31.2884,1484.963
20211003T020914.771Z,9.4674,3.4022,96.915,31.2885,1484.963
20211003T020915.815Z,9.4674,3.40221,96.915,31.2887,1484.963
20211003T020916.771Z,9.4673,3.4022,96.916,31.2887,1484.962
20211003T020917.799Z,9.4673,3.40221,96.915,31.2888,1484.963
20211003T020918.784Z,9.4673,3.4022,96.916,31.2887,1484.963
20211003T020919.779Z,9.4675,3.40221,96.915,31.2885,1484.963
20211003T020920.770Z,9.4674,3.40221,96.915,31.2887,1484.963
20211003T020921.830Z,9.4673,3.40221,96.914,31.2888,1484.963
20211003T020922.770Z,9.4673,3.40221,96.915,31.2887,1484.963
20211003T020923.850Z,9.4677,3.40221,96.916,31.2884,1484.964
20211003T020924.770Z,9.4676,3.40221,96.915,31.2885,1484.963
20211003T020925.833Z,9.4674,3.40222,96.915,31.2887,1484.963
20211003T020926.770Z,9.4677,3.40223,96.915,31.2886,1484.964
20211003T020927.773Z,9.4676,3.40223,96.915,31.2887,1484.964
20211003T020928.770Z,9.4674,3.40221,96.915,31.2887,1484.963
20211003T020929.804Z,9.4676,3.40222,96.915,31.2886,1484.963
20211003T020930.770Z,9.4676,3.40222,96.915,31.2887,1484.963
20211003T020931.784Z,9.4675,3.40223,96.915,31.2888,1484.963
20211003T020932.773Z,9.4675,3.40221,96.914,31.2886,1484.963
20211003T020933.774Z,9.4675,3.40222,96.915,31.2887,1484.963
20211003T020934.770Z,9.4676,3.40221,96.915,31.2885,1484.963
20211003T020935.798Z,9.4677,3.40222,96.914,31.2885,1484.964
20211003T020936.770Z,9.4676,3.40221,96.915,31.2885,1484.963
20211003T020937.773Z,9.4677,3.4022,96.914,31.2883,1484.964
20211003T020938.770Z,9.4677,3.40221,96.913,31.2884,1484.964
20211003T020939.791Z,9.4677,3.40219,96.914,31.2883,1484.963
20211003T020940.772Z,9.4677,3.40219,96.913,31.2882,1484.963
20211003T020941.854Z,9.4677,3.40219,96.914,31.2882,1484.964
20211003T020942.771Z,9.4677,3.40218,96.914,31.2881,1484.963
20211003T020943.827Z,9.4677,3.40218,96.914,31.2881,1484.963
20211003T020944.771Z,9.4679,3.40218,96.915,31.288,1484.964
20211003T020945.828Z,9.4677,3.40217,96.914,31.288,1484.963
20211003T020946.770Z,9.4677,3.40217,96.914,31.288,1484.963
20211003T020947.816Z,9.4676,3.40217,96.914,31.2881,1484.963
20211003T020948.770Z,9.4676,3.40217,96.914,31.2882,1484.963
20211003T020949.816Z,9.4677,3.40218,96.914,31.2881,1484.963
20211003T020950.770Z,9.4678,3.40217,96.914,31.288,1484.963
20211003T020951.822Z,9.4679,3.40218,96.913,31.2879,1484.964
20211003T020952.770Z,9.4679,3.40217,96.913,31.2879,1484.964
20211003T020953.842Z,9.4678,3.40219,96.914,31.2882,1484.964
20211003T020954.769Z,9.4684,3.40218,96.914,31.2874,1484.965
20211003T020955.857Z,9.468,3.40219,96.913,31.288,1484.964
20211003T020956.770Z,9.4677,3.40217,96.913,31.2881,1484.963
20211003T020957.787Z,9.4676,3.40219,96.913,31.2883,1484.963
20211003T020958.770Z,9.4676,3.40217,96.913,31.2881,1484.963
20211003T020959.772Z,9.4678,3.40216,96.913,31.2878,1484.963
20211003T021000.772Z,9.4679,3.40215,96.913,31.2876,1484.964
20211003T021001.840Z,9.4679,3.40216,96.912,31.2877,1484.964
20211003T021002.769Z,9.4678,3.40216,96.913,31.2878,1484.963
20211003T021003.855Z,9.4679,3.40215,96.913,31.2877,1484.963
20211003T021004.769Z,9.4678,3.40214,96.913,31.2876,1484.963
20211003T021005.791Z,9.4677,3.40216,96.913,31.288,1484.963
20211003T021006.769Z,9.4679,3.40216,96.913,31.2878,1484.964
20211003T021007.821Z,9.4678,3.40217,96.912,31.2879,1484.964
20211003T021008.770Z,9.4678,3.40216,96.912,31.2878,1484.963
20211003T021009.811Z,9.4679,3.40215,96.912,31.2876,1484.964
20211003T021010.770Z,9.4682,3.40215,96.912,31.2874,1484.964
20211003T021011.773Z,9.4681,3.40214,96.911,31.2873,1484.964
20211003T021012.771Z,9.4679,3.40214,96.912,31.2875,1484.963
20211003T021013.830Z,9.4677,3.40214,96.911,31.2877,1484.963
20211003T021014.769Z,9.4677,3.40213,96.912,31.2876,1484.963
20211003T021015.832Z,9.4678,3.40214,96.912,31.2876,1484.963
20211003T021016.770Z,9.4679,3.40213,96.912,31.2874,1484.963
20211003T021017.858Z,9.4679,3.40211,96.911,31.2872,1484.963
20211003T021018.773Z,9.4679,3.40212,96.912,31.2873,1484.963
20211003T021019.775Z,9.468,3.40211,96.912,31.2871,1484.963
20211003T021020.770Z,9.4681,3.40213,96.911,31.2872,1484.964
20211003T021021.858Z,9.4682,3.40213,96.911,31.2871,1484.964
20211003T021022.771Z,9.4682,3.40211,96.911,31.287,1484.964
20211003T021023.808Z,9.4681,3.40213,96.911,31.2872,1484.964
20211003T021024.769Z,9.4682,3.40213,96.911,31.2872,1484.964
20211003T021025.842Z,9.4682,3.40212,96.91,31.287,1484.964
20211003T021026.772Z,9.4682,3.40213,96.912,31.2871,1484.964
20211003T021027.864Z,9.4681,3.40212,96.911,31.2872,1484.964
20211003T021028.769Z,9.4681,3.40212,96.911,31.2871,1484.964
20211003T021029.772Z,9.4681,3.40213,96.912,31.2872,1484.964
20211003T021030.770Z,9.468,3.40213,96.911,31.2873,1484.963
20211003T021031.812Z,9.468,3.40213,96.91,31.2873,1484.963
20211003T021032.770Z,9.4681,3.40212,96.91,31.2871,1484.964
20211003T021033.849Z,9.4681,3.40212,96.91,31.2872,1484.964
20211003T021034.770Z,9.468,3.40211,96.911,31.2871,1484.963
20211003T021035.781Z,9.468,3.40211,96.91,31.2872,1484.963
20211003T021036.771Z,9.4679,3.40212,96.911,31.2873,1484.963
20211003T021037.783Z,9.4679,3.40211,96.911,31.2872,1484.963
20211003T021038.769Z,9.4681,3.40213,96.911,31.2872,1484.964
20211003T021039.779Z,9.468,3.40212,96.909,31.2872,1484.963
20211003T021040.769Z,9.4679,3.40211,96.91,31.2873,1484.963
20211003T021041.822Z,9.4677,3.40213,96.911,31.2876,1484.963
20211003T021042.771Z,9.4678,3.40214,96.912,31.2876,1484.963
20211003T021043.832Z,9.4679,3.40215,96.91,31.2876,1484.963
20211003T021044.769Z,9.4678,3.40215,96.911,31.2877,1484.963
20211003T021045.797Z,9.4678,3.40214,96.911,31.2877,1484.963
20211003T021046.769Z,9.4678,3.40215,96.91,31.2878,1484.963
20211003T021047.814Z,9.4677,3.40215,96.91,31.2877,1484.963
20211003T021048.769Z,9.4677,3.40214,96.911,31.2876,1484.963
20211003T021049.773Z,9.4678,3.40215,96.91,31.2877,1484.963
20211003T021050.770Z,9.4679,3.40215,96.91,31.2876,1484.964
20211003T021051.828Z,9.4679,3.40215,96.91,31.2876,1484.964
20211003T021052.769Z,9.4679,3.40214,96.91,31.2875,1484.963
20211003T021053.819Z,9.4678,3.40214,96.911,31.2877,1484.963
20211003T021054.770Z,9.4677,3.40213,96.91,31.2877,1484.963
20211003T021055.772Z,9.4676,3.40213,96.911,31.2877,1484.962
20211003T021056.784Z,9.4676,3.40213,96.909,31.2876,1484.962
20211003T021057.827Z,9.4677,3.40212,96.91,31.2875,1484.963
20211003T021058.769Z,9.4677,3.40213,96.91,31.2876,1484.963
20211003T021059.800Z,9.4677,3.40213,96.909,31.2876,1484.963
20211003T021100.770Z,9.4679,3.40213,96.91,31.2874,1484.963
20211003T021101.936Z,9.4681,3.40214,96.909,31.2873,1484.964
20211003T021102.771Z,9.4681,3.40214,96.909,31.2873,1484.964
20211003T021103.779Z,9.468,3.40213,96.91,31.2873,1484.963
20211003T021104.774Z,9.4678,3.40212,96.91,31.2875,1484.963
20211003T021105.776Z,9.4676,3.40212,96.91,31.2876,1484.962
20211003T021106.771Z,9.4677,3.40214,96.91,31.2876,1484.963
20211003T021107.777Z,9.4679,3.40213,96.909,31.2874,1484.963
20211003T021108.772Z,9.468,3.40213,96.909,31.2873,1484.963
20211003T021109.774Z,9.4679,3.40214,96.909,31.2876,1484.963
20211003T021110.769Z,9.4677,3.40214,96.909,31.2877,1484.963
20211003T021111.786Z,9.4678,3.40214,96.909,31.2877,1484.963
20211003T021112.771Z,9.4677,3.40213,96.91,31.2876,1484.963
20211003T021113.872Z,9.4679,3.40214,96.909,31.2876,1484.963
20211003T021114.769Z,9.4676,3.40213,96.908,31.2877,1484.962
20211003T021115.836Z,9.4675,3.40214,96.909,31.2879,1484.962
20211003T021116.771Z,9.4675,3.40215,96.909,31.288,1484.962
20211003T021117.775Z,9.4675,3.40214,96.908,31.2879,1484.962
20211003T021118.770Z,9.4675,3.40214,96.909,31.2879,1484.962
20211003T021119.828Z,9.4675,3.40217,96.909,31.2882,1484.963
20211003T021120.784Z,9.4675,3.40216,96.908,31.2881,1484.963
20211003T021121.799Z,9.4674,3.40216,96.908,31.2881,1484.962
20211003T021122.770Z,9.4674,3.40218,96.909,31.2884,1484.962
20211003T021123.829Z,9.4675,3.40217,96.908,31.2882,1484.963
20211003T021124.771Z,9.4675,3.40218,96.908,31.2883,1484.963
20211003T021125.823Z,9.4674,3.40217,96.909,31.2883,1484.963
20211003T021126.769Z,9.4674,3.40216,96.909,31.2882,1484.962
20211003T021127.773Z,9.4674,3.40217,96.908,31.2883,1484.962
20211003T021128.770Z,9.4674,3.40218,96.908,31.2884,1484.962
20211003T021129.786Z,9.4674,3.40219,96.908,31.2884,1484.963
20211003T021130.770Z,9.4675,3.40219,96.908,31.2884,1484.963
20211003T021131.925Z,9.4674,3.4022,96.909,31.2886,1484.963
20211003T021132.771Z,9.4674,3.4022,96.908,31.2886,1484.963
20211003T021133.776Z,9.4675,3.4022,96.908,31.2885,1484.963
20211003T021134.771Z,9.4674,3.40221,96.908,31.2887,1484.963
20211003T021135.776Z,9.4674,3.40221,96.908,31.2887,1484.963
20211003T021136.770Z,9.4674,3.40222,96.907,31.2887,1484.963
20211003T021137.785Z,9.4674,3.40222,96.908,31.2888,1484.963
20211003T021138.769Z,9.4674,3.4022,96.907,31.2887,1484.963
20211003T021139.785Z,9.4674,3.40221,96.907,31.2887,1484.963
20211003T021140.770Z,9.4674,3.40221,96.907,31.2887,1484.963
20211003T021141.822Z,9.4675,3.4022,96.908,31.2885,1484.963
20211003T021142.770Z,9.4673,3.4022,96.907,31.2887,1484.963
20211003T021143.806Z,9.4673,3.4022,96.907,31.2887,1484.963
20211003T021144.783Z,9.4673,3.40221,96.907,31.2887,1484.963
20211003T021145.786Z,9.4673,3.40221,96.908,31.2887,1484.963
20211003T021146.775Z,9.4673,3.40221,96.907,31.2887,1484.963
20211003T021147.810Z,9.4674,3.4022,96.907,31.2887,1484.963
20211003T021148.770Z,9.4674,3.40221,96.907,31.2887,1484.963
20211003T021149.781Z,9.4673,3.40221,96.907,31.2887,1484.963
20211003T021150.774Z,9.4673,3.40221,96.908,31.2887,1484.963
20211003T021151.808Z,9.4673,3.40222,96.907,31.2889,1484.963
20211003T021152.769Z,9.4673,3.40222,96.907,31.2888,1484.963
20211003T021153.828Z,9.4674,3.40222,96.908,31.2888,1484.963
20211003T021154.772Z,9.4674,3.40223,96.907,31.2889,1484.963
20211003T021155.835Z,9.4673,3.40222,96.907,31.2888,1484.963
20211003T021156.771Z,9.4674,3.40222,96.907,31.2888,1484.963
20211003T021157.775Z,9.4674,3.40222,96.907,31.2887,1484.963
20211003T021158.771Z,9.4674,3.40223,96.906,31.2888,1484.963
20211003T021159.861Z,9.4674,3.40223,96.906,31.2888,1484.963
20211003T021200.769Z,9.4673,3.40222,96.907,31.2889,1484.963
20211003T021201.842Z,9.4673,3.40223,96.907,31.2889,1484.963
20211003T021202.771Z,9.4674,3.40223,96.907,31.2889,1484.963
20211003T021203.890Z,9.4674,3.40223,96.906,31.2889,1484.963
20211003T021204.770Z,9.4674,3.40222,96.905,31.2888,1484.963
20211003T021205.774Z,9.4674,3.40222,96.905,31.2888,1484.963
20211003T021206.769Z,9.4674,3.40222,96.906,31.2887,1484.963
20211003T021207.865Z,9.4675,3.40223,96.906,31.2888,1484.963
20211003T021208.770Z,9.4673,3.40222,96.906,31.2889,1484.963
20211003T021209.830Z,9.4673,3.40221,96.906,31.2888,1484.963
20211003T021210.770Z,9.4674,3.40222,96.906,31.2888,1484.963
20211003T021211.830Z,9.4674,3.40222,96.906,31.2887,1484.963
20211003T021212.770Z,9.4675,3.40222,96.906,31.2887,1484.963
20211003T021213.821Z,9.4675,3.4022,96.905,31.2885,1484.963
20211003T021214.770Z,9.4676,3.40221,96.905,31.2885,1484.963
20211003T021215.775Z,9.4674,3.4022,96.905,31.2886,1484.963
20211003T021216.770Z,9.4673,3.4022,96.905,31.2887,1484.963
20211003T021217.775Z,9.4674,3.40221,96.905,31.2886,1484.963
20211003T021218.771Z,9.4676,3.4022,96.905,31.2885,1484.963
20211003T021219.832Z,9.4677,3.40219,96.905,31.2883,1484.963
20211003T021220.771Z,9.4677,3.40222,96.905,31.2885,1484.964
20211003T021221.815Z,9.4677,3.4022,96.906,31.2883,1484.964
20211003T021222.770Z,9.4676,3.4022,96.905,31.2884,1484.963
20211003T021223.826Z,9.4675,3.40221,96.905,31.2886,1484.963
20211003T021224.770Z,9.4676,3.40221,96.905,31.2886,1484.963
20211003T021225.776Z,9.4676,3.4022,96.905,31.2884,1484.963
20211003T021226.770Z,9.4676,3.4022,96.905,31.2884,1484.963
20211003T021227.800Z,9.4676,3.40221,96.904,31.2885,1484.963
20211003T021228.771Z,9.4677,3.40219,96.905,31.2883,1484.963
20211003T021229.800Z,9.4676,3.40221,96.905,31.2885,1484.963
20211003T021230.770Z,9.4676,3.4022,96.904,31.2885,1484.963
20211003T021231.774Z,9.4676,3.40221,96.905,31.2885,1484.963
20211003T021232.774Z,9.4677,3.4022,96.904,31.2884,1484.963
20211003T021233.831Z,9.4677,3.40222,96.904,31.2885,1484.964
20211003T021234.770Z,9.4678,3.40223,96.905,31.2885,1484.964
20211003T021235.775Z,9.4679,3.40222,96.905,31.2884,1484.964
20211003T021236.770Z,9.4679,3.40223,96.905,31.2885,1484.964
20211003T021237.776Z,9.4678,3.40224,96.905,31.2886,1484.964
20211003T021238.769Z,9.468,3.40223,96.904,31.2884,1484.965
20211003T021239.774Z,9.4679,3.40224,96.904,31.2886,1484.965
20211003T021240.772Z,9.468,3.40224,96.904,31.2885,1484.965
20211003T021241.836Z,9.4679,3.40223,96.903,31.2884,1484.964
20211003T021242.770Z,9.468,3.40223,96.905,31.2883,1484.965
20211003T021243.790Z,9.468,3.40223,96.904,31.2883,1484.965
20211003T021244.771Z,9.4679,3.40223,96.904,31.2884,1484.964
20211003T021245.874Z,9.4679,3.40223,96.905,31.2884,1484.964
20211003T021246.770Z,9.4678,3.40222,96.904,31.2884,1484.964
20211003T021247.774Z,9.4677,3.40223,96.904,31.2887,1484.964
20211003T021248.771Z,9.4677,3.40223,96.903,31.2886,1484.964
20211003T021249.780Z,9.4678,3.40225,96.904,31.2887,1484.964
20211003T021250.770Z,9.468,3.40223,96.903,31.2883,1484.965
20211003T021251.816Z,9.4677,3.40223,96.903,31.2886,1484.964
20211003T021252.771Z,9.4677,3.40223,96.904,31.2886,1484.964
20211003T021253.804Z,9.4678,3.40223,96.904,31.2885,1484.964
20211003T021254.771Z,9.4678,3.40222,96.903,31.2885,1484.964
20211003T021255.828Z,9.4678,3.40224,96.905,31.2887,1484.964
20211003T021256.771Z,9.4678,3.40224,96.904,31.2886,1484.964
20211003T021257.792Z,9.4678,3.40224,96.904,31.2887,1484.964
20211003T021258.784Z,9.4677,3.40224,96.902,31.2887,1484.964
20211003T021259.779Z,9.4677,3.40225,96.902,31.2888,1484.964
20211003T021300.769Z,9.4677,3.40225,96.903,31.2888,1484.964
20211003T021301.773Z,9.4677,3.40224,96.903,31.2887,1484.964
20211003T021302.770Z,9.4677,3.40225,96.902,31.2889,1484.964
20211003T021303.790Z,9.4677,3.40225,96.903,31.2889,1484.964
20211003T021304.769Z,9.4677,3.40225,96.903,31.2888,1484.964
20211003T021305.869Z,9.4677,3.40225,96.903,31.2889,1484.964
20211003T021306.771Z,9.4677,3.40225,96.902,31.2889,1484.964
20211003T021307.814Z,9.4676,3.40226,96.902,31.2891,1484.964
20211003T021308.769Z,9.4677,3.40225,96.903,31.2889,1484.964
20211003T021309.784Z,9.4676,3.40226,96.902,31.289,1484.964
20211003T021310.770Z,9.4676,3.40225,96.902,31.289,1484.964
20211003T021311.792Z,9.4676,3.40226,96.902,31.289,1484.964
20211003T021312.770Z,9.4676,3.40225,96.902,31.289,1484.964
20211003T021313.788Z,9.4676,3.40225,96.903,31.2889,1484.964
20211003T021314.771Z,9.4674,3.40225,96.902,31.2891,1484.963
20211003T021315.855Z,9.4675,3.40226,96.901,31.2891,1484.964
20211003T021316.771Z,9.4675,3.40225,96.901,31.289,1484.963
20211003T021317.784Z,9.4674,3.40226,96.902,31.2891,1484.963
20211003T021318.774Z,9.4674,3.40225,96.901,31.2891,1484.963
20211003T021319.784Z,9.4676,3.40225,96.901,31.289,1484.964
20211003T021320.769Z,9.4674,3.40226,96.902,31.2892,1484.964
20211003T021321.774Z,9.4674,3.40225,96.901,31.2891,1484.963
20211003T021322.786Z,9.4675,3.40226,96.902,31.2891,1484.964
20211003T021323.775Z,9.4675,3.40227,96.902,31.2892,1484.964
20211003T021324.772Z,9.4677,3.40226,96.901,31.289,1484.964
20211003T021325.772Z,9.4675,3.40226,96.901,31.2891,1484.964
20211003T021326.771Z,9.4676,3.40225,96.901,31.2889,1484.964
20211003T021327.773Z,9.4675,3.40225,96.9,31.289,1484.963
20211003T021328.770Z,9.4676,3.40223,96.902,31.2887,1484.963
20211003T021329.778Z,9.4677,3.40221,96.901,31.2885,1484.963
20211003T021330.770Z,9.4677,3.40222,96.902,31.2886,1484.964
20211003T021331.793Z,9.4677,3.40222,96.901,31.2885,1484.963
20211003T021332.770Z,9.4676,3.4022,96.9,31.2884,1484.963
20211003T021333.795Z,9.4677,3.40219,96.901,31.2883,1484.963
20211003T021334.770Z,9.4677,3.40219,96.902,31.2882,1484.963
20211003T021335.790Z,9.4678,3.40217,96.901,31.2879,1484.963
20211003T021336.770Z,9.4677,3.40218,96.901,31.2881,1484.963
20211003T021337.828Z,9.4677,3.40216,96.901,31.2879,1484.963
20211003T021338.770Z,9.4677,3.40216,96.9,31.2879,1484.963
20211003T021339.850Z,9.4677,3.40214,96.9,31.2878,1484.963
20211003T021340.770Z,9.4677,3.40214,96.9,31.2877,1484.963
20211003T021341.837Z,9.4679,3.40215,96.901,31.2876,1484.963
20211003T021342.771Z,9.4679,3.40213,96.901,31.2874,1484.963
20211003T021343.825Z,9.4679,3.40213,96.9,31.2874,1484.963
20211003T021344.771Z,9.4679,3.40214,96.899,31.2876,1484.963
20211003T021345.781Z,9.4677,3.40215,96.9,31.2877,1484.963
20211003T021346.784Z,9.4677,3.40215,96.9,31.2878,1484.963
20211003T021347.821Z,9.4677,3.40217,96.901,31.288,1484.963
20211003T021348.771Z,9.4678,3.40218,96.9,31.288,1484.963
20211003T021349.815Z,9.4679,3.40216,96.9,31.2878,1484.963
20211003T021350.771Z,9.4678,3.40217,96.9,31.2879,1484.963
20211003T021351.791Z,9.4677,3.40217,96.901,31.288,1484.963
20211003T021352.771Z,9.4678,3.40218,96.899,31.288,1484.963
20211003T021353.781Z,9.4677,3.40217,96.899,31.288,1484.963
20211003T021354.769Z,9.4679,3.40218,96.898,31.288,1484.963
20211003T021355.783Z,9.4679,3.40218,96.9,31.2879,1484.964
20211003T021356.770Z,9.4678,3.40217,96.899,31.2879,1484.963
20211003T021357.796Z,9.4679,3.40217,96.899,31.2879,1484.964
20211003T021358.770Z,9.4679,3.40217,96.9,31.2878,1484.963
20211003T021359.836Z,9.4679,3.40218,96.899,31.2879,1484.964
20211003T021400.775Z,9.4679,3.40217,96.9,31.2879,1484.964
20211003T021401.826Z,9.468,3.40219,96.9,31.2879,1484.964
20211003T021402.770Z,9.4679,3.40218,96.9,31.288,1484.964
20211003T021403.773Z,9.4679,3.40218,96.899,31.288,1484.964
20211003T021404.778Z,9.4678,3.40217,96.899,31.2879,1484.963
20211003T021405.865Z,9.4678,3.40219,96.898,31.2881,1484.964
20211003T021406.769Z,9.4679,3.40218,96.899,31.288,1484.964
20211003T021407.790Z,9.4679,3.40218,96.899,31.288,1484.964
20211003T021408.784Z,9.4679,3.40219,96.898,31.288,1484.964
20211003T021409.864Z,9.4678,3.40218,96.898,31.288,1484.963
20211003T021410.770Z,9.468,3.40218,96.898,31.2878,1484.964
20211003T021411.808Z,9.4679,3.40218,96.898,31.2879,1484.964
20211003T021412.789Z,9.4679,3.40217,96.899,31.2879,1484.963
20211003T021413.775Z,9.4679,3.40217,96.898,31.2879,1484.964
20211003T021414.771Z,9.4681,3.40217,96.898,31.2876,1484.964
20211003T021415.784Z,9.4682,3.40218,96.898,31.2877,1484.964
20211003T021416.794Z,9.468,3.40218,96.898,31.2879,1484.964
20211003T021417.812Z,9.4682,3.40216,96.897,31.2875,1484.964
20211003T021418.771Z,9.4683,3.40214,96.898,31.2872,1484.964
20211003T021419.781Z,9.4684,3.40212,96.897,31.2869,1484.964
20211003T021420.771Z,9.4685,3.40213,96.898,31.2869,1484.964
20211003T021421.861Z,9.4685,3.40213,96.897,31.2869,1484.965
20211003T021422.770Z,9.4685,3.40211,96.898,31.2868,1484.964
20211003T021423.775Z,9.4684,3.40213,96.898,31.287,1484.964
20211003T021424.771Z,9.4681,3.40213,96.898,31.2872,1484.964
20211003T021425.877Z,9.4681,3.40212,96.898,31.2871,1484.963
20211003T021426.770Z,9.468,3.40211,96.897,31.2871,1484.963
20211003T021427.785Z,9.4679,3.40211,96.897,31.2873,1484.963
20211003T021428.771Z,9.468,3.40213,96.898,31.2873,1484.963
20211003T021429.797Z,9.4679,3.40213,96.897,31.2875,1484.963
20211003T021430.770Z,9.4677,3.40213,96.897,31.2876,1484.963
20211003T021431.775Z,9.4677,3.40213,96.897,31.2876,1484.963
20211003T021432.770Z,9.4677,3.40213,96.897,31.2876,1484.963
20211003T021433.808Z,9.4679,3.40213,96.897,31.2874,1484.963
20211003T021434.769Z,9.4678,3.40214,96.897,31.2877,1484.963
20211003T021435.803Z,9.4677,3.40215,96.896,31.2878,1484.963
20211003T021436.771Z,9.4678,3.40216,96.897,31.2879,1484.963
20211003T021437.888Z,9.4678,3.40216,96.896,31.2878,1484.963
20211003T021438.771Z,9.4677,3.40218,96.898,31.2881,1484.963
20211003T021439.835Z,9.4678,3.40218,96.897,31.2881,1484.963
20211003T021440.770Z,9.4679,3.40219,96.897,31.288,1484.964
20211003T021441.776Z,9.4682,3.4022,96.896,31.2879,1484.965
20211003T021442.770Z,9.468,3.40219,96.897,31.288,1484.964
20211003T021443.851Z,9.4679,3.40221,96.897,31.2882,1484.964
20211003T021444.771Z,9.468,3.4022,96.896,31.2881,1484.964
20211003T021445.855Z,9.4679,3.40221,96.897,31.2882,1484.964
20211003T021446.774Z,9.4677,3.4022,96.897,31.2884,1484.963
20211003T021447.787Z,9.4677,3.40219,96.897,31.2883,1484.963
20211003T021448.770Z,9.4677,3.4022,96.897,31.2884,1484.963
20211003T021449.864Z,9.4677,3.40219,96.896,31.2882,1484.963
20211003T021450.773Z,9.4676,3.4022,96.895,31.2884,1484.963
20211003T021451.809Z,9.4675,3.40219,96.896,31.2884,1484.963
20211003T021452.769Z,9.4676,3.4022,96.896,31.2885,1484.963
20211003T021453.893Z,9.4677,3.40219,96.895,31.2882,1484.963
20211003T021454.772Z,9.4676,3.4022,96.896,31.2884,1484.963
20211003T021455.865Z,9.4675,3.40219,96.896,31.2884,1484.963
20211003T021456.771Z,9.4675,3.40219,96.897,31.2884,1484.963
20211003T021457.802Z,9.4676,3.40219,96.896,31.2884,1484.963
20211003T021458.771Z,9.4676,3.40219,96.896,31.2883,1484.963
20211003T021459.805Z,9.4674,3.40219,96.896,31.2885,1484.963
20211003T021500.784Z,9.4674,3.40219,96.896,31.2885,1484.963
20211003T021501.810Z,9.4673,3.4022,96.895,31.2886,1484.962
20211003T021502.769Z,9.4674,3.40219,96.895,31.2884,1484.963
20211003T021503.782Z,9.4674,3.4022,96.896,31.2885,1484.963
20211003T021504.769Z,9.4675,3.40219,96.896,31.2884,1484.963
20211003T021505.782Z,9.4675,3.4022,96.896,31.2885,1484.963
20211003T021506.771Z,9.4674,3.40218,96.896,31.2884,1484.963
20211003T021507.806Z,9.4674,3.40219,96.896,31.2886,1484.963
20211003T021508.771Z,9.4674,3.40218,96.896,31.2884,1484.963
20211003T021509.847Z,9.4674,3.40217,96.895,31.2883,1484.962
20211003T021510.771Z,9.4673,3.40218,96.895,31.2884,1484.962
20211003T021511.786Z,9.4674,3.40217,96.896,31.2882,1484.962
20211003T021512.771Z,9.4675,3.40218,96.894,31.2883,1484.963
20211003T021513.870Z,9.4674,3.40218,96.894,31.2884,1484.962
20211003T021514.772Z,9.4675,3.40217,96.895,31.2882,1484.963
20211003T021515.789Z,9.4677,3.40218,96.896,31.2882,1484.963
20211003T021516.770Z,9.4678,3.40217,96.895,31.2879,1484.963
20211003T021517.792Z,9.4678,3.40217,96.895,31.2879,1484.963
20211003T021518.770Z,9.4676,3.40216,96.895,31.2881,1484.963
20211003T021519.823Z,9.4676,3.40216,96.895,31.288,1484.963
20211003T021520.770Z,9.4676,3.40217,96.895,31.2881,1484.963
20211003T021521.773Z,9.4676,3.40216,96.895,31.288,1484.963
20211003T021522.770Z,9.4676,3.40216,96.894,31.2881,1484.963
20211003T021523.817Z,9.4676,3.40219,96.895,31.2883,1484.963
20211003T021524.783Z,9.4675,3.40217,96.895,31.2882,1484.962
20211003T021525.803Z,9.4674,3.40216,96.895,31.2882,1484.962
20211003T021526.769Z,9.4676,3.40216,96.894,31.2881,1484.963
20211003T021527.803Z,9.4675,3.40218,96.894,31.2883,1484.963
20211003T021528.771Z,9.4677,3.40218,96.894,31.2881,1484.963
20211003T021529.772Z,9.4676,3.40216,96.893,31.2881,1484.963
20211003T021530.771Z,9.4676,3.40217,96.893,31.2882,1484.963
20211003T021531.774Z,9.4676,3.40217,96.893,31.2881,1484.963
20211003T021532.774Z,9.4676,3.40217,96.893,31.2881,1484.963
20211003T021533.935Z,9.4676,3.40218,96.893,31.2882,1484.963
20211003T021534.771Z,9.4674,3.40219,96.893,31.2885,1484.962
20211003T021535.830Z,9.4676,3.40218,96.894,31.2883,1484.963
20211003T021536.771Z,9.4676,3.40218,96.894,31.2882,1484.963
20211003T021537.812Z,9.4676,3.40218,96.894,31.2882,1484.963
20211003T021538.771Z,9.4675,3.40217,96.894,31.2882,1484.962
20211003T021539.784Z,9.4675,3.40218,96.893,31.2883,1484.963
20211003T021540.772Z,9.4675,3.40218,96.893,31.2883,1484.963
20211003T021541.782Z,9.4675,3.40218,96.894,31.2884,1484.963
20211003T021542.771Z,9.4676,3.40219,96.893,31.2883,1484.963
20211003T021543.782Z,9.4676,3.40219,96.893,31.2883,1484.963
20211003T021544.770Z,9.4676,3.40217,96.893,31.2882,1484.963
20211003T021545.775Z,9.4677,3.40216,96.894,31.2879,1484.963
20211003T021546.770Z,9.4678,3.40215,96.893,31.2877,1484.963
20211003T021547.771Z,9.4679,3.40214,96.893,31.2876,1484.963
20211003T021548.784Z,9.4678,3.40215,96.892,31.2877,1484.963
20211003T021549.815Z,9.4677,3.40214,96.893,31.2877,1484.963
20211003T021550.769Z,9.4677,3.40214,96.893,31.2877,1484.963
20211003T021551.773Z,9.4677,3.40211,96.893,31.2874,1484.962
20211003T021552.769Z,9.4678,3.40212,96.892,31.2874,1484.963
20211003T021553.787Z,9.4677,3.40211,96.892,31.2874,1484.962
20211003T021554.770Z,9.4677,3.4021,96.892,31.2873,1484.962
20211003T021555.827Z,9.4679,3.40209,96.892,31.287,1484.962
20211003T021556.771Z,9.4679,3.40209,96.892,31.287,1484.963
20211003T021557.840Z,9.468,3.40209,96.891,31.2869,1484.963
20211003T021558.769Z,9.4682,3.40208,96.892,31.2867,1484.963
20211003T021559.834Z,9.4681,3.40209,96.892,31.2869,1484.963
20211003T021600.771Z,9.468,3.40209,96.892,31.287,1484.963
20211003T021601.813Z,9.4679,3.40207,96.892,31.2869,1484.962
20211003T021602.770Z,9.468,3.40207,96.892,31.2867,1484.962
20211003T021603.829Z,9.468,3.40207,96.892,31.2867,1484.962
20211003T021604.771Z,9.4679,3.40208,96.892,31.2869,1484.962
20211003T021605.785Z,9.4678,3.40208,96.892,31.287,1484.962
20211003T021606.771Z,9.4679,3.40208,96.892,31.2869,1484.962
20211003T021607.784Z,9.468,3.40209,96.893,31.2869,1484.963
20211003T021608.769Z,9.468,3.40207,96.891,31.2868,1484.963
20211003T021609.853Z,9.468,3.40209,96.892,31.2869,1484.963
20211003T021610.770Z,9.4679,3.40208,96.892,31.2869,1484.962
20211003T021611.807Z,9.4679,3.40207,96.891,31.2869,1484.962
20211003T021612.770Z,9.4679,3.40206,96.893,31.2868,1484.962
20211003T021613.822Z,9.468,3.40205,96.893,31.2865,1484.962
20211003T021614.770Z,9.468,3.40201,96.891,31.2861,1484.962
20211003T021615.786Z,9.468,3.402,96.892,31.286,1484.962
20211003T021616.771Z,9.4681,3.40203,96.891,31.2862,1484.962
20211003T021617.789Z,9.468,3.40202,96.892,31.2862,1484.962
20211003T021618.774Z,9.4678,3.40201,96.891,31.2864,1484.961
20211003T021619.792Z,9.4678,3.40203,96.891,31.2864,1484.961
20211003T021620.770Z,9.4679,3.40201,96.891,31.2862,1484.962
20211003T021621.804Z,9.468,3.40202,96.891,31.2862,1484.962
20211003T021622.771Z,9.4679,3.40203,96.891,31.2864,1484.962
20211003T021623.814Z,9.4679,3.402,96.891,31.2861,1484.961
20211003T021624.771Z,9.4682,3.40199,96.89,31.2858,1484.962
20211003T021625.787Z,9.4683,3.40199,96.89,31.2857,1484.962
20211003T021626.772Z,9.4682,3.40196,96.891,31.2855,1484.962
20211003T021627.774Z,9.4683,3.40193,96.89,31.2851,1484.961
20211003T021628.769Z,9.4684,3.40196,96.89,31.2853,1484.962
20211003T021629.796Z,9.4684,3.40195,96.891,31.2852,1484.962
20211003T021630.769Z,9.4684,3.40196,96.89,31.2853,1484.962
20211003T021631.797Z,9.4685,3.40196,96.89,31.2852,1484.962
20211003T021632.771Z,9.4685,3.40195,96.89,31.285,1484.962
20211003T021633.771Z,9.4687,3.40196,96.889,31.285,1484.963
20211003T021634.770Z,9.4688,3.40196,96.89,31.2849,1484.963
20211003T021635.800Z,9.4687,3.40194,96.891,31.2848,1484.963
20211003T021636.769Z,9.4687,3.40194,96.891,31.2848,1484.963
20211003T021637.827Z,9.4687,3.40194,96.89,31.2847,1484.963
20211003T021638.771Z,9.4685,3.40153,96.889,31.2808,1484.957
20211003T021639.776Z,9.4685,3.40182,96.89,31.2837,1484.961
20211003T021640.770Z,9.4684,3.40182,96.89,31.2839,1484.96
20211003T021641.772Z,9.4685,3.40184,96.89,31.2839,1484.961
20211003T021642.769Z,9.4687,3.40185,96.89,31.2839,1484.962
20211003T021643.839Z,9.4687,3.40183,96.89,31.2837,1484.961
20211003T021644.770Z,9.4688,3.40185,96.889,31.2838,1484.962
20211003T021645.872Z,9.4687,3.40187,96.89,31.2841,1484.962
20211003T021646.771Z,9.4689,3.40188,96.889,31.284,1484.962
20211003T021647.780Z,9.4689,3.40188,96.89,31.284,1484.962
20211003T021648.769Z,9.469,3.40188,96.89,31.284,1484.963
20211003T021649.782Z,9.4688,3.4019,96.89,31.2843,1484.962
20211003T021650.770Z,9.4687,3.40189,96.89,31.2843,1484.962
20211003T021651.857Z,9.4687,3.40189,96.889,31.2843,1484.962
20211003T021652.769Z,9.4687,3.40188,96.889,31.2842,1484.962
20211003T021653.825Z,9.4687,3.40188,96.89,31.2841,1484.962
20211003T021654.770Z,9.4688,3.40188,96.89,31.284,1484.962
20211003T021655.846Z,9.4688,3.40187,96.889,31.2839,1484.962
20211003T021656.769Z,9.4687,3.40188,96.889,31.2841,1484.962
20211003T021657.835Z,9.4687,3.40189,96.889,31.2843,1484.962
20211003T021658.769Z,9.4688,3.40189,96.89,31.2842,1484.962
20211003T021659.772Z,9.4687,3.40188,96.889,31.2842,1484.962
20211003T021700.776Z,9.4687,3.40189,96.889,31.2843,1484.962
20211003T021701.816Z,9.4688,3.40189,96.888,31.2842,1484.962
20211003T021702.770Z,9.4687,3.40189,96.89,31.2843,1484.962
20211003T021703.801Z,9.4687,3.40188,96.889,31.2842,1484.962
20211003T021704.775Z,9.4687,3.40189,96.89,31.2843,1484.962
20211003T021705.847Z,9.4688,3.40187,96.889,31.284,1484.962
20211003T021706.770Z,9.4687,3.40188,96.889,31.2841,1484.962
20211003T021707.776Z,9.4687,3.40187,96.889,31.284,1484.962
20211003T021708.772Z,9.4688,3.40187,96.889,31.284,1484.962
20211003T021709.794Z,9.4689,3.40187,96.888,31.2839,1484.962
20211003T021710.769Z,9.4688,3.40187,96.889,31.2839,1484.962
20211003T021711.868Z,9.4688,3.40187,96.889,31.2839,1484.962
20211003T021712.771Z,9.469,3.40187,96.888,31.2838,1484.962
20211003T021713.789Z,9.4688,3.40185,96.887,31.2837,1484.962
20211003T021714.769Z,9.4688,3.40184,96.888,31.2837,1484.962
20211003T021715.856Z,9.4687,3.40184,96.888,31.2837,1484.962
20211003T021716.769Z,9.4689,3.40183,96.889,31.2836,1484.962
20211003T021717.773Z,9.4688,3.40182,96.888,31.2835,1484.961
20211003T021718.770Z,9.4687,3.40182,96.887,31.2836,1484.961
20211003T021719.793Z,9.4691,3.40185,96.888,31.2835,1484.962
20211003T021720.771Z,9.469,3.40183,96.888,31.2835,1484.962
20211003T021721.781Z,9.469,3.40185,96.886,31.2836,1484.962
20211003T021722.771Z,9.4689,3.40183,96.886,31.2836,1484.962
20211003T021723.778Z,9.4689,3.40183,96.887,31.2835,1484.962
20211003T021724.771Z,9.469,3.40182,96.886,31.2834,1484.962
20211003T021725.878Z,9.469,3.40185,96.887,31.2836,1484.962
20211003T021726.784Z,9.4689,3.40185,96.887,31.2836,1484.962
20211003T021727.776Z,9.469,3.40185,96.887,31.2836,1484.962
20211003T021728.769Z,9.4691,3.40184,96.886,31.2835,1484.962
20211003T021729.778Z,9.4689,3.40183,96.886,31.2835,1484.962
20211003T021730.770Z,9.4689,3.40182,96.887,31.2835,1484.962
20211003T021731.840Z,9.4689,3.40181,96.886,31.2834,1484.961
20211003T021732.769Z,9.4687,3.4018,96.886,31.2833,1484.961
20211003T021733.860Z,9.4688,3.40179,96.888,31.2832,1484.961
20211003T021734.769Z,9.4687,3.40179,96.886,31.2832,1484.961
20211003T021735.865Z,9.4687,3.40182,96.887,31.2835,1484.961
20211003T021736.769Z,9.4688,3.40183,96.886,31.2836,1484.961
20211003T021737.779Z,9.4689,3.40184,96.887,31.2836,1484.962
20211003T021738.769Z,9.469,3.40182,96.886,31.2833,1484.962
20211003T021739.803Z,9.4689,3.40182,96.886,31.2834,1484.961
20211003T021740.771Z,9.4689,3.40185,96.886,31.2837,1484.962
20211003T021741.811Z,9.469,3.40185,96.887,31.2837,1484.962
20211003T021742.769Z,9.4687,3.40186,96.886,31.284,1484.961
20211003T021743.818Z,9.4685,3.40185,96.887,31.284,1484.961
20211003T021744.769Z,9.4685,3.40185,96.885,31.284,1484.961
20211003T021745.926Z,9.4685,3.40186,96.886,31.2841,1484.961
20211003T021746.774Z,9.4686,3.40186,96.887,31.2841,1484.961
20211003T021747.805Z,9.4684,3.40183,96.886,31.2839,1484.96
20211003T021748.771Z,9.4685,3.40181,96.886,31.2836,1484.96
20211003T021749.792Z,9.4685,3.40182,96.886,31.2838,1484.961
20211003T021750.785Z,9.4687,3.4018,96.885,31.2834,1484.961
20211003T021751.813Z,9.4687,3.40179,96.886,31.2834,1484.961
20211003T021752.769Z,9.4685,3.40175,96.885,31.2831,1484.96
20211003T021753.842Z,9.4684,3.40169,96.886,31.2826,1484.959
20211003T021754.773Z,9.4684,3.40167,96.885,31.2824,1484.958
20211003T021755.790Z,9.4684,3.4017,96.885,31.2827,1484.959
20211003T021756.771Z,9.4684,3.40168,96.887,31.2824,1484.958
20211003T021757.777Z,9.4682,3.40165,96.885,31.2824,1484.958
20211003T021758.770Z,9.4681,3.40165,96.886,31.2824,1484.957
20211003T021759.778Z,9.4681,3.40165,96.885,31.2824,1484.957
20211003T021800.771Z,9.4683,3.40164,96.885,31.2821,1484.958
20211003T021801.818Z,9.4683,3.40161,96.885,31.2818,1484.957
20211003T021802.770Z,9.4683,3.40161,96.886,31.2818,1484.957
20211003T021803.785Z,9.4682,3.40159,96.885,31.2817,1484.957
20211003T021804.770Z,9.4679,3.40159,96.884,31.2819,1484.956
20211003T021805.824Z,9.4682,3.40161,96.885,31.2818,1484.957
20211003T021806.768Z,9.4681,3.40158,96.885,31.2817,1484.957
20211003T021807.785Z,9.468,3.40156,96.885,31.2815,1484.956
20211003T021808.770Z,9.4681,3.40151,96.885,31.281,1484.956
20211003T021809.813Z,9.468,3.40146,96.885,31.2805,1484.955
20211003T021810.770Z,9.468,3.40146,96.885,31.2805,1484.955
20211003T021811.866Z,9.4679,3.40141,96.885,31.2801,1484.954
20211003T021812.769Z,9.4677,3.40136,96.885,31.2797,1484.953
20211003T021813.842Z,9.468,3.40134,96.883,31.2793,1484.953
20211003T021814.769Z,9.4679,3.40126,96.884,31.2786,1484.952
20211003T021815.850Z,9.4676,3.40124,96.885,31.2786,1484.951
20211003T021816.770Z,9.4677,3.40121,96.885,31.2783,1484.951
20211003T021817.817Z,9.4675,3.40116,96.885,31.2779,1484.95
20211003T021818.770Z,9.4675,3.4011,96.885,31.2773,1484.949
20211003T021819.800Z,9.4675,3.40106,96.884,31.2769,1484.949
20211003T021820.770Z,9.4676,3.40106,96.884,31.2768,1484.949
20211003T021821.827Z,9.4674,3.4011,96.884,31.2773,1484.949
20211003T021822.770Z,9.4676,3.40118,96.884,31.278,1484.95
20211003T021823.833Z,9.4677,3.40127,96.883,31.2788,1484.952
20211003T021824.770Z,9.4679,3.4013,96.883,31.2789,1484.952
20211003T021825.822Z,9.4679,3.40135,96.884,31.2795,1484.953
20211003T021826.771Z,9.4679,3.40139,96.883,31.2799,1484.954
20211003T021827.793Z,9.468,3.40144,96.883,31.2803,1484.955
20211003T021828.770Z,9.4683,3.40142,96.883,31.2799,1484.955
20211003T021829.843Z,9.4683,3.40145,96.883,31.2802,1484.955
20211003T021830.770Z,9.4683,3.40148,96.883,31.2804,1484.956
20211003T021831.792Z,9.4683,3.40151,96.883,31.2808,1484.956
20211003T021832.774Z,9.4683,3.40153,96.883,31.281,1484.956
20211003T021833.809Z,9.4684,3.40158,96.883,31.2813,1484.957
20211003T021834.770Z,9.4685,3.4016,96.883,31.2815,1484.958
20211003T021835.814Z,9.4684,3.40161,96.883,31.2817,1484.958
20211003T021836.771Z,9.4685,3.40164,96.883,31.2819,1484.958
20211003T021837.783Z,9.4684,3.40164,96.882,31.2821,1484.958
20211003T021838.770Z,9.4684,3.40164,96.883,31.282,1484.958
20211003T021839.790Z,9.4685,3.40163,96.882,31.2819,1484.958
20211003T021840.772Z,9.4686,3.40163,96.882,31.2817,1484.958
20211003T021841.912Z,9.4685,3.40161,96.882,31.2816,1484.958
20211003T021842.769Z,9.4684,3.40161,96.882,31.2817,1484.958
20211003T021843.778Z,9.4684,3.40162,96.882,31.2819,1484.958
20211003T021844.770Z,9.4683,3.40161,96.882,31.2817,1484.957
20211003T021845.822Z,9.4682,3.40159,96.882,31.2817,1484.957
20211003T021846.770Z,9.4682,3.40159,96.882,31.2816,1484.957
20211003T021847.775Z,9.4682,3.4016,96.883,31.2818,1484.957
20211003T021848.770Z,9.468,3.40161,96.882,31.2821,1484.957
20211003T021849.827Z,9.468,3.4016,96.882,31.2819,1484.956
20211003T021850.770Z,9.4681,3.40153,96.882,31.2812,1484.956
20211003T021851.858Z,9.4681,3.40154,96.882,31.2813,1484.956
20211003T021852.769Z,9.468,3.40154,96.882,31.2813,1484.956
20211003T021853.789Z,9.468,3.40149,96.882,31.2808,1484.955
20211003T021854.771Z,9.468,3.40141,96.882,31.28,1484.954
20211003T021855.859Z,9.4679,3.40137,96.882,31.2797,1484.953
20211003T021856.770Z,9.4681,3.40143,96.881,31.2801,1484.955
20211003T021857.805Z,9.4679,3.40145,96.881,31.2805,1484.954
20211003T021858.770Z,9.4682,3.40143,96.881,31.2801,1484.955
20211003T021859.855Z,9.4679,3.40135,96.882,31.2795,1484.953
20211003T021900.771Z,9.4681,3.40136,96.881,31.2794,1484.954
20211003T021901.775Z,9.4681,3.40138,96.881,31.2796,1484.954
20211003T021902.768Z,9.4679,3.40139,96.881,31.2799,1484.954
20211003T021903.801Z,9.4682,3.40135,96.881,31.2792,1484.954
20211003T021904.770Z,9.4681,3.40133,96.88,31.2791,1484.953
20211003T021905.830Z,9.4682,3.40137,96.881,31.2795,1484.954
20211003T021906.770Z,9.4683,3.40136,96.881,31.2793,1484.954
20211003T021907.841Z,9.4683,3.40129,96.881,31.2786,1484.953
20211003T021908.769Z,9.468,3.40125,96.88,31.2784,1484.952
20211003T021909.866Z,9.468,3.40123,96.88,31.2781,1484.952
20211003T021910.770Z,9.4681,3.40122,96.88,31.278,1484.952
20211003T021911.846Z,9.4682,3.4012,96.88,31.2777,1484.952
20211003T021912.770Z,9.4681,3.40124,96.879,31.2781,1484.952
20211003T021913.822Z,9.4681,3.40126,96.88,31.2784,1484.953
20211003T021914.775Z,9.4682,3.40124,96.88,31.2781,1484.953
20211003T021915.792Z,9.4681,3.40122,96.88,31.278,1484.952
20211003T021916.771Z,9.4681,3.40125,96.88,31.2783,1484.952
20211003T021917.782Z,9.4679,3.40122,96.88,31.2782,1484.952
20211003T021918.775Z,9.468,3.40125,96.88,31.2784,1484.952
20211003T021919.784Z,9.4681,3.40124,96.879,31.2782,1484.952
20211003T021920.770Z,9.468,3.40124,96.879,31.2783,1484.952
20211003T021921.813Z,9.4679,3.40125,96.879,31.2785,1484.952
20211003T021922.772Z,9.4679,3.4012,96.878,31.278,1484.951
20211003T021923.773Z,9.4677,3.40117,96.879,31.2778,1484.95
20211003T021924.769Z,9.4681,3.40119,96.879,31.2776,1484.951
20211003T021925.787Z,9.468,3.40119,96.878,31.2778,1484.951
20211003T021926.771Z,9.4678,3.40118,96.879,31.2778,1484.951
20211003T021927.821Z,9.4677,3.40112,96.879,31.2773,1484.95
20211003T021928.783Z,9.4676,3.4011,96.879,31.2772,1484.949
20211003T021929.812Z,9.4674,3.40113,96.879,31.2777,1484.949
20211003T021930.770Z,9.4674,3.4012,96.879,31.2784,1484.95
20211003T021931.789Z,9.4677,3.40124,96.879,31.2785,1484.951
20211003T021932.770Z,9.4678,3.40122,96.878,31.2782,1484.951
20211003T021933.818Z,9.4677,3.40121,96.878,31.2782,1484.951
20211003T021934.770Z,9.4679,3.40121,96.878,31.2781,1484.951
20211003T021935.857Z,9.4679,3.40123,96.878,31.2782,1484.951
20211003T021936.770Z,9.4677,3.40125,96.878,31.2786,1484.951
20211003T021937.844Z,9.4678,3.40125,96.878,31.2786,1484.952
20211003T021938.771Z,9.4677,3.40125,96.879,31.2786,1484.951
20211003T021939.838Z,9.4674,3.40125,96.878,31.2789,1484.951
20211003T021940.770Z,9.4676,3.40126,96.878,31.2789,1484.951
20211003T021941.815Z,9.4676,3.40125,96.877,31.2788,1484.951
20211003T021942.769Z,9.4676,3.40124,96.877,31.2786,1484.951
20211003T021943.795Z,9.4675,3.40123,96.878,31.2786,1484.95
20211003T021944.770Z,9.4674,3.4012,96.877,31.2784,1484.95
20211003T021945.838Z,9.4673,3.40118,96.878,31.2783,1484.949
20211003T021946.769Z,9.4673,3.40117,96.876,31.2783,1484.949
20211003T021947.831Z,9.4672,3.40115,96.877,31.2781,1484.949
20211003T021948.769Z,9.4672,3.40114,96.878,31.278,1484.948
20211003T021949.780Z,9.4672,3.40113,96.877,31.2779,1484.948
20211003T021950.771Z,9.4673,3.40119,96.877,31.2784,1484.949
20211003T021951.777Z,9.4673,3.40123,96.877,31.2787,1484.95
20211003T021952.783Z,9.4673,3.40125,96.878,31.2791,1484.95
20211003T021953.785Z,9.4673,3.4013,96.877,31.2795,1484.951
20211003T021954.770Z,9.4676,3.40134,96.877,31.2797,1484.952
20211003T021955.796Z,9.4676,3.40137,96.876,31.28,1484.953
20211003T021956.770Z,9.4675,3.40141,96.877,31.2805,1484.953
20211003T021957.786Z,9.4674,3.40141,96.877,31.2805,1484.953
20211003T021958.769Z,9.4675,3.40146,96.876,31.2809,1484.953
20211003T021959.773Z,9.4676,3.40148,96.875,31.2811,1484.954
20211003T022000.774Z,9.4676,3.40149,96.876,31.2812,1484.954
20211003T022001.838Z,9.4675,3.40151,96.876,31.2814,1484.954
20211003T022002.771Z,9.4676,3.4015,96.877,31.2813,1484.954
20211003T022003.807Z,9.4677,3.40154,96.876,31.2816,1484.955
20211003T022004.769Z,9.4677,3.40158,96.876,31.282,1484.955
20211003T022005.771Z,9.4677,3.40158,96.875,31.282,1484.955
20211003T022006.769Z,9.4677,3.40159,96.876,31.282,1484.955
20211003T022007.871Z,9.4677,3.40159,96.876,31.2821,1484.955
20211003T022008.771Z,9.4677,3.4016,96.875,31.2822,1484.956
20211003T022009.833Z,9.4677,3.40163,96.875,31.2825,1484.956
20211003T022010.769Z,9.4677,3.40166,96.876,31.2827,1484.956
20211003T022011.773Z,9.4679,3.40166,96.875,31.2826,1484.957
20211003T022012.771Z,9.4679,3.40165,96.875,31.2825,1484.957
20211003T022013.812Z,9.468,3.40166,96.876,31.2825,1484.957
20211003T022014.769Z,9.468,3.40167,96.875,31.2827,1484.957
20211003T022015.803Z,9.468,3.40168,96.875,31.2828,1484.957
20211003T022016.783Z,9.4679,3.40169,96.875,31.283,1484.957
20211003T022017.817Z,9.4678,3.40167,96.875,31.2829,1484.957
20211003T022018.768Z,9.4679,3.40169,96.875,31.283,1484.957
20211003T022019.777Z,9.4679,3.40167,96.874,31.2828,1484.957
20211003T022020.769Z,9.4678,3.40171,96.874,31.2833,1484.957
20211003T022021.786Z,9.4678,3.40176,96.874,31.2837,1484.958
20211003T022022.769Z,9.4679,3.40175,96.875,31.2836,1484.958
20211003T022023.772Z,9.468,3.40173,96.875,31.2833,1484.958
20211003T022024.769Z,9.468,3.40172,96.875,31.2831,1484.958
20211003T022025.809Z,9.468,3.40172,96.875,31.2832,1484.958
20211003T022026.769Z,9.468,3.40172,96.874,31.2832,1484.958
20211003T022027.825Z,9.468,3.40171,96.874,31.283,1484.958
20211003T022028.769Z,9.468,3.4017,96.875,31.2829,1484.958
20211003T022029.774Z,9.468,3.40164,96.874,31.2823,1484.957
20211003T022030.769Z,9.468,3.40156,96.874,31.2816,1484.956
20211003T022031.932Z,9.4679,3.40146,96.873,31.2806,1484.954
20211003T022032.769Z,9.4679,3.40139,96.874,31.2799,1484.953
20211003T022033.819Z,9.4679,3.40129,96.874,31.2788,1484.952
20211003T022034.769Z,9.4679,3.40125,96.874,31.2785,1484.952
20211003T022035.783Z,9.4677,3.40123,96.874,31.2784,1484.951
20211003T022036.769Z,9.4677,3.40116,96.874,31.2777,1484.95
20211003T022037.780Z,9.4677,3.40114,96.874,31.2775,1484.95
20211003T022038.769Z,9.4676,3.40112,96.874,31.2774,1484.949
20211003T022039.773Z,9.4675,3.4011,96.874,31.2773,1484.949
20211003T022040.771Z,9.4674,3.40109,96.874,31.2772,1484.948
20211003T022041.789Z,9.4674,3.40106,96.874,31.277,1484.948
20211003T022042.769Z,9.4675,3.40103,96.872,31.2766,1484.948
20211003T022043.787Z,9.4673,3.40099,96.874,31.2764,1484.947
20211003T022044.771Z,9.4675,3.40104,96.873,31.2767,1484.948
20211003T022045.798Z,9.4676,3.40116,96.874,31.2778,1484.95
20211003T022046.774Z,9.4678,3.40116,96.873,31.2776,1484.95
20211003T022047.780Z,9.4678,3.40118,96.874,31.2779,1484.951
20211003T022048.770Z,9.4679,3.40122,96.873,31.2781,1484.951
20211003T022049.839Z,9.4678,3.40125,96.874,31.2785,1484.952
20211003T022050.770Z,9.4679,3.40126,96.873,31.2786,1484.952
20211003T022051.779Z,9.4682,3.4013,96.873,31.2787,1484.953
20211003T022052.768Z,9.4687,3.40133,96.873,31.2786,1484.955
20211003T022053.801Z,9.4688,3.40134,96.872,31.2786,1484.955
20211003T022054.772Z,9.4685,3.40136,96.872,31.2791,1484.955
20211003T022055.782Z,9.4682,3.40136,96.873,31.2793,1484.954
20211003T022056.770Z,9.4681,3.40138,96.872,31.2796,1484.954
20211003T022057.854Z,9.4682,3.40139,96.872,31.2797,1484.954
20211003T022058.770Z,9.4681,3.4014,96.872,31.2798,1484.954
20211003T022059.793Z,9.4682,3.40141,96.872,31.2799,1484.954
20211003T022100.769Z,9.4681,3.4014,96.872,31.2798,1484.954
20211003T022101.826Z,9.4681,3.40133,96.871,31.2792,1484.953
20211003T022102.769Z,9.468,3.40129,96.871,31.2787,1484.952
20211003T022103.812Z,9.4681,3.40131,96.872,31.2789,1484.953
20211003T022104.769Z,9.4681,3.4013,96.872,31.2788,1484.953
20211003T022105.853Z,9.4682,3.40128,96.872,31.2785,1484.953
20211003T022106.770Z,9.468,3.40121,96.871,31.2779,1484.951
20211003T022107.867Z,9.468,3.40122,96.871,31.278,1484.952
20211003T022108.770Z,9.468,3.40117,96.87,31.2775,1484.951
20211003T022109.869Z,9.4681,3.40114,96.871,31.2772,1484.951
20211003T022110.769Z,9.468,3.40116,96.871,31.2775,1484.951
20211003T022111.792Z,9.468,3.40116,96.871,31.2775,1484.951
20211003T022112.769Z,9.468,3.40117,96.871,31.2776,1484.951
20211003T022113.795Z,9.4681,3.40118,96.87,31.2776,1484.951
20211003T022114.769Z,9.4679,3.40115,96.87,31.2775,1484.95
20211003T022115.777Z,9.468,3.40116,96.872,31.2774,1484.951
20211003T022116.769Z,9.4679,3.40112,96.87,31.2771,1484.95
20211003T022117.807Z,9.4676,3.4011,96.87,31.2772,1484.949
20211003T022118.769Z,9.4677,3.40106,96.87,31.2767,1484.949
20211003T022119.838Z,9.4677,3.40105,96.87,31.2766,1484.949
20211003T022120.769Z,9.4677,3.40101,96.87,31.2762,1484.948
20211003T022121.817Z,9.4676,3.40103,96.871,31.2765,1484.948
20211003T022122.769Z,9.4676,3.40102,96.87,31.2763,1484.948
20211003T022123.811Z,9.4676,3.40103,96.87,31.2765,1484.948
20211003T022124.771Z,9.4676,3.40103,96.87,31.2765,1484.948
20211003T022125.777Z,9.4676,3.40102,96.87,31.2764,1484.948
20211003T022126.769Z,9.4677,3.40104,96.871,31.2765,1484.948
20211003T022127.784Z,9.4677,3.40106,96.87,31.2767,1484.949
20211003T022128.770Z,9.4678,3.40104,96.869,31.2764,1484.949
20211003T022129.773Z,9.4678,3.401,96.869,31.2761,1484.948
20211003T022130.783Z,9.4678,3.40102,96.868,31.2762,1484.949
20211003T022131.854Z,9.4678,3.40105,96.868,31.2765,1484.949
20211003T022132.774Z,9.4678,3.40104,96.869,31.2764,1484.949
20211003T022133.774Z,9.4679,3.40107,96.87,31.2767,1484.949
20211003T022134.769Z,9.4679,3.40107,96.869,31.2766,1484.949
20211003T022135.831Z,9.468,3.40106,96.868,31.2765,1484.95
20211003T022136.772Z,9.4681,3.40109,96.869,31.2767,1484.95
20211003T022137.810Z,9.468,3.40106,96.868,31.2765,1484.949
20211003T022138.770Z,9.4679,3.401,96.869,31.276,1484.949
20211003T022139.778Z,9.4679,3.40104,96.869,31.2763,1484.949
20211003T022140.772Z,9.4679,3.40104,96.868,31.2763,1484.949
20211003T022141.779Z,9.4679,3.40105,96.869,31.2764,1484.949
20211003T022142.769Z,9.468,3.40108,96.868,31.2766,1484.95
20211003T022143.779Z,9.468,3.40106,96.867,31.2765,1484.949
20211003T022144.769Z,9.4679,3.40109,96.868,31.2769,1484.95
20211003T022145.776Z,9.4679,3.40112,96.868,31.2772,1484.95
20211003T022146.769Z,9.4679,3.40116,96.868,31.2776,1484.95
20211003T022147.848Z,9.4678,3.40116,96.868,31.2777,1484.95
20211003T022148.769Z,9.4678,3.40117,96.869,31.2777,1484.95
20211003T022149.856Z,9.4679,3.40118,96.869,31.2778,1484.951
20211003T022150.775Z,9.4679,3.40118,96.867,31.2778,1484.951
20211003T022151.789Z,9.4679,3.40114,96.868,31.2773,1484.95
20211003T022152.775Z,9.4679,3.40114,96.868,31.2773,1484.95
20211003T022153.802Z,9.4679,3.40112,96.868,31.2771,1484.95
20211003T022154.789Z,9.4679,3.40112,96.869,31.2771,1484.95
20211003T022155.878Z,9.4679,3.40111,96.867,31.277,1484.95
20211003T022156.775Z,9.4679,3.40109,96.867,31.2768,1484.95
20211003T022157.806Z,9.4677,3.40108,96.867,31.2769,1484.949
20211003T022158.775Z,9.4677,3.40109,96.867,31.277,1484.949
20211003T022159.791Z,9.4676,3.40108,96.868,31.277,1484.949
20211003T022200.775Z,9.4677,3.40107,96.868,31.2768,1484.949
20211003T022201.809Z,9.4677,3.40103,96.867,31.2764,1484.948
20211003T022202.775Z,9.4676,3.40102,96.867,31.2764,1484.948
20211003T022203.805Z,9.4675,3.40103,96.867,31.2766,1484.948
20211003T022204.776Z,9.4676,3.40103,96.868,31.2765,1484.948
20211003T022205.821Z,9.4676,3.401,96.867,31.2762,1484.947
20211003T022206.778Z,9.4676,3.40103,96.867,31.2765,1484.948
20211003T022207.788Z,9.4675,3.40101,96.867,31.2764,1484.948
20211003T022208.775Z,9.4676,3.40102,96.868,31.2764,1484.948
20211003T022209.782Z,9.4676,3.40101,96.867,31.2763,1484.948
20211003T022210.782Z,9.4675,3.40099,96.868,31.2762,1484.947
20211003T022211.779Z,9.4675,3.40099,96.867,31.2761,1484.947
20211003T022212.775Z,9.4677,3.40098,96.867,31.2759,1484.948
20211003T022213.831Z,9.4674,3.40095,96.867,31.2758,1484.947
20211003T022214.787Z,9.4674,3.40095,96.866,31.2758,1484.947
20211003T022215.778Z,9.4673,3.40092,96.867,31.2757,1484.946
20211003T022216.775Z,9.4672,3.40087,96.866,31.2752,1484.945
20211003T022217.812Z,9.4671,3.40088,96.867,31.2753,1484.945
20211003T022218.795Z,9.4672,3.40089,96.866,31.2755,1484.945
20211003T022219.777Z,9.4672,3.4009,96.866,31.2755,1484.946
20211003T022220.775Z,9.4672,3.40088,96.866,31.2752,1484.945
20211003T022221.798Z,9.467,3.40085,96.866,31.2752,1484.944
20211003T022222.799Z,9.467,3.40087,96.866,31.2754,1484.945
20211003T022223.779Z,9.467,3.40088,96.865,31.2755,1484.945
20211003T022224.775Z,9.467,3.40094,96.866,31.276,1484.945
20211003T022225.791Z,9.4671,3.40101,96.865,31.2767,1484.946
20211003T022226.777Z,9.4674,3.40101,96.866,31.2765,1484.947
20211003T022227.890Z,9.4674,3.40099,96.866,31.2763,1484.947
20211003T022228.776Z,9.4675,3.40101,96.866,31.2764,1484.948
20211003T022229.781Z,9.4674,3.40102,96.866,31.2766,1484.947
20211003T022230.776Z,9.4674,3.40104,96.866,31.2768,1484.948
20211003T022231.813Z,9.4675,3.40105,96.865,31.2768,1484.948
20211003T022232.777Z,9.4675,3.40105,96.865,31.2768,1484.948
20211003T022233.788Z,9.4675,3.40108,96.865,31.2771,1484.948
20211003T022234.775Z,9.4674,3.40112,96.865,31.2775,1484.949
20211003T022235.864Z,9.4677,3.40112,96.865,31.2773,1484.949
20211003T022236.776Z,9.4675,3.40113,96.864,31.2776,1484.949
20211003T022237.804Z,9.4676,3.40115,96.865,31.2777,1484.95
20211003T022238.775Z,9.4676,3.40118,96.864,31.278,1484.95
20211003T022239.877Z,9.4676,3.40119,96.864,31.2782,1484.95
20211003T022240.776Z,9.4677,3.40122,96.864,31.2784,1484.951
20211003T022241.791Z,9.4678,3.40125,96.864,31.2785,1484.951
20211003T022242.775Z,9.4677,3.40125,96.865,31.2786,1484.951
20211003T022243.850Z,9.4678,3.40125,96.865,31.2786,1484.951
20211003T022244.776Z,9.4679,3.40129,96.864,31.2789,1484.952
20211003T022245.857Z,9.4678,3.40132,96.864,31.2792,1484.952
20211003T022246.776Z,9.4678,3.40136,96.863,31.2797,1484.953
20211003T022247.816Z,9.4678,3.40141,96.864,31.2802,1484.953
20211003T022248.776Z,9.4678,3.40141,96.863,31.2802,1484.953
20211003T022249.873Z,9.4679,3.40141,96.865,31.2801,1484.954
20211003T022250.777Z,9.468,3.40141,96.864,31.28,1484.954
20211003T022251.804Z,9.4679,3.40139,96.864,31.2799,1484.953
20211003T022252.777Z,9.468,3.40142,96.865,31.2802,1484.954
20211003T022253.779Z,9.4681,3.40144,96.864,31.2802,1484.954
20211003T022254.776Z,9.468,3.40149,96.863,31.2808,1484.955
20211003T022255.787Z,9.4681,3.40146,96.863,31.2804,1484.955
20211003T022256.776Z,9.4681,3.40143,96.864,31.2801,1484.954
20211003T022257.817Z,9.468,3.40144,96.864,31.2803,1484.954
20211003T022258.776Z,9.468,3.40141,96.864,31.2801,1484.954
20211003T022259.834Z,9.468,3.4014,96.864,31.2799,1484.954
20211003T022300.781Z,9.468,3.40141,96.863,31.28,1484.954
20211003T022301.782Z,9.4679,3.40141,96.863,31.2801,1484.953
20211003T022302.775Z,9.4679,3.40135,96.864,31.2796,1484.953
20211003T022303.786Z,9.4679,3.40134,96.863,31.2793,1484.953
20211003T022304.776Z,9.4679,3.40128,96.863,31.2787,1484.952
20211003T022305.794Z,9.4677,3.40121,96.863,31.2782,1484.951
20211003T022306.776Z,9.4677,3.40118,96.862,31.2779,1484.95
20211003T022307.864Z,9.4677,3.40116,96.862,31.2777,1484.95
20211003T022308.778Z,9.4678,3.40114,96.862,31.2774,1484.95
20211003T022309.834Z,9.4678,3.40111,96.863,31.2771,1484.95
20211003T022310.775Z,9.468,3.40109,96.862,31.2768,1484.95
20211003T022311.786Z,9.4681,3.40106,96.861,31.2764,1484.95
20211003T022312.776Z,9.468,3.40103,96.863,31.2762,1484.949
20211003T022313.778Z,9.4677,3.401,96.863,31.2761,1484.948
20211003T022314.777Z,9.4677,3.401,96.862,31.2761,1484.948
20211003T022315.777Z,9.4677,3.40102,96.863,31.2763,1484.948
20211003T022316.776Z,9.4679,3.40105,96.863,31.2765,1484.949
20211003T022317.830Z,9.4677,3.40105,96.862,31.2765,1484.948
20211003T022318.776Z,9.4677,3.40104,96.861,31.2765,1484.948
20211003T022319.872Z,9.4677,3.40103,96.861,31.2764,1484.948
20211003T022320.776Z,9.4677,3.40103,96.861,31.2765,1484.948
20211003T022321.796Z,9.4677,3.40106,96.862,31.2767,1484.948
20211003T022322.776Z,9.4677,3.40109,96.861,31.277,1484.949
20211003T022323.829Z,9.4678,3.40108,96.861,31.2768,1484.949
20211003T022324.776Z,9.4678,3.4011,96.862,31.277,1484.949
20211003T022325.786Z,9.4677,3.40111,96.861,31.2772,1484.949
20211003T022326.776Z,9.4677,3.40109,96.862,31.2771,1484.949
20211003T022327.871Z,9.4678,3.40109,96.861,31.277,1484.949
20211003T022328.776Z,9.4679,3.40108,96.861,31.2768,1484.949
20211003T022329.779Z,9.4678,3.40108,96.861,31.2768,1484.949
20211003T022330.775Z,9.4678,3.40111,96.861,31.2771,1484.949
20211003T022331.811Z,9.4677,3.40115,96.862,31.2776,1484.95
20211003T022332.788Z,9.4679,3.40118,96.861,31.2778,1484.951
20211003T022333.840Z,9.468,3.40126,96.861,31.2786,1484.952
20211003T022334.776Z,9.4681,3.4013,96.861,31.2788,1484.953
20211003T022335.834Z,9.4682,3.40129,96.861,31.2787,1484.953
20211003T022336.776Z,9.4681,3.40134,96.86,31.2792,1484.953
20211003T022337.778Z,9.4682,3.40137,96.86,31.2795,1484.954
20211003T022338.775Z,9.4682,3.4014,96.86,31.2798,1484.954
20211003T022339.872Z,9.4682,3.40139,96.86,31.2797,1484.954
20211003T022340.777Z,9.4682,3.40144,96.86,31.2801,1484.955
20211003T022341.814Z,9.4683,3.40143,96.861,31.28,1484.955
20211003T022342.776Z,9.4682,3.40149,96.861,31.2806,1484.955
20211003T022343.783Z,9.4683,3.4015,96.859,31.2807,1484.956
20211003T022344.776Z,9.4683,3.4015,96.86,31.2806,1484.956
20211003T022345.869Z,9.4682,3.40149,96.86,31.2807,1484.955
20211003T022346.780Z,9.4683,3.40148,96.86,31.2805,1484.955
20211003T022347.803Z,9.4684,3.40148,96.86,31.2804,1484.956
20211003T022348.776Z,9.4683,3.4015,96.861,31.2807,1484.956
20211003T022349.807Z,9.4683,3.40151,96.859,31.2808,1484.956
20211003T022350.777Z,9.4683,3.40148,96.859,31.2805,1484.955
20211003T022351.786Z,9.4683,3.40154,96.86,31.2811,1484.956
20211003T022352.776Z,9.4683,3.40151,96.859,31.2808,1484.956
20211003T022353.801Z,9.4683,3.40153,96.86,31.281,1484.956
20211003T022354.778Z,9.4683,3.40157,96.858,31.2814,1484.957
20211003T022355.782Z,9.4684,3.40159,96.859,31.2815,1484.957
20211003T022356.789Z,9.4684,3.40159,96.859,31.2815,1484.957
20211003T022357.805Z,9.4684,3.40157,96.86,31.2813,1484.957
20211003T022358.775Z,9.4684,3.4016,96.859,31.2816,1484.957
20211003T022359.813Z,9.4684,3.40161,96.86,31.2816,1484.957
20211003T022400.776Z,9.4684,3.40162,96.859,31.2818,1484.958
20211003T022401.783Z,9.4685,3.40165,96.86,31.282,1484.958
20211003T022402.776Z,9.4685,3.40164,96.86,31.2819,1484.958
20211003T022403.820Z,9.4685,3.40165,96.859,31.282,1484.958
20211003T022404.776Z,9.4685,3.40167,96.859,31.2822,1484.958
20211003T022405.781Z,9.4685,3.40166,96.859,31.2821,1484.958
20211003T022406.776Z,9.4686,3.40168,96.859,31.2823,1484.959
20211003T022407.803Z,9.4687,3.40173,96.859,31.2826,1484.96
20211003T022408.776Z,9.4688,3.40175,96.859,31.2828,1484.96
20211003T022409.886Z,9.4687,3.40176,96.859,31.2829,1484.96
20211003T022410.776Z,9.4687,3.40175,96.859,31.2829,1484.96
20211003T022411.813Z,9.4687,3.40177,96.859,31.283,1484.96
20211003T022412.777Z,9.4687,3.40181,96.859,31.2834,1484.961
20211003T022413.864Z,9.4688,3.40179,96.859,31.2832,1484.961
20211003T022414.776Z,9.4687,3.40178,96.859,31.2832,1484.96
20211003T022415.796Z,9.4687,3.40179,96.859,31.2833,1484.96
20211003T022416.775Z,9.4687,3.40181,96.859,31.2835,1484.96
20211003T022417.782Z,9.4687,3.40178,96.859,31.2832,1484.96
20211003T022418.776Z,9.4687,3.40177,96.858,31.2831,1484.96
20211003T022419.783Z,9.4687,3.40171,96.858,31.2825,1484.959
20211003T022420.790Z,9.4687,3.40169,96.858,31.2824,1484.959
20211003T022421.785Z,9.4687,3.40169,96.858,31.2823,1484.959
20211003T022422.777Z,9.4687,3.40168,96.858,31.2822,1484.959
20211003T022423.781Z,9.4686,3.40163,96.858,31.2817,1484.958
20211003T022424.776Z,9.4685,3.40164,96.859,31.282,1484.958
20211003T022425.874Z,9.4685,3.40165,96.858,31.282,1484.958
20211003T022426.776Z,9.4685,3.40163,96.858,31.2818,1484.958
20211003T022427.778Z,9.4686,3.40163,96.857,31.2818,1484.958
20211003T022428.780Z,9.4686,3.40165,96.857,31.2819,1484.958
20211003T022429.841Z,9.4685,3.40164,96.858,31.2819,1484.958
20211003T022430.776Z,9.4686,3.40165,96.858,31.282,1484.958
20211003T022431.784Z,9.4686,3.40167,96.858,31.2821,1484.958
20211003T022432.780Z,9.4687,3.40166,96.858,31.282,1484.959
20211003T022433.865Z,9.4687,3.40166,96.858,31.282,1484.959
20211003T022434.776Z,9.4687,3.40168,96.858,31.2822,1484.959
20211003T022435.781Z,9.4687,3.40167,96.858,31.282,1484.959
20211003T022436.777Z,9.4687,3.40169,96.857,31.2823,1484.959
20211003T022437.812Z,9.4687,3.40168,96.858,31.2822,1484.959
20211003T022438.777Z,9.4687,3.40173,96.857,31.2826,1484.959
20211003T022439.863Z,9.4686,3.40179,96.857,31.2834,1484.96
20211003T022440.777Z,9.4685,3.4018,96.857,31.2836,1484.96
20211003T022441.830Z,9.4686,3.40181,96.857,31.2836,1484.96
20211003T022442.776Z,9.4686,3.40185,96.858,31.2839,1484.961
20211003T022443.804Z,9.4686,3.4019,96.858,31.2845,1484.961
20211003T022444.776Z,9.4685,3.40191,96.858,31.2847,1484.961
20211003T022445.915Z,9.4684,3.40193,96.859,31.2849,1484.961
20211003T022446.777Z,9.4684,3.40194,96.858,31.2851,1484.961
20211003T022447.784Z,9.4684,3.40194,96.858,31.285,1484.961
20211003T022448.777Z,9.4684,3.40196,96.858,31.2852,1484.962
20211003T022449.832Z,9.4686,3.40197,96.857,31.2852,1484.962
20211003T022450.777Z,9.4685,3.40197,96.857,31.2853,1484.962
20211003T022451.784Z,9.4684,3.40197,96.858,31.2854,1484.962
20211003T022452.776Z,9.4684,3.40196,96.857,31.2853,1484.962
20211003T022453.815Z,9.4684,3.40193,96.857,31.285,1484.961
20211003T022454.776Z,9.4684,3.4019,96.857,31.2847,1484.961
20211003T022455.820Z,9.4684,3.40189,96.856,31.2846,1484.961
20211003T022456.776Z,9.4684,3.40187,96.857,31.2843,1484.96
20211003T022457.793Z,9.4684,3.40186,96.857,31.2842,1484.96
20211003T022458.776Z,9.4684,3.40184,96.857,31.2841,1484.96
20211003T022459.795Z,9.4684,3.4018,96.857,31.2837,1484.96
20211003T022500.776Z,9.4685,3.40179,96.855,31.2835,1484.96
20211003T022501.802Z,9.4685,3.40178,96.856,31.2834,1484.959
20211003T022502.776Z,9.4685,3.40178,96.856,31.2833,1484.96
20211003T022503.876Z,9.4685,3.40175,96.857,31.2831,1484.959
20211003T022504.776Z,9.4685,3.40173,96.856,31.2828,1484.959
20211003T022505.817Z,9.4686,3.40172,96.856,31.2827,1484.959
20211003T022506.776Z,9.4686,3.40169,96.857,31.2824,1484.959
20211003T022507.798Z,9.4686,3.40168,96.856,31.2823,1484.959
20211003T022508.776Z,9.4686,3.4017,96.856,31.2824,1484.959
20211003T022509.886Z,9.4685,3.40171,96.856,31.2826,1484.959
20211003T022510.776Z,9.4686,3.40175,96.856,31.283,1484.959
20211003T022511.836Z,9.4687,3.40175,96.856,31.2829,1484.96
20211003T022512.776Z,9.4687,3.40177,96.856,31.2831,1484.96
20211003T022513.783Z,9.4686,3.40178,96.855,31.2832,1484.96
20211003T022514.782Z,9.4687,3.4018,96.855,31.2834,1484.96
20211003T022515.834Z,9.4687,3.40182,96.855,31.2836,1484.96
20211003T022516.777Z,9.4686,3.40183,96.856,31.2838,1484.96
20211003T022517.811Z,9.4687,3.40186,96.855,31.284,1484.961
20211003T022518.781Z,9.4687,3.40185,96.856,31.2839,1484.961
20211003T022519.794Z,9.4687,3.40185,96.854,31.284,1484.961
20211003T022520.776Z,9.4687,3.40184,96.854,31.2838,1484.961
20211003T022521.829Z,9.4687,3.40182,96.854,31.2836,1484.961
20211003T022522.778Z,9.4687,3.40181,96.854,31.2834,1484.961
20211003T022523.777Z,9.4687,3.4018,96.854,31.2834,1484.96
20211003T022524.776Z,9.4687,3.40178,96.854,31.2833,1484.96
20211003T022525.848Z,9.4686,3.40178,96.854,31.2832,1484.96
20211003T022526.777Z,9.4687,3.40179,96.854,31.2833,1484.96
20211003T022527.815Z,9.4687,3.40177,96.855,31.2831,1484.96
20211003T022528.775Z,9.4686,3.40177,96.855,31.2831,1484.96
20211003T022529.836Z,9.4686,3.40174,96.854,31.2829,1484.959
20211003T022530.776Z,9.4687,3.40174,96.855,31.2828,1484.959
20211003T022531.788Z,9.4687,3.40174,96.854,31.2828,1484.96
20211003T022532.775Z,9.4686,3.40174,96.853,31.2829,1484.959
20211003T022533.792Z,9.4686,3.40176,96.854,31.2831,1484.96
20211003T022534.776Z,9.4686,3.40176,96.853,31.2831,1484.959
20211003T022535.781Z,9.4687,3.40176,96.853,31.283,1484.96
20211003T022536.776Z,9.4687,3.40176,96.853,31.283,1484.96
20211003T022537.809Z,9.4686,3.40176,96.853,31.2831,1484.959
20211003T022538.776Z,9.4687,3.40176,96.854,31.283,1484.96
20211003T022539.822Z,9.4687,3.40177,96.853,31.2831,1484.96
20211003T022540.776Z,9.4685,3.40177,96.853,31.2833,1484.959
20211003T022541.911Z,9.4686,3.40175,96.853,31.283,1484.959
20211003T022542.776Z,9.4686,3.40175,96.853,31.283,1484.959
20211003T022543.800Z,9.4687,3.40174,96.853,31.2828,1484.96
20211003T022544.776Z,9.4686,3.40173,96.853,31.2828,1484.959
20211003T022545.875Z,9.4686,3.40173,96.854,31.2828,1484.959
20211003T022546.775Z,9.4685,3.40173,96.853,31.2828,1484.959
20211003T022547.821Z,9.4685,3.40174,96.855,31.283,1484.959
20211003T022548.776Z,9.4685,3.40176,96.852,31.2831,1484.959
20211003T022549.817Z,9.4685,3.40177,96.853,31.2833,1484.959
20211003T022550.775Z,9.4685,3.4018,96.853,31.2836,1484.96
20211003T022551.786Z,9.4685,3.40179,96.854,31.2835,1484.96
20211003T022552.776Z,9.4685,3.4018,96.852,31.2836,1484.96
20211003T022553.833Z,9.4686,3.40181,96.852,31.2836,1484.96
20211003T022554.776Z,9.4685,3.40181,96.852,31.2837,1484.96
20211003T022555.780Z,9.4686,3.40181,96.853,31.2836,1484.96
20211003T022556.776Z,9.4687,3.40181,96.853,31.2836,1484.96
20211003T022557.823Z,9.4687,3.40184,96.851,31.2838,1484.961
20211003T022558.789Z,9.4685,3.40183,96.852,31.2838,1484.96
20211003T022559.879Z,9.4686,3.40185,96.853,31.284,1484.961
20211003T022600.780Z,9.4686,3.40185,96.852,31.284,1484.961
20211003T022601.779Z,9.4685,3.40182,96.852,31.2837,1484.96
20211003T022602.776Z,9.4685,3.40182,96.852,31.2838,1484.96
20211003T022603.805Z,9.4684,3.40181,96.853,31.2837,1484.96
20211003T022604.776Z,9.4685,3.40181,96.852,31.2837,1484.96
20211003T022605.786Z,9.4684,3.40181,96.853,31.2838,1484.96
20211003T022606.776Z,9.4684,3.40177,96.852,31.2834,1484.959
20211003T022607.793Z,9.4684,3.40177,96.852,31.2833,1484.959
20211003T022608.778Z,9.4684,3.40179,96.852,31.2836,1484.959
20211003T022609.833Z,9.4682,3.40178,96.854,31.2836,1484.959
20211003T022610.777Z,9.4682,3.40178,96.853,31.2836,1484.959
20211003T022611.905Z,9.4682,3.40175,96.853,31.2833,1484.958
20211003T022612.777Z,9.4682,3.40173,96.852,31.2831,1484.958
20211003T022613.797Z,9.4681,3.40172,96.852,31.283,1484.958
20211003T022614.776Z,9.4681,3.40172,96.853,31.2831,1484.958
20211003T022615.798Z,9.4682,3.40171,96.852,31.2829,1484.958
20211003T022616.776Z,9.4681,3.40169,96.853,31.2829,1484.957
20211003T022617.831Z,9.4681,3.40168,96.853,31.2827,1484.957
20211003T022618.776Z,9.4681,3.40169,96.852,31.2828,1484.957
20211003T022619.814Z,9.4681,3.40169,96.853,31.2829,1484.957
20211003T022620.776Z,9.4682,3.40169,96.851,31.2827,1484.958
20211003T022621.852Z,9.4682,3.4017,96.853,31.2828,1484.958
20211003T022622.789Z,9.4683,3.4017,96.853,31.2827,1484.958
20211003T022623.792Z,9.4683,3.40171,96.852,31.2829,1484.958
20211003T022624.776Z,9.4682,3.40171,96.852,31.2829,1484.958
20211003T022625.821Z,9.4682,3.40171,96.852,31.2829,1484.958
20211003T022626.775Z,9.4681,3.40174,96.852,31.2833,1484.958
20211003T022627.786Z,9.4682,3.40173,96.853,31.2831,1484.958
20211003T022628.776Z,9.4683,3.40175,96.852,31.2832,1484.958
20211003T022629.809Z,9.4681,3.40178,96.853,31.2837,1484.958
20211003T022630.776Z,9.468,3.40179,96.853,31.2839,1484.958
20211003T022631.779Z,9.468,3.4018,96.852,31.284,1484.959
20211003T022632.777Z,9.4681,3.4018,96.853,31.2839,1484.959
20211003T022633.804Z,9.4682,3.40178,96.852,31.2837,1484.959
20211003T022634.777Z,9.468,3.40178,96.853,31.2838,1484.958
20211003T022635.868Z,9.4681,3.40176,96.852,31.2835,1484.958
20211003T022636.777Z,9.4681,3.40174,96.852,31.2833,1484.958
20211003T022637.780Z,9.4681,3.40174,96.852,31.2833,1484.958
20211003T022638.777Z,9.4682,3.40173,96.852,31.2831,1484.958
20211003T022639.867Z,9.4683,3.40172,96.852,31.2829,1484.958
20211003T022640.777Z,9.4684,3.40177,96.852,31.2834,1484.959
20211003T022641.844Z,9.4683,3.40179,96.852,31.2837,1484.959
20211003T022642.776Z,9.4684,3.40179,96.852,31.2835,1484.959
20211003T022643.859Z,9.4684,3.40179,96.851,31.2835,1484.959
20211003T022644.776Z,9.4685,3.40183,96.852,31.2839,1484.96
20211003T022645.846Z,9.4685,3.40181,96.851,31.2836,1484.96
20211003T022646.780Z,9.4685,3.40183,96.852,31.2839,1484.96
20211003T022647.817Z,9.4684,3.40185,96.852,31.2842,1484.96
20211003T022648.776Z,9.4683,3.40187,96.851,31.2845,1484.96
20211003T022649.784Z,9.4684,3.4019,96.851,31.2847,1484.961
20211003T022650.777Z,9.4682,3.4019,96.851,31.2848,1484.96
20211003T022651.817Z,9.4683,3.40192,96.851,31.285,1484.961
20211003T022652.776Z,9.4682,3.40195,96.851,31.2854,1484.961
20211003T022653.809Z,9.4682,3.40195,96.851,31.2854,1484.961
20211003T022654.777Z,9.4683,3.40195,96.851,31.2853,1484.961
20211003T022655.848Z,9.4684,3.40197,96.852,31.2854,1484.961
20211003T022656.776Z,9.4681,3.40196,96.85,31.2856,1484.961
20211003T022657.808Z,9.4681,3.40199,96.851,31.2858,1484.961
20211003T022658.775Z,9.4682,3.40199,96.85,31.2858,1484.961
20211003T022659.801Z,9.4681,3.40196,96.85,31.2856,1484.961
20211003T022700.776Z,9.4681,3.40196,96.85,31.2856,1484.961
20211003T022701.793Z,9.4682,3.402,96.85,31.2859,1484.961
20211003T022702.777Z,9.4681,3.402,96.85,31.286,1484.961
20211003T022703.808Z,9.4681,3.40201,96.85,31.2861,1484.961
20211003T022704.777Z,9.468,3.402,96.849,31.2861,1484.961
20211003T022705.779Z,9.468,3.402,96.851,31.286,1484.961
20211003T022706.777Z,9.468,3.40199,96.85,31.286,1484.961
20211003T022707.789Z,9.468,3.40201,96.849,31.2862,1484.961
20211003T022708.777Z,9.468,3.402,96.849,31.286,1484.961
20211003T022709.830Z,9.4681,3.40202,96.849,31.2862,1484.961
20211003T022710.776Z,9.468,3.402,96.849,31.2861,1484.961
20211003T022711.824Z,9.4682,3.40197,96.849,31.2856,1484.961
20211003T022712.776Z,9.4683,3.40197,96.849,31.2855,1484.961
20211003T022713.799Z,9.4684,3.40197,96.849,31.2853,1484.962
20211003T022714.775Z,9.4685,3.40196,96.85,31.2852,1484.962
20211003T022715.794Z,9.4684,3.40196,96.848,31.2853,1484.961
20211003T022716.776Z,9.4684,3.40196,96.848,31.2853,1484.961
20211003T022717.870Z,9.4684,3.40194,96.848,31.2851,1484.961
20211003T022718.776Z,9.4684,3.40194,96.848,31.285,1484.961
20211003T022719.812Z,9.4684,3.40195,96.848,31.2851,1484.961
20211003T022720.776Z,9.4684,3.40196,96.848,31.2852,1484.961
20211003T022721.795Z,9.4684,3.40196,96.847,31.2853,1484.961
20211003T022722.775Z,9.4684,3.40194,96.847,31.2851,1484.961
20211003T022723.817Z,9.4685,3.40196,96.848,31.2852,1484.962
20211003T022724.776Z,9.4684,3.40195,96.847,31.2851,1484.961
20211003T022725.783Z,9.4684,3.40198,96.847,31.2855,1484.961
20211003T022726.776Z,9.4684,3.40198,96.848,31.2855,1484.962
20211003T022727.808Z,9.4683,3.40198,96.848,31.2856,1484.961
20211003T022728.780Z,9.4682,3.40199,96.847,31.2857,1484.961
20211003T022729.838Z,9.4682,3.402,96.847,31.2859,1484.961
20211003T022730.776Z,9.4682,3.40201,96.848,31.286,1484.961
20211003T022731.845Z,9.4682,3.402,96.847,31.2859,1484.961
20211003T022732.782Z,9.4684,3.40198,96.847,31.2856,1484.962
20211003T022733.810Z,9.4683,3.40198,96.847,31.2856,1484.961
20211003T022734.777Z,9.4682,3.402,96.847,31.2859,1484.961
20211003T022735.834Z,9.4683,3.40201,96.847,31.2859,1484.962
20211003T022736.778Z,9.4682,3.40201,96.847,31.286,1484.962
20211003T022737.801Z,9.4683,3.402,96.847,31.2858,1484.961
20211003T022738.776Z,9.4683,3.40202,96.847,31.286,1484.962
20211003T022739.786Z,9.4683,3.40201,96.847,31.2859,1484.962
20211003T022740.777Z,9.4683,3.40199,96.848,31.2857,1484.961
20211003T022741.778Z,9.4682,3.40203,96.847,31.2862,1484.962
20211003T022742.776Z,9.4683,3.40203,96.848,31.2861,1484.962
20211003T022743.811Z,9.4683,3.40204,96.847,31.2862,1484.962
20211003T022744.776Z,9.4682,3.40202,96.847,31.2861,1484.962
20211003T022745.805Z,9.4683,3.40202,96.847,31.2861,1484.962
20211003T022746.776Z,9.4682,3.40202,96.848,31.2861,1484.962
20211003T022747.822Z,9.4682,3.402,96.847,31.2858,1484.961
20211003T022748.776Z,9.4683,3.40201,96.847,31.2858,1484.962
20211003T022749.876Z,9.4684,3.40199,96.848,31.2857,1484.962
20211003T022750.776Z,9.4684,3.402,96.846,31.2858,1484.962
20211003T022751.780Z,9.4684,3.402,96.846,31.2857,1484.962
20211003T022752.776Z,9.4684,3.40199,96.847,31.2856,1484.962
20211003T022753.788Z,9.4684,3.402,96.847,31.2857,1484.962
20211003T022754.777Z,9.4683,3.40202,96.847,31.2859,1484.962
20211003T022755.807Z,9.4683,3.40202,96.847,31.286,1484.962
20211003T022756.776Z,9.4684,3.40201,96.847,31.2858,1484.962
20211003T022757.795Z,9.4684,3.40201,96.847,31.2858,1484.962
20211003T022758.776Z,9.4684,3.40201,96.847,31.2858,1484.962
20211003T022759.865Z,9.4684,3.40202,96.847,31.2859,1484.962
20211003T022800.790Z,9.4684,3.40201,96.847,31.2858,1484.962
20211003T022801.826Z,9.4684,3.40202,96.847,31.2859,1484.962
20211003T022802.776Z,9.4684,3.40204,96.848,31.2861,1484.962
20211003T022803.817Z,9.4685,3.40203,96.848,31.2859,1484.962
20211003T022804.776Z,9.4685,3.40201,96.847,31.2858,1484.962
20211003T022805.855Z,9.4685,3.40202,96.848,31.2858,1484.963
20211003T022806.776Z,9.4686,3.402,96.847,31.2855,1484.962
20211003T022807.853Z,9.4686,3.402,96.847,31.2855,1484.963
20211003T022808.776Z,9.4686,3.40199,96.848,31.2854,1484.962
20211003T022809.778Z,9.4686,3.40197,96.847,31.2852,1484.962
20211003T022810.776Z,9.4687,3.40198,96.847,31.2853,1484.962
20211003T022811.794Z,9.4687,3.40198,96.846,31.2852,1484.963
20211003T022812.776Z,9.4687,3.40198,96.848,31.2852,1484.963
20211003T022813.930Z,9.4687,3.40199,96.848,31.2853,1484.963
20211003T022814.781Z,9.4686,3.40198,96.847,31.2853,1484.962
20211003T022815.812Z,9.4686,3.40198,96.848,31.2853,1484.962
20211003T022816.776Z,9.4686,3.40196,96.848,31.2851,1484.962
20211003T022817.805Z,9.4686,3.40196,96.848,31.2851,1484.962
20211003T022818.776Z,9.4687,3.40194,96.848,31.2849,1484.962
20211003T022819.826Z,9.4687,3.40194,96.848,31.2848,1484.962
20211003T022820.776Z,9.4687,3.40195,96.847,31.285,1484.962
20211003T022821.815Z,9.4687,3.40196,96.848,31.285,1484.962
20211003T022822.778Z,9.4687,3.40195,96.848,31.2849,1484.962
20211003T022823.817Z,9.4686,3.40195,96.847,31.285,1484.962
20211003T022824.789Z,9.4686,3.40196,96.848,31.2851,1484.962
20211003T022825.778Z,9.4687,3.40197,96.847,31.2851,1484.962
20211003T022826.777Z,9.4687,3.40198,96.847,31.2852,1484.963
20211003T022827.812Z,9.4687,3.40198,96.847,31.2853,1484.962
20211003T022828.776Z,9.4687,3.40199,96.846,31.2853,1484.963
20211003T022829.794Z,9.4687,3.40199,96.846,31.2853,1484.963
20211003T022830.775Z,9.4687,3.40199,96.847,31.2853,1484.963
20211003T022831.792Z,9.4686,3.40198,96.847,31.2853,1484.962
20211003T022832.775Z,9.4687,3.40197,96.847,31.2851,1484.962
20211003T022833.846Z,9.4687,3.40198,96.847,31.2852,1484.963
20211003T022834.775Z,9.4687,3.40197,96.846,31.2851,1484.962
20211003T022835.782Z,9.4687,3.40195,96.847,31.2849,1484.962
20211003T022836.775Z,9.4686,3.40194,96.847,31.2849,1484.962
20211003T022837.820Z,9.4685,3.40192,96.846,31.2848,1484.961
20211003T022838.776Z,9.4685,3.40192,96.847,31.2849,1484.961
20211003T022839.870Z,9.4686,3.40193,96.846,31.2848,1484.962
20211003T022840.775Z,9.4686,3.40192,96.846,31.2848,1484.961
20211003T022841.794Z,9.4686,3.40192,96.847,31.2847,1484.961
20211003T022842.775Z,9.4685,3.40191,96.846,31.2847,1484.961
20211003T022843.781Z,9.4687,3.40193,96.847,31.2847,1484.962
20211003T022844.776Z,9.4687,3.40191,96.846,31.2845,1484.962
20211003T022845.838Z,9.4686,3.40189,96.845,31.2844,1484.961
20211003T022846.776Z,9.4686,3.40189,96.846,31.2844,1484.961
20211003T022847.842Z,9.4688,3.40191,96.845,31.2844,1484.962
20211003T022848.789Z,9.4686,3.40193,96.845,31.2848,1484.962
20211003T022849.812Z,9.4686,3.40194,96.846,31.2849,1484.962
20211003T022850.777Z,9.4685,3.40195,96.845,31.2851,1484.962
20211003T022851.828Z,9.4686,3.40194,96.845,31.2849,1484.962
20211003T022852.775Z,9.4687,3.40193,96.845,31.2848,1484.962
20211003T022853.799Z,9.4687,3.40194,96.845,31.2848,1484.962
20211003T022854.777Z,9.4687,3.40195,96.845,31.2849,1484.962
20211003T022855.820Z,9.4686,3.40196,96.845,31.2851,1484.962
20211003T022856.777Z,9.4686,3.40195,96.844,31.2849,1484.962
20211003T022857.794Z,9.4684,3.40195,96.845,31.2852,1484.961
20211003T022858.775Z,9.4684,3.40196,96.843,31.2853,1484.961
20211003T022859.860Z,9.4685,3.40197,96.843,31.2853,1484.962
20211003T022900.780Z,9.4685,3.40196,96.844,31.2851,1484.962
20211003T022901.876Z,9.4683,3.40197,96.843,31.2854,1484.961
20211003T022902.775Z,9.4683,3.40198,96.844,31.2856,1484.961
20211003T022903.779Z,9.4684,3.40198,96.842,31.2855,1484.962
20211003T022904.776Z,9.4685,3.40198,96.843,31.2854,1484.962
20211003T022905.784Z,9.4684,3.40197,96.843,31.2853,1484.962
20211003T022906.776Z,9.4685,3.40197,96.843,31.2852,1484.962
20211003T022907.837Z,9.4685,3.40199,96.842,31.2855,1484.962
20211003T022908.778Z,9.4685,3.40199,96.842,31.2855,1484.962
20211003T022909.860Z,9.4684,3.40199,96.843,31.2856,1484.962
20211003T022910.776Z,9.4685,3.40199,96.842,31.2855,1484.962
20211003T022911.805Z,9.4685,3.40198,96.841,31.2854,1484.962
20211003T022912.776Z,9.4687,3.40199,96.841,31.2853,1484.962
20211003T022913.827Z,9.4686,3.40198,96.842,31.2853,1484.962
20211003T022914.776Z,9.4687,3.40198,96.842,31.2852,1484.962
20211003T022915.787Z,9.4686,3.40199,96.841,31.2854,1484.962
20211003T022916.775Z,9.4686,3.40201,96.841,31.2857,1484.963
20211003T022917.778Z,9.4685,3.40201,96.842,31.2857,1484.962
20211003T022918.775Z,9.4684,3.40199,96.841,31.2856,1484.962
20211003T022919.785Z,9.4685,3.40199,96.841,31.2855,1484.962
20211003T022920.777Z,9.4685,3.40201,96.841,31.2857,1484.962
20211003T022921.840Z,9.4684,3.402,96.842,31.2856,1484.962
20211003T022922.777Z,9.4685,3.40199,96.841,31.2855,1484.962
20211003T022923.780Z,9.4686,3.402,96.84,31.2855,1484.962
20211003T022924.777Z,9.4685,3.402,96.841,31.2856,1484.962
20211003T022926.003Z,9.4684,3.402,96.841,31.2857,1484.962
20211003T022926.776Z,9.4685,3.402,96.841,31.2856,1484.962
20211003T022927.813Z,9.4685,3.40202,96.84,31.2858,1484.962
20211003T022928.776Z,9.4685,3.40203,96.842,31.2858,1484.963
20211003T022929.782Z,9.4685,3.40202,96.841,31.2858,1484.963
20211003T022930.776Z,9.4685,3.40201,96.842,31.2857,1484.962
20211003T022931.838Z,9.4685,3.40202,96.842,31.2858,1484.962
20211003T022932.776Z,9.4685,3.402,96.84,31.2856,1484.962
20211003T022933.845Z,9.4685,3.40202,96.841,31.2858,1484.962
20211003T022934.776Z,9.4686,3.40201,96.842,31.2856,1484.963
20211003T022935.842Z,9.4685,3.40203,96.841,31.2858,1484.962
20211003T022936.776Z,9.4686,3.40201,96.842,31.2856,1484.963
20211003T022937.816Z,9.4686,3.402,96.842,31.2856,1484.962
20211003T022938.776Z,9.4685,3.402,96.841,31.2856,1484.962
20211003T022939.824Z,9.4686,3.402,96.84,31.2856,1484.962
20211003T022940.775Z,9.4685,3.40201,96.842,31.2857,1484.962
20211003T022941.850Z,9.4685,3.40201,96.842,31.2857,1484.962
20211003T022942.780Z,9.4686,3.40201,96.841,31.2857,1484.962
20211003T022943.829Z,9.4686,3.40201,96.841,31.2856,1484.963
20211003T022944.776Z,9.4686,3.40202,96.841,31.2857,1484.963
20211003T022945.870Z,9.4685,3.40203,96.841,31.2859,1484.962
20211003T022946.781Z,9.4685,3.40202,96.841,31.2858,1484.962
20211003T022947.781Z,9.4685,3.40203,96.841,31.2858,1484.963
20211003T022948.776Z,9.4687,3.40203,96.84,31.2858,1484.963
20211003T022949.899Z,9.4686,3.40204,96.841,31.2859,1484.963
20211003T022950.778Z,9.4685,3.40204,96.842,31.286,1484.963
20211003T022951.808Z,9.4685,3.40204,96.841,31.286,1484.963
20211003T022952.775Z,9.4684,3.40203,96.841,31.286,1484.962
20211003T022953.780Z,9.4685,3.40204,96.842,31.286,1484.963
20211003T022954.777Z,9.4684,3.40203,96.842,31.286,1484.962
20211003T022955.840Z,9.4685,3.40203,96.842,31.2859,1484.962
20211003T022956.776Z,9.4685,3.40203,96.842,31.2859,1484.963
20211003T022957.791Z,9.4685,3.40201,96.842,31.2857,1484.962
20211003T022958.776Z,9.4685,3.40201,96.842,31.2857,1484.962
20211003T022959.829Z,9.4685,3.402,96.841,31.2856,1484.962
20211003T023000.776Z,9.4686,3.402,96.841,31.2855,1484.963
20211003T023001.780Z,9.4687,3.40201,96.841,31.2856,1484.963
20211003T023002.789Z,9.4687,3.402,96.841,31.2855,1484.962
20211003T023003.813Z,9.4687,3.40199,96.842,31.2853,1484.963
20211003T023004.775Z,9.4687,3.40198,96.841,31.2853,1484.962
20211003T023005.831Z,9.4688,3.40198,96.842,31.2851,1484.963
20211003T023006.777Z,9.4688,3.40197,96.841,31.2851,1484.963
20211003T023007.855Z,9.4688,3.40198,96.841,31.2851,1484.963
20211003T023008.775Z,9.4687,3.40198,96.841,31.2852,1484.963
20211003T023009.933Z,9.4687,3.40197,96.842,31.2851,1484.962
20211003T023010.776Z,9.4688,3.40196,96.84,31.285,1484.962
20211003T023011.784Z,9.4687,3.40196,96.841,31.285,1484.962
20211003T023012.781Z,9.4688,3.40196,96.842,31.2849,1484.963
20211003T023013.778Z,9.4688,3.40197,96.84,31.285,1484.963
20211003T023014.776Z,9.4689,3.40196,96.84,31.2849,1484.962
20211003T023015.812Z,9.4688,3.40196,96.84,31.2849,1484.962
20211003T023016.786Z,9.4688,3.40194,96.841,31.2847,1484.962
20211003T023017.797Z,9.4689,3.40196,96.841,31.2848,1484.963
20211003T023018.777Z,9.4689,3.40196,96.84,31.2849,1484.963
20211003T023019.842Z,9.4689,3.40196,96.841,31.2849,1484.963
20211003T023020.792Z,9.4689,3.40195,96.84,31.2847,1484.963
20211003T023021.799Z,9.4689,3.40196,96.841,31.2848,1484.963
20211003T023022.775Z,9.4689,3.40195,96.839,31.2848,1484.962
20211003T023023.781Z,9.4689,3.40196,96.84,31.2849,1484.962
20211003T023024.795Z,9.4688,3.40196,96.84,31.2849,1484.962
20211003T023025.807Z,9.4688,3.40197,96.84,31.285,1484.962
20211003T023026.789Z,9.4689,3.40196,96.84,31.2849,1484.963
20211003T023027.859Z,9.4689,3.40195,96.84,31.2848,1484.962
20211003T023028.801Z,9.469,3.40196,96.84,31.2848,1484.963
20211003T023029.793Z,9.469,3.40195,96.84,31.2847,1484.963
20211003T023030.776Z,9.4691,3.40195,96.84,31.2846,1484.963
20211003T023031.797Z,9.469,3.40195,96.839,31.2847,1484.963
20211003T023032.780Z,9.4691,3.40194,96.839,31.2845,1484.963
20211003T023033.804Z,9.469,3.40195,96.839,31.2847,1484.963
20211003T023034.777Z,9.469,3.40196,96.839,31.2848,1484.963
20211003T023035.801Z,9.4689,3.40197,96.839,31.285,1484.963
20211003T023036.779Z,9.4689,3.40198,96.838,31.2851,1484.963
20211003T023037.781Z,9.4688,3.40198,96.839,31.2851,1484.963
20211003T023038.775Z,9.4689,3.40199,96.839,31.2851,1484.963
20211003T023039.788Z,9.4688,3.40199,96.838,31.2852,1484.963
20211003T023040.778Z,9.4687,3.402,96.838,31.2854,1484.963
20211003T023041.782Z,9.4688,3.402,96.837,31.2854,1484.963
20211003T023042.776Z,9.4687,3.40201,96.837,31.2855,1484.963
20211003T023043.779Z,9.4687,3.40202,96.837,31.2857,1484.963
20211003T023044.776Z,9.4687,3.40203,96.837,31.2858,1484.963
20211003T023045.825Z,9.4687,3.40203,96.836,31.2857,1484.963
20211003T023046.777Z,9.4687,3.40203,96.837,31.2857,1484.963
20211003T023047.828Z,9.4687,3.40204,96.837,31.2859,1484.963
20211003T023048.775Z,9.4685,3.40203,96.836,31.2859,1484.963
20211003T023049.886Z,9.4686,3.40204,96.837,31.2859,1484.963
20211003T023050.789Z,9.4687,3.40205,96.837,31.2859,1484.963
20211003T023051.798Z,9.4685,3.40205,96.837,31.2862,1484.963
20211003T023052.776Z,9.4684,3.40205,96.837,31.2862,1484.962
20211003T023053.792Z,9.4684,3.40204,96.836,31.2861,1484.962
20211003T023054.776Z,9.4686,3.40205,96.837,31.286,1484.963
20211003T023055.778Z,9.4687,3.40204,96.836,31.2859,1484.963
20211003T023056.775Z,9.4684,3.40203,96.837,31.286,1484.962
20211003T023057.812Z,9.4685,3.40202,96.836,31.2858,1484.962
20211003T023058.777Z,9.4684,3.402,96.836,31.2857,1484.962
20211003T023059.784Z,9.4684,3.40202,96.836,31.2859,1484.962
20211003T023100.776Z,9.4684,3.40201,96.837,31.2858,1484.962
20211003T023101.878Z,9.4684,3.40201,96.836,31.2859,1484.962
20211003T023102.777Z,9.4684,3.40202,96.836,31.2858,1484.962
20211003T023103.785Z,9.4686,3.40201,96.837,31.2857,1484.962
20211003T023104.775Z,9.4685,3.40202,96.835,31.2858,1484.962
20211003T023105.784Z,9.4684,3.40201,96.836,31.2858,1484.962
20211003T023106.776Z,9.4685,3.40201,96.835,31.2858,1484.962
20211003T023107.843Z,9.4685,3.40202,96.835,31.2858,1484.962
20211003T023108.777Z,9.4685,3.40202,96.835,31.2858,1484.962
20211003T023109.784Z,9.4683,3.40203,96.835,31.2861,1484.962
20211003T023110.776Z,9.4684,3.40201,96.835,31.2859,1484.962
20211003T023111.787Z,9.4683,3.40202,96.835,31.2861,1484.962
20211003T023112.777Z,9.4684,3.40201,96.835,31.2858,1484.962
20211003T023113.796Z,9.4685,3.402,96.835,31.2856,1484.962
20211003T023114.780Z,9.4684,3.40198,96.834,31.2855,1484.961
20211003T023115.822Z,9.4682,3.40196,96.835,31.2855,1484.961
20211003T023116.777Z,9.4684,3.40195,96.834,31.2852,1484.961
20211003T023117.791Z,9.4685,3.40196,96.833,31.2852,1484.962
20211003T023118.776Z,9.4685,3.40195,96.834,31.2851,1484.961
20211003T023119.783Z,9.4684,3.40195,96.834,31.2852,1484.961
20211003T023120.775Z,9.4683,3.40194,96.834,31.2852,1484.961
20211003T023121.781Z,9.4684,3.40195,96.834,31.2853,1484.961
20211003T023122.777Z,9.4684,3.40197,96.834,31.2854,1484.961
20211003T023123.840Z,9.4687,3.40197,96.834,31.2851,1484.962
20211003T023124.776Z,9.4687,3.40197,96.834,31.2852,1484.962
20211003T023125.831Z,9.4686,3.40196,96.834,31.2851,1484.962
20211003T023126.776Z,9.4685,3.40195,96.834,31.2851,1484.961
20211003T023127.779Z,9.4685,3.40196,96.834,31.2852,1484.962
20211003T023128.775Z,9.4686,3.40196,96.833,31.2851,1484.962
20211003T023129.829Z,9.4687,3.40196,96.833,31.285,1484.962
20211003T023130.776Z,9.4687,3.40197,96.834,31.2851,1484.962
20211003T023131.827Z,9.4687,3.40197,96.834,31.2851,1484.962
20211003T023132.776Z,9.4687,3.40197,96.833,31.2851,1484.962
20211003T023133.822Z,9.4689,3.40195,96.833,31.2847,1484.962
20211003T023134.776Z,9.4688,3.40196,96.834,31.2849,1484.962
20211003T023135.843Z,9.4687,3.40196,96.833,31.285,1484.962
20211003T023136.776Z,9.4684,3.40196,96.834,31.2852,1484.961
20211003T023137.864Z,9.4685,3.40194,96.833,31.285,1484.961
20211003T023138.776Z,9.4685,3.40195,96.833,31.285,1484.961
20211003T023139.805Z,9.4687,3.40197,96.834,31.2851,1484.962
20211003T023140.776Z,9.4686,3.40197,96.834,31.2852,1484.962
20211003T023141.780Z,9.4684,3.40198,96.833,31.2855,1484.961
20211003T023142.775Z,9.4685,3.40199,96.833,31.2855,1484.962
20211003T023143.797Z,9.4685,3.40199,96.833,31.2855,1484.962
20211003T023144.776Z,9.4685,3.40199,96.834,31.2855,1484.962
20211003T023145.781Z,9.4686,3.40199,96.833,31.2854,1484.962
20211003T023146.776Z,9.4688,3.40199,96.834,31.2853,1484.963
20211003T023147.985Z,9.4688,3.402,96.832,31.2853,1484.963
20211003T023148.776Z,9.4688,3.402,96.833,31.2853,1484.963
20211003T023149.790Z,9.4687,3.40197,96.833,31.285,1484.962
20211003T023150.776Z,9.4688,3.40199,96.833,31.2853,1484.963
20211003T023151.806Z,9.4687,3.40198,96.833,31.2853,1484.962
20211003T023152.776Z,9.4688,3.402,96.834,31.2853,1484.963
20211003T023153.815Z,9.4687,3.40199,96.832,31.2853,1484.962
20211003T023154.775Z,9.4687,3.402,96.833,31.2854,1484.963
20211003T023155.816Z,9.4687,3.40199,96.832,31.2854,1484.962
20211003T023156.776Z,9.4686,3.402,96.833,31.2856,1484.962
20211003T023157.796Z,9.4687,3.402,96.832,31.2855,1484.962
20211003T023158.776Z,9.4685,3.402,96.833,31.2856,1484.962
20211003T023159.856Z,9.4685,3.40199,96.833,31.2856,1484.962
20211003T023200.781Z,9.4685,3.40199,96.833,31.2855,1484.962
20211003T023201.813Z,9.4685,3.402,96.833,31.2856,1484.962
20211003T023202.776Z,9.4685,3.40199,96.832,31.2855,1484.962
20211003T023203.784Z,9.4685,3.40201,96.833,31.2857,1484.962
20211003T023204.791Z,9.4685,3.402,96.832,31.2857,1484.962
20211003T023206.087Z,9.4685,3.402,96.833,31.2856,1484.962
20211003T023206.776Z,9.4685,3.402,96.833,31.2856,1484.962
20211003T023207.780Z,9.4685,3.40199,96.833,31.2855,1484.962
20211003T023208.778Z,9.4686,3.40198,96.832,31.2853,1484.962
20211003T023209.806Z,9.4687,3.40199,96.833,31.2854,1484.962
20211003T023210.775Z,9.4687,3.40198,96.832,31.2853,1484.962
20211003T023211.819Z,9.4686,3.402,96.832,31.2855,1484.962
20211003T023212.775Z,9.4686,3.402,96.833,31.2856,1484.962
20211003T023213.847Z,9.4685,3.40199,96.832,31.2855,1484.962
20211003T023214.775Z,9.4685,3.402,96.831,31.2856,1484.962
20211003T023215.839Z,9.4685,3.402,96.832,31.2856,1484.962
20211003T023216.775Z,9.4685,3.40203,96.831,31.2859,1484.962
20211003T023217.778Z,9.4685,3.40201,96.832,31.2858,1484.962
20211003T023218.776Z,9.4685,3.40201,96.831,31.2858,1484.962
20211003T023219.814Z,9.4684,3.40202,96.831,31.286,1484.962
20211003T023220.776Z,9.4685,3.40203,96.831,31.2859,1484.962
20211003T023221.786Z,9.4684,3.40203,96.831,31.286,1484.962
20211003T023222.776Z,9.4682,3.40203,96.83,31.2862,1484.962
20211003T023223.807Z,9.4681,3.40202,96.83,31.2862,1484.961
20211003T023224.776Z,9.4683,3.40203,96.831,31.2861,1484.962
20211003T023225.833Z,9.4683,3.40203,96.831,31.2861,1484.962
20211003T023226.776Z,9.4684,3.40204,96.831,31.2861,1484.962
20211003T023227.788Z,9.4684,3.40204,96.83,31.2861,1484.962
20211003T023228.790Z,9.4684,3.40205,96.829,31.2862,1484.962
20211003T023229.785Z,9.4684,3.40206,96.829,31.2863,1484.962
20211003T023230.776Z,9.4684,3.40205,96.83,31.2862,1484.962
20211003T023231.794Z,9.4685,3.40205,96.83,31.2861,1484.963
20211003T023232.776Z,9.4683,3.40204,96.83,31.2862,1484.962
20211003T023233.812Z,9.4683,3.40204,96.83,31.2862,1484.962
20211003T023234.776Z,9.4684,3.40204,96.83,31.2861,1484.962
20211003T023235.830Z,9.4684,3.40203,96.829,31.2861,1484.962
20211003T023236.777Z,9.4684,3.40204,96.829,31.2862,1484.962
20211003T023237.790Z,9.4684,3.40203,96.829,31.286,1484.962
20211003T023238.776Z,9.4685,3.40203,96.829,31.2859,1484.962
20211003T023239.826Z,9.4686,3.40205,96.828,31.286,1484.963
20211003T023240.776Z,9.4686,3.40203,96.829,31.2859,1484.963
20211003T023241.807Z,9.4687,3.40203,96.829,31.2857,1484.963
20211003T023242.780Z,9.4686,3.40203,96.829,31.2858,1484.963
20211003T023243.785Z,9.4687,3.40204,96.828,31.2859,1484.963
20211003T023244.776Z,9.4688,3.40204,96.829,31.2857,1484.963
20211003T023245.790Z,9.4687,3.40203,96.828,31.2858,1484.963
20211003T023246.780Z,9.4688,3.40203,96.828,31.2857,1484.963
20211003T023247.836Z,9.4688,3.40202,96.829,31.2856,1484.963
20211003T023248.777Z,9.4687,3.40204,96.83,31.2859,1484.963
20211003T023249.864Z,9.4687,3.40204,96.828,31.2859,1484.963
20211003T023250.777Z,9.4687,3.40204,96.829,31.2858,1484.963
20211003T023251.792Z,9.4688,3.40204,96.828,31.2858,1484.963
20211003T023252.789Z,9.4688,3.40203,96.829,31.2857,1484.963
20211003T023253.890Z,9.4689,3.40204,96.828,31.2857,1484.963
20211003T023254.777Z,9.469,3.40204,96.829,31.2855,1484.964
20211003T023255.800Z,9.469,3.40205,96.829,31.2857,1484.964
20211003T023256.776Z,9.4689,3.40205,96.828,31.2858,1484.963
20211003T023257.778Z,9.4689,3.40206,96.828,31.2859,1484.964
20211003T023258.775Z,9.4688,3.40204,96.829,31.2857,1484.963
20211003T023259.811Z,9.4688,3.40204,96.828,31.2858,1484.963
20211003T023300.777Z,9.4687,3.40205,96.829,31.2859,1484.963
20211003T023301.785Z,9.4688,3.40205,96.828,31.2859,1484.963
20211003T023302.777Z,9.4687,3.40205,96.828,31.2859,1484.963
20211003T023303.786Z,9.4688,3.40205,96.828,31.2859,1484.963
20211003T023304.775Z,9.4688,3.40206,96.828,31.286,1484.963
20211003T023305.786Z,9.4687,3.40206,96.828,31.286,1484.963
20211003T023306.775Z,9.4687,3.40205,96.827,31.286,1484.963
20211003T023307.784Z,9.4687,3.40207,96.828,31.2861,1484.963
20211003T023308.775Z,9.4687,3.40207,96.827,31.2861,1484.963
20211003T023309.811Z,9.4687,3.40207,96.827,31.2862,1484.963
20211003T023310.775Z,9.4689,3.40208,96.827,31.2861,1484.964
20211003T023311.829Z,9.4688,3.40208,96.827,31.2862,1484.964
20211003T023312.775Z,9.4688,3.40207,96.827,31.286,1484.964
20211003T023313.792Z,9.4689,3.40207,96.827,31.286,1484.964
20211003T023314.775Z,9.4689,3.40207,96.827,31.286,1484.964
20211003T023315.781Z,9.4688,3.40206,96.827,31.2859,1484.963
20211003T023316.776Z,9.4688,3.40205,96.827,31.2858,1484.963
20211003T023317.841Z,9.4689,3.40204,96.826,31.2857,1484.963
20211003T023318.776Z,9.4689,3.40203,96.826,31.2856,1484.963
20211003T023319.819Z,9.469,3.40203,96.826,31.2855,1484.964
20211003T023320.776Z,9.4693,3.40203,96.827,31.2852,1484.964
20211003T023321.870Z,9.4691,3.40201,96.827,31.2852,1484.964
20211003T023322.776Z,9.469,3.40203,96.826,31.2855,1484.964
20211003T023323.785Z,9.4691,3.40203,96.826,31.2854,1484.964
20211003T023324.777Z,9.469,3.40204,96.826,31.2856,1484.964
20211003T023325.827Z,9.4689,3.40204,96.826,31.2856,1484.963
20211003T023326.777Z,9.4689,3.40203,96.827,31.2856,1484.963
20211003T023327.826Z,9.469,3.40203,96.827,31.2855,1484.963
20211003T023328.781Z,9.4691,3.40204,96.827,31.2856,1484.964
20211003T023329.851Z,9.4692,3.40205,96.826,31.2855,1484.964
20211003T023330.775Z,9.4693,3.40205,96.826,31.2854,1484.965
20211003T023331.839Z,9.4693,3.40205,96.826,31.2854,1484.964
20211003T023332.776Z,9.4692,3.40204,96.826,31.2854,1484.964
20211003T023333.827Z,9.4691,3.40205,96.826,31.2856,1484.964
20211003T023334.776Z,9.4691,3.40205,96.825,31.2857,1484.964
20211003T023335.877Z,9.469,3.40205,96.826,31.2857,1484.964
20211003T023336.778Z,9.4691,3.40205,96.825,31.2857,1484.964
20211003T023337.848Z,9.4692,3.40205,96.826,31.2855,1484.964
20211003T023338.776Z,9.4691,3.40205,96.826,31.2856,1484.964
20211003T023339.838Z,9.4692,3.40207,96.826,31.2857,1484.964
20211003T023340.777Z,9.4692,3.40207,96.825,31.2857,1484.965
20211003T023341.801Z,9.4691,3.40207,96.826,31.2858,1484.964
20211003T023342.775Z,9.469,3.40206,96.826,31.2858,1484.964
20211003T023343.781Z,9.4689,3.40207,96.825,31.286,1484.964
20211003T023344.776Z,9.469,3.40206,96.825,31.2858,1484.964
20211003T023345.787Z,9.469,3.40206,96.825,31.2858,1484.964
20211003T023346.778Z,9.4691,3.40205,96.826,31.2856,1484.964
20211003T023347.792Z,9.469,3.40205,96.826,31.2857,1484.964
20211003T023348.775Z,9.4689,3.40203,96.826,31.2856,1484.963
20211003T023349.807Z,9.4689,3.40205,96.826,31.2857,1484.964
20211003T023350.776Z,9.469,3.40205,96.826,31.2857,1484.964
20211003T023351.783Z,9.4689,3.40204,96.826,31.2857,1484.963
20211003T023352.776Z,9.4687,3.40204,96.826,31.2858,1484.963
20211003T023353.807Z,9.4688,3.40202,96.826,31.2856,1484.963
20211003T023354.776Z,9.4688,3.402,96.826,31.2853,1484.963
20211003T023355.779Z,9.4688,3.40199,96.826,31.2852,1484.963
20211003T023356.776Z,9.4688,3.40198,96.826,31.2851,1484.962
20211003T023357.817Z,9.4687,3.40197,96.825,31.2852,1484.962
20211003T023358.777Z,9.4687,3.40197,96.824,31.2852,1484.962
20211003T023359.795Z,9.4687,3.40196,96.826,31.285,1484.962
20211003T023400.776Z,9.4687,3.40194,96.826,31.2848,1484.962
20211003T023401.781Z,9.4687,3.40194,96.826,31.2849,1484.962
20211003T023402.776Z,9.4687,3.40193,96.827,31.2847,1484.962
20211003T023403.789Z,9.4687,3.40194,96.826,31.2848,1484.962
20211003T023404.775Z,9.4686,3.40192,96.826,31.2848,1484.961
20211003T023405.880Z,9.4685,3.40191,96.826,31.2847,1484.961
20211003T023406.776Z,9.4686,3.40191,96.825,31.2846,1484.961
20211003T023407.782Z,9.4685,3.40192,96.826,31.2848,1484.961
20211003T023408.776Z,9.4687,3.40192,96.825,31.2847,1484.961
20211003T023409.805Z,9.4687,3.40193,96.826,31.2847,1484.962
20211003T023410.776Z,9.4687,3.40191,96.824,31.2846,1484.961
20211003T023411.835Z,9.4687,3.40192,96.825,31.2846,1484.961
20211003T023412.776Z,9.4687,3.40192,96.825,31.2846,1484.961
20211003T023413.797Z,9.4687,3.40192,96.824,31.2846,1484.961
20211003T023414.781Z,9.4688,3.40192,96.824,31.2845,1484.962
20211003T023415.783Z,9.4688,3.40193,96.825,31.2846,1484.962
20211003T023416.777Z,9.4689,3.40192,96.825,31.2845,1484.962
20211003T023417.874Z,9.4689,3.40192,96.824,31.2845,1484.962
20211003T023418.777Z,9.4688,3.4019,96.825,31.2843,1484.961
20211003T023419.942Z,9.4689,3.4019,96.825,31.2843,1484.962
20211003T023420.776Z,9.4687,3.40191,96.824,31.2845,1484.961
20211003T023421.784Z,9.4688,3.40189,96.823,31.2842,1484.961
20211003T023422.778Z,9.4689,3.40188,96.823,31.2841,1484.961
20211003T023423.871Z,9.4689,3.40189,96.824,31.2841,1484.961
20211003T023424.776Z,9.469,3.40191,96.823,31.2843,1484.962
20211003T023425.782Z,9.4691,3.40192,96.823,31.2843,1484.962
20211003T023426.776Z,9.4691,3.40193,96.824,31.2844,1484.963
20211003T023427.863Z,9.4691,3.40193,96.823,31.2844,1484.963
20211003T023428.775Z,9.4692,3.40194,96.823,31.2843,1484.963
20211003T023429.806Z,9.4692,3.40191,96.823,31.2841,1484.963
20211003T023430.789Z,9.4692,3.40191,96.822,31.2841,1484.962
20211003T023431.781Z,9.4692,3.40191,96.822,31.2841,1484.963
20211003T023432.776Z,9.4692,3.40192,96.822,31.2842,1484.963
20211003T023433.779Z,9.4691,3.40191,96.821,31.2842,1484.962
20211003T023434.775Z,9.4694,3.40191,96.821,31.2839,1484.963
20211003T023435.795Z,9.4693,3.40192,96.821,31.2841,1484.963
20211003T023436.775Z,9.4693,3.40192,96.821,31.2842,1484.963
20211003T023437.798Z,9.4692,3.40194,96.82,31.2844,1484.963
20211003T023438.776Z,9.4691,3.40191,96.821,31.2842,1484.962
20211003T023439.802Z,9.4691,3.4019,96.82,31.2841,1484.962
20211003T023440.776Z,9.4691,3.40192,96.82,31.2843,1484.962
20211003T023441.779Z,9.469,3.40192,96.821,31.2843,1484.962
20211003T023442.775Z,9.469,3.40191,96.821,31.2843,1484.962
20211003T023443.824Z,9.4691,3.40189,96.82,31.284,1484.962
20211003T023444.777Z,9.4691,3.40188,96.82,31.2839,1484.962
20211003T023445.876Z,9.4691,3.40186,96.82,31.2837,1484.962
20211003T023446.776Z,9.4691,3.40187,96.82,31.2837,1484.962
20211003T023447.809Z,9.4691,3.40184,96.82,31.2835,1484.961
20211003T023448.776Z,9.4688,3.40183,96.821,31.2836,1484.961
20211003T023449.867Z,9.4688,3.40184,96.82,31.2838,1484.96
20211003T023450.776Z,9.4688,3.40184,96.822,31.2837,1484.961
20211003T023451.778Z,9.4687,3.40183,96.819,31.2837,1484.96
20211003T023452.777Z,9.4688,3.40182,96.819,31.2835,1484.96
20211003T023453.790Z,9.4689,3.40182,96.819,31.2835,1484.96
20211003T023454.790Z,9.469,3.40181,96.819,31.2833,1484.961
20211003T023455.807Z,9.4687,3.4018,96.819,31.2834,1484.96
20211003T023456.775Z,9.4688,3.40179,96.82,31.2832,1484.96
20211003T023457.861Z,9.469,3.4018,96.819,31.2832,1484.961
20211003T023458.775Z,9.469,3.40178,96.819,31.2829,1484.96
20211003T023459.794Z,9.4688,3.40177,96.819,31.283,1484.96
20211003T023500.780Z,9.4687,3.40177,96.82,31.283,1484.959
20211003T023501.777Z,9.4687,3.40177,96.819,31.2831,1484.959
20211003T023502.775Z,9.4687,3.40178,96.818,31.2831,1484.959
20211003T023503.805Z,9.4687,3.40177,96.819,31.283,1484.959
20211003T023504.777Z,9.4687,3.40175,96.818,31.2829,1484.959
20211003T023505.795Z,9.4688,3.40177,96.818,31.283,1484.96
20211003T023506.776Z,9.469,3.40177,96.819,31.2829,1484.96
20211003T023507.822Z,9.4689,3.40179,96.819,31.2831,1484.96
20211003T023508.778Z,9.469,3.40178,96.818,31.2829,1484.96
20211003T023509.790Z,9.4691,3.40179,96.82,31.283,1484.961
20211003T023510.776Z,9.4691,3.40178,96.818,31.2829,1484.961
20211003T023511.879Z,9.469,3.40178,96.818,31.2829,1484.96
20211003T023512.777Z,9.4691,3.40177,96.819,31.2827,1484.961
20211003T023513.861Z,9.4691,3.40178,96.819,31.2828,1484.961
20211003T023514.776Z,9.4691,3.40178,96.819,31.2829,1484.961
20211003T023515.839Z,9.4691,3.40179,96.819,31.2829,1484.961
20211003T023516.776Z,9.4692,3.40178,96.82,31.2827,1484.961
20211003T023517.850Z,9.4692,3.40178,96.818,31.2827,1484.961
20211003T023518.777Z,9.4691,3.40178,96.819,31.2828,1484.961
20211003T023519.803Z,9.4692,3.40179,96.819,31.2829,1484.961
20211003T023520.776Z,9.4692,3.40178,96.818,31.2828,1484.961
20211003T023521.823Z,9.4692,3.40175,96.818,31.2825,1484.961
20211003T023522.775Z,9.4692,3.40177,96.818,31.2826,1484.961
20211003T023523.833Z,9.4693,3.40176,96.818,31.2825,1484.961
20211003T023524.775Z,9.4693,3.40177,96.818,31.2826,1484.961
20211003T023525.802Z,9.4693,3.40177,96.818,31.2826,1484.961
20211003T023526.776Z,9.4695,3.4018,96.818,31.2828,1484.962
20211003T023527.787Z,9.4694,3.40179,96.818,31.2827,1484.962
20211003T023528.776Z,9.4694,3.40178,96.819,31.2826,1484.961
20211003T023529.786Z,9.4693,3.40178,96.818,31.2827,1484.961
20211003T023530.775Z,9.4693,3.40178,96.819,31.2826,1484.961
20211003T023531.810Z,9.4694,3.40177,96.818,31.2825,1484.961
20211003T023532.776Z,9.4694,3.40179,96.818,31.2827,1484.961
20211003T023533.821Z,9.4694,3.4018,96.819,31.2828,1484.962
20211003T023534.776Z,9.4693,3.40181,96.818,31.2829,1484.962
20211003T023535.851Z,9.4693,3.40181,96.819,31.283,1484.962
20211003T023536.776Z,9.4694,3.40182,96.818,31.2831,1484.962
20211003T023537.780Z,9.4693,3.40183,96.818,31.2832,1484.962
20211003T023538.776Z,9.4694,3.40185,96.818,31.2834,1484.962
20211003T023539.825Z,9.4695,3.40186,96.819,31.2833,1484.962
20211003T023540.775Z,9.4694,3.40186,96.818,31.2835,1484.962
20211003T023541.936Z,9.4694,3.40186,96.819,31.2834,1484.962
20211003T023542.780Z,9.4695,3.40187,96.818,31.2834,1484.963
20211003T023543.857Z,9.4695,3.40188,96.817,31.2835,1484.963
20211003T023544.775Z,9.4695,3.40189,96.818,31.2837,1484.963
20211003T023545.780Z,9.4695,3.4019,96.817,31.2837,1484.963
20211003T023546.781Z,9.4694,3.4019,96.818,31.2838,1484.963
20211003T023547.794Z,9.4694,3.4019,96.817,31.2839,1484.963
20211003T023548.777Z,9.4695,3.40192,96.818,31.284,1484.963
20211003T023549.785Z,9.4694,3.40193,96.817,31.2841,1484.963
20211003T023550.777Z,9.4694,3.40194,96.818,31.2842,1484.963
20211003T023551.792Z,9.4694,3.40194,96.819,31.2842,1484.963
20211003T023552.776Z,9.4693,3.40192,96.818,31.2841,1484.963
20211003T023553.810Z,9.4693,3.40192,96.817,31.2842,1484.963
20211003T023554.776Z,9.4693,3.40192,96.817,31.2841,1484.963
20211003T023555.816Z,9.4694,3.40191,96.818,31.284,1484.963
20211003T023556.775Z,9.4693,3.40193,96.818,31.2842,1484.963
20211003T023557.845Z,9.4693,3.40192,96.818,31.2841,1484.963
20211003T023558.776Z,9.4692,3.40193,96.817,31.2843,1484.963
20211003T023559.789Z,9.4692,3.40194,96.818,31.2844,1484.963
20211003T023600.776Z,9.4692,3.40193,96.819,31.2843,1484.963
20211003T023601.797Z,9.4691,3.40192,96.818,31.2843,1484.962
20211003T023602.776Z,9.4692,3.40191,96.818,31.2841,1484.962
20211003T023603.779Z,9.4692,3.40191,96.818,31.2842,1484.962
20211003T023604.775Z,9.4692,3.40191,96.817,31.2841,1484.962
20211003T023605.852Z,9.4692,3.40192,96.817,31.2842,1484.962
20211003T023606.777Z,9.4692,3.40192,96.817,31.2842,1484.963
20211003T023607.813Z,9.4693,3.40192,96.818,31.2841,1484.963
20211003T023608.776Z,9.4692,3.40192,96.818,31.2842,1484.963
20211003T023609.874Z,9.4692,3.40192,96.817,31.2842,1484.963
20211003T023610.776Z,9.4693,3.40191,96.817,31.284,1484.963
20211003T023611.779Z,9.4693,3.4019,96.817,31.2839,1484.963
20211003T023612.776Z,9.4693,3.40188,96.818,31.2837,1484.962
20211003T023613.823Z,9.4693,3.40187,96.817,31.2836,1484.962
20211003T023614.776Z,9.4693,3.40187,96.818,31.2836,1484.962
20211003T023615.800Z,9.4693,3.40187,96.817,31.2836,1484.962
20211003T023616.777Z,9.4692,3.40186,96.818,31.2836,1484.962
20211003T023617.813Z,9.4692,3.40186,96.817,31.2836,1484.962
20211003T023618.775Z,9.4692,3.40186,96.816,31.2836,1484.962
20211003T023619.781Z,9.4693,3.40187,96.817,31.2835,1484.962
20211003T023620.776Z,9.4692,3.40186,96.816,31.2836,1484.962
20211003T023621.872Z,9.4692,3.40186,96.815,31.2836,1484.962
20211003T023622.776Z,9.4693,3.40188,96.816,31.2838,1484.962
20211003T023623.807Z,9.4693,3.40188,96.815,31.2837,1484.962
20211003T023624.776Z,9.4692,3.4019,96.816,31.284,1484.962
20211003T023625.806Z,9.4694,3.4019,96.815,31.2838,1484.963
20211003T023626.776Z,9.4694,3.4019,96.815,31.2838,1484.963
20211003T023627.811Z,9.4694,3.4019,96.814,31.2838,1484.963
20211003T023628.781Z,9.4694,3.4019,96.815,31.2838,1484.963
20211003T023629.787Z,9.4695,3.4019,96.814,31.2837,1484.963
20211003T023630.776Z,9.4695,3.40189,96.815,31.2837,1484.963
20211003T023631.849Z,9.4695,3.4019,96.815,31.2838,1484.963
20211003T023632.790Z,9.4694,3.4019,96.816,31.2838,1484.963
20211003T023633.780Z,9.4694,3.4019,96.814,31.2838,1484.963
20211003T023634.776Z,9.4695,3.4019,96.814,31.2837,1484.963
20211003T023635.785Z,9.4694,3.40191,96.814,31.2839,1484.963
20211003T023636.779Z,9.4695,3.40191,96.814,31.2839,1484.963
20211003T023637.784Z,9.4695,3.40191,96.814,31.2838,1484.963
20211003T023638.777Z,9.4695,3.40192,96.814,31.284,1484.963
20211003T023639.786Z,9.4695,3.40191,96.814,31.2839,1484.963
20211003T023640.776Z,9.4695,3.40192,96.813,31.2839,1484.963
20211003T023641.819Z,9.4695,3.40192,96.813,31.284,1484.963
20211003T023642.776Z,9.4694,3.40192,96.812,31.284,1484.963
20211003T023643.869Z,9.4695,3.40192,96.813,31.284,1484.963
20211003T023644.775Z,9.4694,3.40191,96.813,31.2839,1484.963
20211003T023645.816Z,9.4695,3.40193,96.812,31.2841,1484.963
20211003T023646.776Z,9.4694,3.40192,96.813,31.284,1484.963
20211003T023647.777Z,9.4695,3.40192,96.813,31.284,1484.963
20211003T023648.775Z,9.4695,3.40192,96.813,31.284,1484.963
20211003T023649.809Z,9.4695,3.40192,96.812,31.2839,1484.963
20211003T023650.775Z,9.4695,3.40194,96.813,31.2841,1484.963
20211003T023652.020Z,9.4694,3.40193,96.812,31.2841,1484.963
20211003T023652.775Z,9.4694,3.40193,96.813,31.2841,1484.963
20211003T023653.787Z,9.4694,3.40194,96.812,31.2842,1484.963
20211003T023654.777Z,9.4695,3.40194,96.812,31.2841,1484.963
20211003T023655.822Z,9.4695,3.40194,96.812,31.2842,1484.963
20211003T023656.789Z,9.4695,3.40194,96.811,31.2841,1484.964
20211003T023657.815Z,9.4695,3.40194,96.813,31.2842,1484.963
20211003T023658.776Z,9.4695,3.40193,96.812,31.284,1484.963
20211003T023659.813Z,9.4695,3.40194,96.813,31.2841,1484.964
20211003T023700.776Z,9.4696,3.40192,96.813,31.2839,1484.963
20211003T023701.851Z,9.4695,3.40191,96.812,31.2838,1484.963
20211003T023702.775Z,9.4695,3.4019,96.813,31.2838,1484.963
20211003T023703.868Z,9.4695,3.40192,96.812,31.2839,1484.963
20211003T023704.776Z,9.4695,3.40191,96.811,31.2838,1484.963
20211003T023705.809Z,9.4695,3.40194,96.812,31.2841,1484.963
20211003T023706.775Z,9.4696,3.40192,96.811,31.2838,1484.964
20211003T023707.814Z,9.4696,3.40192,96.812,31.2838,1484.963
20211003T023708.777Z,9.4695,3.40192,96.812,31.2839,1484.963
20211003T023709.789Z,9.4695,3.40192,96.812,31.2839,1484.963
20211003T023710.777Z,9.4696,3.4019,96.813,31.2836,1484.963
20211003T023711.816Z,9.4696,3.40191,96.812,31.2838,1484.963
20211003T023712.776Z,9.4696,3.40192,96.813,31.2838,1484.963
20211003T023713.799Z,9.4696,3.40193,96.812,31.284,1484.963
20211003T023714.780Z,9.4694,3.40192,96.812,31.2841,1484.963
20211003T023715.855Z,9.4695,3.40192,96.812,31.284,1484.963
20211003T023716.776Z,9.4695,3.40192,96.811,31.2839,1484.963
20211003T023717.790Z,9.4695,3.40191,96.811,31.2838,1484.963
20211003T023718.777Z,9.4695,3.4019,96.812,31.2838,1484.963
20211003T023719.870Z,9.4694,3.40191,96.811,31.2839,1484.963
20211003T023720.790Z,9.4695,3.40191,96.812,31.2839,1484.963
20211003T023721.790Z,9.4695,3.40191,96.813,31.2839,1484.963
20211003T023722.777Z,9.4694,3.40191,96.811,31.284,1484.963
20211003T023723.783Z,9.4695,3.40191,96.812,31.2839,1484.963
20211003T023724.776Z,9.4695,3.40191,96.812,31.2839,1484.963
20211003T023725.812Z,9.4695,3.4019,96.812,31.2838,1484.963
20211003T023726.776Z,9.4695,3.4019,96.813,31.2837,1484.963
20211003T023727.921Z,9.4694,3.40189,96.812,31.2838,1484.963
20211003T023728.978Z,9.4694,3.40189,96.811,31.2837,1484.963
20211003T023729.781Z,9.4695,3.4019,96.811,31.2838,1484.963
20211003T023730.775Z,9.4695,3.40192,96.811,31.2839,1484.963
20211003T023731.797Z,9.4695,3.40192,96.811,31.284,1484.963
20211003T023732.776Z,9.4697,3.40194,96.811,31.284,1484.964
20211003T023733.825Z,9.4696,3.40192,96.811,31.2839,1484.964
20211003T023734.777Z,9.4695,3.40193,96.811,31.284,1484.963
20211003T023735.784Z,9.4695,3.40193,96.811,31.2841,1484.963
20211003T023736.775Z,9.4694,3.40192,96.811,31.284,1484.963
20211003T023737.846Z,9.4694,3.40191,96.811,31.284,1484.963
20211003T023738.775Z,9.4695,3.40191,96.811,31.2839,1484.963
20211003T023739.836Z,9.4695,3.4019,96.811,31.2837,1484.963
20211003T023740.775Z,9.4694,3.40189,96.809,31.2837,1484.963
20211003T023741.873Z,9.4694,3.40189,96.81,31.2837,1484.962
20211003T023742.776Z,9.4694,3.4019,96.81,31.2838,1484.963
20211003T023743.809Z,9.4695,3.4019,96.81,31.2837,1484.963
20211003T023744.775Z,9.4695,3.40189,96.81,31.2836,1484.963
20211003T023745.816Z,9.4696,3.40188,96.809,31.2834,1484.963
20211003T023746.776Z,9.4696,3.40187,96.81,31.2833,1484.963
20211003T023747.875Z,9.4696,3.40187,96.81,31.2833,1484.963
20211003T023748.775Z,9.4695,3.40185,96.809,31.2832,1484.962
20211003T023749.815Z,9.4695,3.40185,96.809,31.2832,1484.962
20211003T023750.776Z,9.4695,3.40185,96.809,31.2832,1484.962
20211003T023751.782Z,9.4693,3.40185,96.809,31.2833,1484.962
20211003T023752.776Z,9.4694,3.40185,96.809,31.2834,1484.962
20211003T023753.874Z,9.4695,3.40184,96.809,31.2832,1484.962
20211003T023754.776Z,9.4695,3.40183,96.808,31.2831,1484.962
20211003T023755.824Z,9.4695,3.40182,96.808,31.2829,1484.962
20211003T023756.779Z,9.4695,3.40181,96.808,31.2828,1484.962
20211003T023757.840Z,9.4694,3.40181,96.809,31.2829,1484.961
20211003T023758.777Z,9.4694,3.40181,96.809,31.2829,1484.961
20211003T023759.860Z,9.4695,3.4018,96.809,31.2828,1484.962
20211003T023800.781Z,9.4694,3.40181,96.809,31.2829,1484.962
20211003T023801.814Z,9.4696,3.40181,96.809,31.2827,1484.962
20211003T023802.777Z,9.4695,3.40182,96.809,31.2829,1484.962
20211003T023803.837Z,9.4695,3.40182,96.81,31.283,1484.962
20211003T023804.778Z,9.4695,3.40183,96.808,31.283,1484.962
20211003T023805.858Z,9.4695,3.40181,96.81,31.2829,1484.962
20211003T023806.775Z,9.4695,3.40182,96.809,31.2829,1484.962
20211003T023807.798Z,9.4695,3.40182,96.808,31.2829,1484.962
20211003T023808.776Z,9.4697,3.40182,96.809,31.2828,1484.962
20211003T023809.820Z,9.4696,3.40183,96.809,31.283,1484.962
20211003T023810.776Z,9.4696,3.40183,96.808,31.283,1484.962
20211003T023811.817Z,9.4695,3.40184,96.808,31.2831,1484.962
20211003T023812.775Z,9.4696,3.40185,96.808,31.2832,1484.962
20211003T023813.819Z,9.4696,3.40185,96.808,31.2831,1484.963
20211003T023814.776Z,9.4696,3.40186,96.808,31.2832,1484.963
20211003T023815.801Z,9.4696,3.40187,96.807,31.2834,1484.963
20211003T023816.776Z,9.4696,3.40187,96.808,31.2833,1484.963
20211003T023817.779Z,9.4696,3.40188,96.807,31.2834,1484.963
20211003T023818.785Z,9.4697,3.40187,96.807,31.2833,1484.963
20211003T023819.778Z,9.4697,3.40188,96.807,31.2833,1484.963
20211003T023820.775Z,9.4697,3.40187,96.806,31.2833,1484.963
20211003T023821.810Z,9.4697,3.40187,96.807,31.2832,1484.963
20211003T023822.790Z,9.4698,3.40187,96.806,31.2832,1484.963
20211003T023823.876Z,9.4698,3.40188,96.805,31.2832,1484.963
20211003T023824.776Z,9.4698,3.40188,96.806,31.2833,1484.964
20211003T023825.855Z,9.4698,3.40188,96.806,31.2833,1484.963
20211003T023826.796Z,9.4698,3.40188,96.805,31.2833,1484.963
20211003T023827.815Z,9.4697,3.40187,96.805,31.2832,1484.963
20211003T023828.776Z,9.4696,3.40188,96.805,31.2834,1484.963
20211003T023829.897Z,9.4695,3.40187,96.806,31.2834,1484.963
20211003T023830.776Z,9.4697,3.40188,96.805,31.2834,1484.963
20211003T023831.815Z,9.4697,3.40188,96.804,31.2834,1484.963
20211003T023832.777Z,9.4695,3.40188,96.804,31.2835,1484.963
20211003T023833.823Z,9.4695,3.40188,96.804,31.2835,1484.963
20211003T023834.805Z,9.4695,3.40188,96.805,31.2835,1484.963
20211003T023835.784Z,9.4695,3.40188,96.804,31.2835,1484.963
20211003T023836.776Z,9.4696,3.40188,96.803,31.2835,1484.963
20211003T023837.789Z,9.4695,3.40187,96.804,31.2834,1484.963
20211003T023838.775Z,9.4696,3.40187,96.805,31.2833,1484.963
20211003T023839.818Z,9.4696,3.40187,96.803,31.2834,1484.963
20211003T023840.776Z,9.4697,3.40188,96.804,31.2834,1484.963
20211003T023841.781Z,9.4698,3.40188,96.804,31.2833,1484.963
20211003T023842.779Z,9.4696,3.40189,96.804,31.2835,1484.963
20211003T023843.844Z,9.4697,3.4019,96.803,31.2836,1484.963
20211003T023844.776Z,9.4697,3.4019,96.803,31.2836,1484.963
20211003T023845.781Z,9.4696,3.4019,96.804,31.2837,1484.963
20211003T023846.776Z,9.4695,3.40191,96.803,31.2838,1484.963
20211003T023847.791Z,9.4697,3.40192,96.804,31.2838,1484.964
20211003T023848.777Z,9.4696,3.40192,96.804,31.2839,1484.963
20211003T023849.780Z,9.4695,3.40191,96.803,31.2838,1484.963
20211003T023850.778Z,9.4695,3.40193,96.803,31.2841,1484.963
20211003T023851.853Z,9.4696,3.40194,96.803,31.284,1484.964
20211003T023852.776Z,9.4696,3.40196,96.803,31.2843,1484.964
20211003T023853.834Z,9.4696,3.40196,96.803,31.2842,1484.964
20211003T023854.777Z,9.4695,3.40197,96.803,31.2844,1484.964
20211003T023855.813Z,9.4696,3.40194,96.803,31.2841,1484.964
20211003T023856.776Z,9.4696,3.40196,96.802,31.2842,1484.964
20211003T023857.778Z,9.4695,3.40196,96.802,31.2843,1484.963
20211003T023858.790Z,9.4696,3.40195,96.802,31.2842,1484.964
20211003T023859.813Z,9.4696,3.40197,96.802,31.2844,1484.964
20211003T023900.776Z,9.4695,3.40196,96.803,31.2843,1484.964
20211003T023901.832Z,9.4695,3.40198,96.803,31.2846,1484.964
20211003T023902.776Z,9.4695,3.40198,96.803,31.2845,1484.964
20211003T023903.790Z,9.4695,3.40197,96.803,31.2845,1484.964
20211003T023904.776Z,9.4695,3.40197,96.802,31.2844,1484.964
20211003T023905.808Z,9.4695,3.40197,96.802,31.2844,1484.964
20211003T023906.775Z,9.4695,3.40195,96.803,31.2843,1484.963
20211003T023907.784Z,9.4695,3.40196,96.803,31.2843,1484.964
20211003T023908.775Z,9.4695,3.40196,96.803,31.2843,1484.964
20211003T023909.808Z,9.4697,3.40194,96.802,31.284,1484.964
20211003T023910.776Z,9.4698,3.40193,96.803,31.2839,1484.964
20211003T023911.807Z,9.4697,3.40192,96.803,31.2838,1484.964
20211003T023912.776Z,9.4697,3.4019,96.803,31.2836,1484.963
20211003T023913.827Z,9.4697,3.40191,96.801,31.2837,1484.963
20211003T023914.775Z,9.4696,3.4019,96.803,31.2837,1484.963
20211003T023915.781Z,9.4696,3.40191,96.802,31.2837,1484.963
20211003T023916.776Z,9.4697,3.4019,96.803,31.2835,1484.963
20211003T023917.818Z,9.4696,3.4019,96.803,31.2836,1484.963
20211003T023918.777Z,9.4696,3.40189,96.803,31.2836,1484.963
20211003T023919.780Z,9.4695,3.4019,96.803,31.2837,1484.963
20211003T023920.777Z,9.4695,3.40188,96.803,31.2835,1484.963
20211003T023922.008Z,9.4694,3.40188,96.803,31.2837,1484.962
20211003T023922.790Z,9.4695,3.4019,96.803,31.2837,1484.963
20211003T023923.777Z,9.4695,3.40189,96.803,31.2837,1484.963
20211003T023924.775Z,9.4695,3.40189,96.804,31.2837,1484.963
20211003T023925.820Z,9.4694,3.40189,96.804,31.2838,1484.963
20211003T023926.777Z,9.4695,3.40189,96.803,31.2837,1484.963
20211003T023927.793Z,9.4694,3.4019,96.803,31.2838,1484.963
20211003T023928.779Z,9.4694,3.4019,96.803,31.2839,1484.963
20211003T023929.787Z,9.4694,3.4019,96.803,31.2838,1484.963
20211003T023930.775Z,9.4694,3.4019,96.803,31.2839,1484.963
20211003T023931.802Z,9.4694,3.4019,96.804,31.2838,1484.963
20211003T023932.776Z,9.4693,3.4019,96.804,31.2839,1484.962
20211003T023933.808Z,9.4694,3.4019,96.804,31.2838,1484.963
20211003T023934.776Z,9.4694,3.4019,96.803,31.2838,1484.963
20211003T023935.807Z,9.4694,3.40192,96.803,31.284,1484.963
20211003T023936.778Z,9.4695,3.40191,96.803,31.2839,1484.963
20211003T023937.808Z,9.4696,3.40193,96.803,31.284,1484.963
20211003T023938.775Z,9.4697,3.40195,96.802,31.284,1484.964
20211003T023939.818Z,9.4696,3.40194,96.803,31.2841,1484.964
20211003T023940.776Z,9.4696,3.40196,96.802,31.2842,1484.964
20211003T023941.816Z,9.4697,3.40194,96.802,31.2839,1484.964
20211003T023942.776Z,9.4697,3.40196,96.802,31.2842,1484.964
20211003T023943.781Z,9.4696,3.40195,96.802,31.2841,1484.964
20211003T023944.775Z,9.4695,3.40195,96.801,31.2843,1484.963
20211003T023945.874Z,9.4695,3.40196,96.801,31.2843,1484.963
20211003T023946.776Z,9.4696,3.40195,96.801,31.2841,1484.964
20211003T023947.891Z,9.4696,3.40195,96.802,31.2841,1484.964
20211003T023948.775Z,9.4697,3.40193,96.801,31.2839,1484.964
20211003T023949.801Z,9.4696,3.40193,96.801,31.284,1484.963
20211003T023950.776Z,9.4695,3.40192,96.801,31.284,1484.963
20211003T023951.817Z,9.4695,3.40192,96.8,31.2839,1484.963
20211003T023952.777Z,9.4695,3.40191,96.801,31.2838,1484.963
20211003T023953.817Z,9.4695,3.4019,96.8,31.2837,1484.963
20211003T023954.776Z,9.4694,3.4019,96.8,31.2839,1484.963
20211003T023955.793Z,9.4694,3.4019,96.799,31.2838,1484.962
20211003T023956.776Z,9.4695,3.4019,96.8,31.2837,1484.963
20211003T023957.784Z,9.4696,3.4019,96.8,31.2837,1484.963
20211003T023958.776Z,9.4695,3.4019,96.8,31.2837,1484.963
20211003T023959.778Z,9.4695,3.40189,96.8,31.2836,1484.963
20211003T024000.776Z,9.4696,3.40188,96.799,31.2835,1484.963
20211003T024001.806Z,9.4696,3.40189,96.8,31.2835,1484.963
20211003T024002.776Z,9.4696,3.40188,96.8,31.2834,1484.963
20211003T024003.834Z,9.4697,3.40189,96.799,31.2834,1484.963
20211003T024004.775Z,9.4696,3.4019,96.799,31.2836,1484.963
20211003T024005.812Z,9.4697,3.4019,96.798,31.2836,1484.963
20211003T024006.775Z,9.4695,3.40191,96.799,31.2838,1484.963
20211003T024008.121Z,9.4695,3.40191,96.799,31.2838,1484.963
20211003T024008.776Z,9.4696,3.4019,96.799,31.2837,1484.963
20211003T024009.781Z,9.4696,3.40189,96.799,31.2835,1484.963
20211003T024010.780Z,9.4697,3.40189,96.799,31.2835,1484.963
20211003T024011.835Z,9.4695,3.4019,96.799,31.2837,1484.963
20211003T024012.776Z,9.4695,3.40189,96.798,31.2837,1484.963
20211003T024013.779Z,9.4696,3.40189,96.798,31.2836,1484.963
20211003T024014.780Z,9.4695,3.40189,96.798,31.2836,1484.963
20211003T024015.816Z,9.4695,3.40189,96.797,31.2836,1484.963
20211003T024016.776Z,9.4696,3.40189,96.798,31.2835,1484.963
20211003T024017.843Z,9.4695,3.40189,96.799,31.2836,1484.963
20211003T024018.778Z,9.4695,3.40188,96.798,31.2836,1484.963
20211003T024019.784Z,9.4694,3.40188,96.798,31.2836,1484.962
20211003T024020.777Z,9.4694,3.40188,96.798,31.2836,1484.962
20211003T024021.837Z,9.4695,3.40187,96.798,31.2835,1484.962
20211003T024022.778Z,9.4695,3.40187,96.798,31.2835,1484.962
20211003T024023.864Z,9.4694,3.40188,96.797,31.2837,1484.962
20211003T024024.776Z,9.4693,3.40189,96.798,31.2838,1484.962
20211003T024025.807Z,9.4694,3.40188,96.797,31.2836,1484.962
20211003T024026.776Z,9.4695,3.4019,96.798,31.2838,1484.963
20211003T024027.804Z,9.4695,3.4019,96.798,31.2838,1484.963
20211003T024028.776Z,9.4694,3.4019,96.797,31.2838,1484.963
20211003T024029.824Z,9.4695,3.40191,96.797,31.2839,1484.963
20211003T024030.776Z,9.4695,3.40191,96.797,31.2839,1484.963
20211003T024031.829Z,9.4695,3.40192,96.796,31.284,1484.963
20211003T024032.776Z,9.4695,3.40191,96.797,31.2839,1484.963
20211003T024033.822Z,9.4693,3.4019,96.796,31.2839,1484.962
20211003T024034.775Z,9.4694,3.40191,96.797,31.284,1484.963
20211003T024035.792Z,9.4693,3.40191,96.796,31.2841,1484.962
20211003T024036.790Z,9.4695,3.40192,96.796,31.284,1484.963
20211003T024037.778Z,9.4694,3.40193,96.796,31.2842,1484.963
20211003T024038.776Z,9.4695,3.40194,96.797,31.2842,1484.963
20211003T024039.866Z,9.4695,3.40196,96.795,31.2844,1484.963
20211003T024040.775Z,9.4694,3.40196,96.796,31.2844,1484.963
20211003T024041.885Z,9.4694,3.40195,96.797,31.2844,1484.963
20211003T024042.775Z,9.4694,3.40196,96.796,31.2845,1484.963
20211003T024043.785Z,9.4695,3.40196,96.796,31.2843,1484.963
20211003T024044.776Z,9.4694,3.40197,96.796,31.2846,1484.963
20211003T024045.843Z,9.4692,3.40197,96.796,31.2847,1484.963
20211003T024046.776Z,9.4694,3.40198,96.795,31.2847,1484.963
20211003T024047.862Z,9.4694,3.40198,96.795,31.2847,1484.963
20211003T024048.776Z,9.4693,3.40197,96.796,31.2847,1484.963
20211003T024049.793Z,9.4694,3.40196,96.795,31.2845,1484.963
20211003T024050.776Z,9.4694,3.40197,96.795,31.2845,1484.963
20211003T024051.805Z,9.4693,3.40196,96.794,31.2846,1484.963
20211003T024052.776Z,9.4693,3.40198,96.795,31.2847,1484.963
20211003T024053.794Z,9.4693,3.40196,96.793,31.2846,1484.963
20211003T024054.776Z,9.4693,3.40197,96.794,31.2846,1484.963
20211003T024055.792Z,9.4693,3.40196,96.795,31.2846,1484.963
20211003T024056.781Z,9.4693,3.40196,96.794,31.2845,1484.963
20211003T024057.778Z,9.4694,3.40196,96.794,31.2844,1484.963
20211003T024058.776Z,9.4693,3.40196,96.795,31.2845,1484.963
20211003T024059.868Z,9.4691,3.40195,96.794,31.2846,1484.962
20211003T024100.794Z,9.4692,3.40194,96.794,31.2845,1484.962
20211003T024101.861Z,9.4693,3.40194,96.794,31.2843,1484.963
20211003T024102.776Z,9.4692,3.40194,96.794,31.2844,1484.962
20211003T024103.789Z,9.4694,3.40193,96.794,31.2842,1484.963
20211003T024104.778Z,9.4694,3.40194,96.794,31.2842,1484.963
20211003T024105.849Z,9.4692,3.40192,96.794,31.2843,1484.962
20211003T024106.776Z,9.4693,3.40193,96.794,31.2842,1484.962
20211003T024107.789Z,9.4694,3.4019,96.794,31.2839,1484.962
20211003T024108.777Z,9.4695,3.40189,96.794,31.2836,1484.962
20211003T024109.778Z,9.4694,3.40189,96.795,31.2838,1484.962
20211003T024110.776Z,9.4693,3.40189,96.793,31.2838,1484.962
20211003T024111.814Z,9.4693,3.40189,96.794,31.2838,1484.962
20211003T024112.776Z,9.4693,3.40188,96.794,31.2837,1484.962
20211003T024113.780Z,9.4691,3.40189,96.793,31.2841,1484.961
20211003T024114.776Z,9.469,3.4019,96.794,31.2842,1484.961
20211003T024115.785Z,9.4691,3.4019,96.792,31.2841,1484.962
20211003T024116.776Z,9.469,3.40189,96.793,31.284,1484.961
20211003T024117.844Z,9.469,3.40189,96.794,31.2841,1484.961
20211003T024118.776Z,9.4689,3.4019,96.793,31.2842,1484.961
20211003T024119.817Z,9.4689,3.4019,96.793,31.2843,1484.961
20211003T024120.776Z,9.4688,3.40189,96.793,31.2843,1484.961
20211003T024121.880Z,9.4688,3.4019,96.793,31.2843,1484.961
20211003T024122.776Z,9.4689,3.40189,96.792,31.2841,1484.961
20211003T024123.792Z,9.469,3.40189,96.793,31.2841,1484.961
20211003T024124.789Z,9.4691,3.40188,96.793,31.2839,1484.961
20211003T024125.865Z,9.4691,3.40188,96.793,31.2839,1484.961
20211003T024126.776Z,9.4689,3.40188,96.793,31.2841,1484.961
20211003T024127.801Z,9.469,3.40188,96.793,31.284,1484.961
20211003T024128.776Z,9.469,3.40187,96.793,31.2839,1484.961
20211003T024129.826Z,9.469,3.40187,96.792,31.2839,1484.961
20211003T024130.776Z,9.4691,3.40188,96.792,31.2839,1484.961
20211003T024131.830Z,9.4689,3.40187,96.793,31.284,1484.961
20211003T024132.776Z,9.4689,3.40187,96.793,31.284,1484.961
20211003T024133.778Z,9.469,3.40188,96.792,31.284,1484.961
20211003T024134.775Z,9.4689,3.4019,96.792,31.2843,1484.961
20211003T024135.781Z,9.4689,3.40188,96.792,31.2841,1484.961
20211003T024136.776Z,9.4689,3.40189,96.792,31.2842,1484.961
20211003T024137.864Z,9.4691,3.40189,96.793,31.284,1484.961
20211003T024138.776Z,9.469,3.4019,96.791,31.2842,1484.961
20211003T024139.789Z,9.4689,3.40189,96.792,31.2841,1484.961
20211003T024140.777Z,9.4691,3.40189,96.793,31.284,1484.961
20211003T024141.870Z,9.4691,3.4019,96.791,31.2841,1484.962
20211003T024142.780Z,9.4691,3.40191,96.792,31.2842,1484.962
20211003T024143.851Z,9.4691,3.40191,96.791,31.2842,1484.962
20211003T024144.777Z,9.4691,3.40192,96.792,31.2844,1484.962
20211003T024145.795Z,9.4692,3.4019,96.792,31.2841,1484.962
20211003T024146.776Z,9.4691,3.40191,96.792,31.2841,1484.962
20211003T024147.837Z,9.4691,3.40192,96.792,31.2843,1484.962
20211003T024148.775Z,9.469,3.40192,96.791,31.2844,1484.962
20211003T024149.795Z,9.4691,3.40194,96.791,31.2845,1484.962
20211003T024150.777Z,9.4692,3.40196,96.791,31.2846,1484.963
20211003T024151.778Z,9.4692,3.40196,96.791,31.2846,1484.963
20211003T024152.776Z,9.4692,3.40196,96.791,31.2846,1484.963
20211003T024153.814Z,9.4692,3.40197,96.79,31.2847,1484.963
20211003T024154.776Z,9.4693,3.40197,96.79,31.2846,1484.963
20211003T024155.875Z,9.4693,3.40197,96.79,31.2846,1484.963
20211003T024156.775Z,9.4694,3.40196,96.79,31.2845,1484.963
20211003T024157.777Z,9.4693,3.40197,96.79,31.2846,1484.963
20211003T024158.775Z,9.4693,3.40199,96.791,31.2848,1484.963
20211003T024159.815Z,9.4693,3.40197,96.79,31.2847,1484.963
20211003T024200.776Z,9.4694,3.40197,96.79,31.2846,1484.963
20211003T024201.781Z,9.4693,3.40196,96.79,31.2845,1484.963
20211003T024202.776Z,9.4693,3.40197,96.79,31.2847,1484.963
20211003T024203.837Z,9.4693,3.40199,96.79,31.2848,1484.963
20211003T024204.775Z,9.4694,3.402,96.79,31.2848,1484.964
20211003T024205.781Z,9.4694,3.40199,96.789,31.2847,1484.963
20211003T024206.776Z,9.4695,3.40199,96.789,31.2847,1484.964
20211003T024207.808Z,9.4694,3.40199,96.789,31.2847,1484.963
20211003T024208.777Z,9.4694,3.40198,96.789,31.2847,1484.963
20211003T024209.809Z,9.4693,3.402,96.789,31.2849,1484.963
20211003T024210.775Z,9.4693,3.40199,96.79,31.2848,1484.963
20211003T024211.824Z,9.4694,3.40199,96.789,31.2848,1484.963
20211003T024212.777Z,9.4693,3.40199,96.789,31.2848,1484.963
20211003T024213.799Z,9.4693,3.40199,96.789,31.2849,1484.963
20211003T024214.775Z,9.4692,3.402,96.79,31.2851,1484.963
20211003T024215.866Z,9.4692,3.402,96.789,31.285,1484.963
20211003T024216.776Z,9.4692,3.402,96.789,31.2851,1484.963
20211003T024217.881Z,9.4694,3.40201,96.789,31.285,1484.964
20211003T024218.776Z,9.4694,3.40201,96.789,31.285,1484.964
20211003T024219.810Z,9.4694,3.40201,96.789,31.285,1484.964
20211003T024220.775Z,9.4693,3.40201,96.789,31.285,1484.963
20211003T024221.788Z,9.4694,3.402,96.789,31.2849,1484.963
20211003T024222.775Z,9.4694,3.402,96.789,31.2849,1484.964
20211003T024223.868Z,9.4693,3.40199,96.788,31.2848,1484.963
20211003T024224.776Z,9.4694,3.402,96.789,31.2849,1484.964
20211003T024225.919Z,9.4694,3.402,96.788,31.2848,1484.964
20211003T024226.776Z,9.4694,3.40199,96.789,31.2848,1484.964
20211003T024227.827Z,9.4694,3.40199,96.789,31.2848,1484.963
20211003T024228.780Z,9.4694,3.40198,96.788,31.2847,1484.963
20211003T024229.816Z,9.4694,3.40197,96.789,31.2846,1484.963
20211003T024230.775Z,9.4694,3.40197,96.788,31.2845,1484.963
20211003T024231.843Z,9.4693,3.40197,96.789,31.2847,1484.963
20211003T024232.777Z,9.4692,3.40197,96.789,31.2848,1484.963
20211003T024233.870Z,9.4693,3.40196,96.788,31.2845,1484.963
20211003T024234.776Z,9.4692,3.40197,96.788,31.2847,1484.963
20211003T024235.836Z,9.4693,3.40197,96.788,31.2846,1484.963
20211003T024236.778Z,9.4694,3.40196,96.789,31.2845,1484.963
20211003T024237.812Z,9.4695,3.40199,96.788,31.2846,1484.964
20211003T024238.776Z,9.4695,3.40198,96.788,31.2845,1484.964
20211003T024239.825Z,9.4693,3.40197,96.788,31.2846,1484.963
20211003T024240.775Z,9.4695,3.40198,96.788,31.2846,1484.963
20211003T024241.896Z,9.4695,3.40198,96.788,31.2845,1484.964
20211003T024242.775Z,9.4695,3.40199,96.788,31.2847,1484.964
20211003T024243.838Z,9.4695,3.40199,96.788,31.2847,1484.964
20211003T024244.774Z,9.4695,3.402,96.787,31.2847,1484.964
20211003T024245.783Z,9.4694,3.402,96.787,31.2848,1484.964
20211003T024246.774Z,9.4695,3.40199,96.788,31.2846,1484.964
20211003T024247.820Z,9.4695,3.40198,96.786,31.2845,1484.963
20211003T024248.776Z,9.4695,3.40199,96.787,31.2847,1484.964
20211003T024249.798Z,9.4695,3.40199,96.786,31.2846,1484.964
20211003T024250.776Z,9.4694,3.40199,96.787,31.2847,1484.963
20211003T024251.781Z,9.4694,3.40199,96.786,31.2847,1484.963
20211003T024252.775Z,9.4693,3.40198,96.785,31.2848,1484.963
20211003T024253.783Z,9.4693,3.402,96.786,31.2849,1484.963
20211003T024254.775Z,9.4694,3.40199,96.786,31.2848,1484.963
20211003T024255.825Z,9.4694,3.40199,96.785,31.2847,1484.963
20211003T024256.776Z,9.4695,3.40199,96.785,31.2847,1484.963
20211003T024257.780Z,9.4695,3.402,96.785,31.2848,1484.964
20211003T024258.776Z,9.4694,3.40199,96.785,31.2848,1484.963
20211003T024259.782Z,9.4695,3.40199,96.785,31.2847,1484.963
20211003T024300.776Z,9.4696,3.402,96.785,31.2847,1484.964
20211003T024301.782Z,9.4695,3.402,96.785,31.2847,1484.964
20211003T024302.789Z,9.4694,3.402,96.786,31.2848,1484.963
20211003T024303.804Z,9.4694,3.40199,96.785,31.2848,1484.963
20211003T024304.775Z,9.4695,3.402,96.785,31.2847,1484.964
20211003T024305.778Z,9.4695,3.402,96.785,31.2848,1484.964
20211003T024306.776Z,9.4695,3.40201,96.785,31.285,1484.964
20211003T024307.806Z,9.4694,3.402,96.783,31.2849,1484.964
20211003T024308.775Z,9.4695,3.40201,96.784,31.2849,1484.964
20211003T024309.791Z,9.4695,3.40202,96.784,31.285,1484.964
20211003T024310.779Z,9.4695,3.40201,96.784,31.2849,1484.964
20211003T024311.844Z,9.4695,3.402,96.786,31.2848,1484.964
20211003T024312.775Z,9.4696,3.40202,96.784,31.2849,1484.964
20211003T024313.863Z,9.4695,3.40201,96.785,31.2849,1484.964
20211003T024314.779Z,9.4695,3.40201,96.784,31.2849,1484.964
20211003T024315.851Z,9.4696,3.40201,96.785,31.2847,1484.964
20211003T024316.775Z,9.4696,3.40201,96.785,31.2847,1484.964
20211003T024317.808Z,9.4697,3.402,96.785,31.2846,1484.964
20211003T024318.777Z,9.4697,3.402,96.784,31.2846,1484.964
20211003T024319.828Z,9.4695,3.402,96.785,31.2848,1484.964
20211003T024320.776Z,9.4695,3.40198,96.785,31.2846,1484.964
20211003T024321.831Z,9.4695,3.40199,96.785,31.2847,1484.964
20211003T024322.777Z,9.4697,3.402,96.785,31.2846,1484.964
20211003T024323.865Z,9.4698,3.40199,96.785,31.2844,1484.964
20211003T024324.775Z,9.4698,3.40198,96.785,31.2843,1484.964
20211003T024325.808Z,9.4696,3.40199,96.785,31.2846,1484.964
20211003T024326.789Z,9.4697,3.402,96.785,31.2846,1484.964
20211003T024327.786Z,9.4698,3.40201,96.785,31.2846,1484.965
20211003T024328.775Z,9.4697,3.402,96.785,31.2846,1484.964
20211003T024329.824Z,9.4699,3.40201,96.785,31.2845,1484.965
20211003T024330.778Z,9.47,3.40201,96.785,31.2844,1484.965
20211003T024331.825Z,9.4698,3.402,96.785,31.2845,1484.965
20211003T024332.776Z,9.4698,3.402,96.784,31.2845,1484.965
20211003T024333.851Z,9.4698,3.40201,96.785,31.2846,1484.965
20211003T024334.777Z,9.4699,3.402,96.785,31.2845,1484.965
20211003T024335.781Z,9.4699,3.402,96.784,31.2845,1484.965
20211003T024336.775Z,9.4698,3.40201,96.785,31.2846,1484.965
20211003T024337.784Z,9.4698,3.402,96.784,31.2846,1484.964
20211003T024338.775Z,9.4698,3.40201,96.785,31.2846,1484.965
20211003T024339.779Z,9.4697,3.40201,96.784,31.2847,1484.964
20211003T024340.775Z,9.4697,3.40201,96.785,31.2847,1484.964
20211003T024341.805Z,9.4697,3.40201,96.784,31.2847,1484.964
20211003T024342.775Z,9.4697,3.40201,96.784,31.2847,1484.965
20211003T024343.833Z,9.4697,3.40202,96.785,31.2848,1484.965
20211003T024344.776Z,9.4697,3.40202,96.783,31.2848,1484.964
20211003T024345.826Z,9.4696,3.40201,96.784,31.2848,1484.964
20211003T024346.775Z,9.4697,3.40202,96.783,31.2848,1484.964
20211003T024347.839Z,9.4698,3.40201,96.784,31.2847,1484.965
20211003T024348.776Z,9.4697,3.40201,96.784,31.2847,1484.964
20211003T024349.876Z,9.4697,3.40203,96.784,31.2849,1484.965
20211003T024350.776Z,9.4697,3.40202,96.783,31.2848,1484.965
20211003T024351.791Z,9.4696,3.40202,96.782,31.2849,1484.964
20211003T024352.776Z,9.4696,3.40202,96.784,31.2849,1484.964
20211003T024353.781Z,9.4697,3.40203,96.784,31.2849,1484.965
20211003T024354.777Z,9.4697,3.40204,96.783,31.285,1484.965
20211003T024355.850Z,9.4695,3.40203,96.783,31.285,1484.964
20211003T024356.779Z,9.4695,3.40203,96.783,31.2851,1484.964
20211003T024357.807Z,9.4695,3.40204,96.783,31.2851,1484.964
20211003T024358.776Z,9.4696,3.40204,96.783,31.2851,1484.964
20211003T024359.783Z,9.4695,3.40203,96.783,31.2851,1484.964
20211003T024400.777Z,9.4694,3.40203,96.783,31.2852,1484.964
20211003T024401.805Z,9.4695,3.40203,96.783,31.2851,1484.964
20211003T024402.779Z,9.4695,3.40203,96.784,31.285,1484.964
20211003T024403.853Z,9.4696,3.40204,96.784,31.285,1484.965
20211003T024404.785Z,9.4695,3.40204,96.783,31.2851,1484.964
20211003T024405.798Z,9.4695,3.40204,96.783,31.2851,1484.964
20211003T024406.780Z,9.4696,3.40204,96.784,31.2851,1484.965
20211003T024407.783Z,9.4696,3.40204,96.784,31.2851,1484.964
20211003T024408.783Z,9.4696,3.40204,96.783,31.2851,1484.965
20211003T024409.804Z,9.4697,3.40204,96.784,31.285,1484.965
20211003T024410.782Z,9.4696,3.40204,96.783,31.2851,1484.964
20211003T024411.832Z,9.4697,3.40204,96.784,31.285,1484.965
20211003T024412.780Z,9.4698,3.40203,96.783,31.2848,1484.965
20211003T024413.871Z,9.4697,3.40203,96.784,31.2849,1484.965
20211003T024414.781Z,9.4696,3.40205,96.783,31.2852,1484.964
20211003T024415.821Z,9.4696,3.40203,96.783,31.285,1484.964
20211003T024416.782Z,9.4698,3.40203,96.784,31.2849,1484.965
20211003T024417.793Z,9.4697,3.40204,96.783,31.285,1484.965
20211003T024418.782Z,9.4697,3.40205,96.784,31.2851,1484.965
20211003T024419.912Z,9.4696,3.40206,96.784,31.2852,1484.965
20211003T024420.783Z,9.4695,3.40204,96.785,31.2851,1484.964
20211003T024421.810Z,9.4695,3.40204,96.784,31.2852,1484.964
20211003T024422.781Z,9.4696,3.40206,96.784,31.2853,1484.965
20211003T024423.903Z,9.4697,3.40206,96.783,31.2852,1484.965
20211003T024424.783Z,9.4697,3.40205,96.784,31.2851,1484.965
20211003T024425.798Z,9.4694,3.40205,96.784,31.2854,1484.964
20211003T024426.783Z,9.4694,3.40205,96.784,31.2854,1484.964
20211003T024427.812Z,9.4695,3.40206,96.785,31.2854,1484.965
20211003T024428.781Z,9.4695,3.40206,96.783,31.2854,1484.965
20211003T024429.840Z,9.4696,3.40207,96.783,31.2854,1484.965
20211003T024430.781Z,9.4696,3.40207,96.783,31.2854,1484.965
20211003T024431.786Z,9.4696,3.40207,96.783,31.2854,1484.965
20211003T024432.780Z,9.4695,3.40206,96.784,31.2853,1484.965
20211003T024433.802Z,9.4695,3.40206,96.783,31.2854,1484.964
20211003T024434.780Z,9.4696,3.40207,96.784,31.2854,1484.965
20211003T024435.813Z,9.4697,3.40206,96.783,31.2853,1484.965
20211003T024436.780Z,9.4698,3.40206,96.783,31.2852,1484.965
20211003T024437.819Z,9.4697,3.40207,96.783,31.2853,1484.965
20211003T024438.782Z,9.4697,3.40206,96.783,31.2853,1484.965
20211003T024439.846Z,9.4697,3.40207,96.783,31.2853,1484.965
20211003T024440.782Z,9.4698,3.40208,96.782,31.2853,1484.966
20211003T024441.853Z,9.4698,3.40207,96.783,31.2852,1484.966
20211003T024442.787Z,9.4697,3.40208,96.782,31.2854,1484.965
20211003T024443.796Z,9.4694,3.40207,96.783,31.2856,1484.964
20211003T024444.782Z,9.4695,3.40207,96.782,31.2856,1484.965
20211003T024445.804Z,9.4696,3.40208,96.782,31.2855,1484.965
20211003T024446.783Z,9.4695,3.40207,96.782,31.2855,1484.965
20211003T024447.786Z,9.4695,3.40208,96.782,31.2856,1484.965
20211003T024448.782Z,9.4695,3.40209,96.781,31.2857,1484.965
20211003T024449.794Z,9.4695,3.40208,96.781,31.2856,1484.965
20211003T024450.784Z,9.4696,3.40208,96.782,31.2855,1484.965
20211003T024451.860Z,9.4696,3.40208,96.78,31.2855,1484.965
20211003T024452.781Z,9.4696,3.40208,96.781,31.2855,1484.965
20211003T024453.819Z,9.4695,3.40208,96.781,31.2856,1484.965
20211003T024454.782Z,9.4695,3.40208,96.78,31.2855,1484.965
20211003T024456.011Z,9.4696,3.40208,96.78,31.2855,1484.965
20211003T024456.782Z,9.4695,3.40208,96.78,31.2855,1484.965
20211003T024457.834Z,9.4696,3.40208,96.779,31.2854,1484.965
20211003T024458.782Z,9.4695,3.40207,96.78,31.2855,1484.965
20211003T024459.819Z,9.4696,3.40208,96.78,31.2855,1484.965
20211003T024500.782Z,9.4696,3.40209,96.78,31.2856,1484.965
20211003T024501.797Z,9.4697,3.40209,96.779,31.2855,1484.965
20211003T024502.782Z,9.4698,3.40209,96.779,31.2854,1484.966
20211003T024503.789Z,9.4698,3.40209,96.779,31.2854,1484.966
20211003T024504.795Z,9.4697,3.40209,96.779,31.2855,1484.965
20211003T024505.816Z,9.4699,3.40209,96.778,31.2854,1484.966
20211003T024506.781Z,9.4699,3.40209,96.779,31.2853,1484.966
20211003T024507.833Z,9.4698,3.4021,96.778,31.2855,1484.966
20211003T024508.782Z,9.4698,3.40208,96.778,31.2853,1484.966
20211003T024509.886Z,9.4698,3.40209,96.778,31.2854,1484.966
20211003T024510.783Z,9.4698,3.40209,96.779,31.2854,1484.966
20211003T024511.807Z,9.4698,3.4021,96.778,31.2855,1484.966
20211003T024512.782Z,9.4698,3.40211,96.778,31.2856,1484.966
20211003T024513.873Z,9.4697,3.4021,96.779,31.2857,1484.965
20211003T024514.782Z,9.4699,3.4021,96.779,31.2855,1484.966
20211003T024515.848Z,9.4698,3.4021,96.778,31.2855,1484.966
20211003T024516.783Z,9.4699,3.4021,96.779,31.2854,1484.966
20211003T024517.845Z,9.4698,3.40211,96.778,31.2856,1484.966
20211003T024518.781Z,9.4698,3.40211,96.778,31.2855,1484.966
20211003T024519.824Z,9.4698,3.40211,96.778,31.2857,1484.966
20211003T024520.781Z,9.4699,3.4021,96.778,31.2855,1484.966
20211003T024521.791Z,9.4699,3.40211,96.779,31.2855,1484.966
20211003T024522.782Z,9.4698,3.40212,96.778,31.2857,1484.966
20211003T024523.859Z,9.4698,3.4021,96.779,31.2855,1484.966
20211003T024524.783Z,9.4697,3.40211,96.778,31.2857,1484.965
20211003T024525.821Z,9.4698,3.40211,96.778,31.2857,1484.966
20211003T024526.782Z,9.47,3.40212,96.778,31.2856,1484.966
20211003T024527.848Z,9.47,3.40212,96.778,31.2856,1484.967
20211003T024528.799Z,9.4699,3.40211,96.779,31.2856,1484.966
20211003T024529.811Z,9.47,3.40212,96.779,31.2856,1484.966
20211003T024530.782Z,9.4698,3.40213,96.778,31.2858,1484.966
20211003T024531.785Z,9.4697,3.40211,96.779,31.2858,1484.966
20211003T024532.783Z,9.4698,3.40211,96.78,31.2857,1484.966
20211003T024533.794Z,9.4697,3.40212,96.779,31.2859,1484.966
20211003T024534.782Z,9.4695,3.40211,96.778,31.2859,1484.965
20211003T024535.841Z,9.4695,3.40212,96.779,31.286,1484.965
20211003T024536.783Z,9.4695,3.40213,96.779,31.286,1484.965
20211003T024537.791Z,9.4695,3.40212,96.778,31.286,1484.965
20211003T024538.783Z,9.4695,3.40212,96.778,31.286,1484.965
20211003T024539.800Z,9.4696,3.40211,96.779,31.2859,1484.965
20211003T024540.782Z,9.4696,3.40212,96.779,31.2859,1484.965
20211003T024541.799Z,9.4695,3.40212,96.779,31.286,1484.965
20211003T024542.783Z,9.4695,3.40212,96.779,31.286,1484.965
20211003T024543.788Z,9.4695,3.40213,96.779,31.286,1484.965
20211003T024544.781Z,9.4695,3.40211,96.779,31.2859,1484.965
20211003T024545.784Z,9.4695,3.40212,96.778,31.286,1484.965
20211003T024546.781Z,9.4695,3.40213,96.778,31.2861,1484.965
20211003T024547.784Z,9.4696,3.40212,96.778,31.2859,1484.965
20211003T024548.782Z,9.4696,3.40213,96.778,31.286,1484.965
20211003T024549.851Z,9.4695,3.40213,96.777,31.286,1484.965
20211003T024550.783Z,9.4697,3.40213,96.779,31.2859,1484.966
20211003T024551.852Z,9.4697,3.40213,96.778,31.2859,1484.966
20211003T024552.796Z,9.4699,3.40213,96.778,31.2858,1484.966
20211003T024553.868Z,9.47,3.40213,96.778,31.2857,1484.967
20211003T024554.783Z,9.4698,3.40213,96.777,31.2858,1484.966
20211003T024555.811Z,9.4697,3.40213,96.778,31.2859,1484.966
20211003T024556.782Z,9.4697,3.40213,96.777,31.2859,1484.966
20211003T024557.785Z,9.4698,3.40213,96.778,31.2858,1484.966
20211003T024558.782Z,9.4697,3.40211,96.777,31.2858,1484.966
20211003T024559.787Z,9.4697,3.40212,96.779,31.2858,1484.966
20211003T024600.783Z,9.4698,3.40213,96.778,31.2859,1484.966
20211003T024601.837Z,9.4697,3.40212,96.778,31.2858,1484.966
20211003T024602.782Z,9.4698,3.40213,96.777,31.2858,1484.966
20211003T024603.827Z,9.4696,3.40213,96.777,31.2859,1484.966
20211003T024604.782Z,9.4695,3.40214,96.777,31.2861,1484.965
20211003T024605.805Z,9.4696,3.40214,96.776,31.2861,1484.965
20211003T024606.783Z,9.4695,3.40213,96.777,31.2861,1484.965
20211003T024607.785Z,9.4695,3.40213,96.777,31.286,1484.965
20211003T024608.783Z,9.4698,3.40214,96.776,31.2859,1484.966
20211003T024609.793Z,9.4697,3.40214,96.777,31.286,1484.966
20211003T024610.786Z,9.4696,3.40213,96.776,31.286,1484.966
20211003T024611.787Z,9.4696,3.40213,96.777,31.286,1484.965
20211003T024612.783Z,9.4697,3.40213,96.777,31.2859,1484.966
20211003T024613.808Z,9.4695,3.40212,96.777,31.2859,1484.965
20211003T024614.786Z,9.4695,3.40211,96.777,31.2858,1484.965
20211003T024615.802Z,9.4697,3.4021,96.776,31.2856,1484.965
20211003T024616.781Z,9.4697,3.4021,96.776,31.2857,1484.965
20211003T024617.827Z,9.4697,3.4021,96.776,31.2857,1484.965
20211003T024618.785Z,9.4697,3.40209,96.777,31.2855,1484.965
20211003T024619.804Z,9.4697,3.4021,96.776,31.2856,1484.965
20211003T024620.783Z,9.4697,3.4021,96.776,31.2856,1484.965
20211003T024621.786Z,9.4698,3.40211,96.777,31.2855,1484.966
20211003T024622.783Z,9.4697,3.40209,96.776,31.2856,1484.965
20211003T024623.794Z,9.4697,3.40209,96.776,31.2856,1484.965
20211003T024624.790Z,9.4697,3.4021,96.776,31.2856,1484.965
20211003T024625.929Z,9.4697,3.40209,96.776,31.2856,1484.965
20211003T024626.782Z,9.4697,3.4021,96.775,31.2856,1484.965
20211003T024627.825Z,9.4698,3.4021,96.777,31.2855,1484.966
20211003T024628.795Z,9.4698,3.4021,96.776,31.2855,1484.966
20211003T024629.841Z,9.4698,3.4021,96.776,31.2856,1484.966
20211003T024630.781Z,9.4697,3.40211,96.775,31.2857,1484.965
20211003T024631.785Z,9.4698,3.4021,96.776,31.2856,1484.966
20211003T024632.801Z,9.4698,3.4021,96.775,31.2856,1484.966
20211003T024633.795Z,9.4698,3.40211,96.776,31.2856,1484.966
20211003T024634.783Z,9.4696,3.40211,96.776,31.2858,1484.965
20211003T024635.789Z,9.4695,3.4021,96.775,31.2858,1484.965
20211003T024636.807Z,9.4695,3.4021,96.775,31.2858,1484.965
20211003T024637.831Z,9.4695,3.4021,96.775,31.2858,1484.965
20211003T024638.783Z,9.4696,3.40209,96.775,31.2856,1484.965
20211003T024639.812Z,9.4695,3.40209,96.776,31.2857,1484.965
